<?xml version="1.0" encoding="UTF-8"?>
<kml xmlns="http://www.opengis.net/kml/2.2">
<Document>
  <Style id="placemark-red">
    <IconStyle>
      <color>FF231BE5</color>
      <Icon><href>https://omaps.app/placemarks/placemark-red.png</href></Icon>
    </IconStyle>
  </Style>
  <Style id="placemark-blue">
    <IconStyle>
      <color>FFCC6600</color>
      <Icon><href>https://omaps.app/placemarks/placemark-blue.png</href></Icon>
    </IconStyle>
  </Style>
  <Style id="placemark-purple">
    <IconStyle>
      <color>FFB2249B</color>
      <Icon><href>https://omaps.app/placemarks/placemark-purple.png</href></Icon>
    </IconStyle>
  </Style>
  <Style id="placemark-yellow">
    <IconStyle>
      <color>FF00C8FF</color>
      <Icon><href>https://omaps.app/placemarks/placemark-yellow.png</href></Icon>
    </IconStyle>
  </Style>
  <Style id="placemark-pink">
    <IconStyle>
      <color>FF8241FF</color>
      <Icon><href>https://omaps.app/placemarks/placemark-pink.png</href></Icon>
    </IconStyle>
  </Style>
  <Style id="placemark-brown">
    <IconStyle>
      <color>FF334680</color>
      <Icon><href>https://omaps.app/placemarks/placemark-brown.png</href></Icon>
    </IconStyle>
  </Style>
  <Style id="placemark-green">
    <IconStyle>
      <color>FF3C8C3C</color>
      <Icon><href>https://omaps.app/placemarks/placemark-green.png</href></Icon>
    </IconStyle>
  </Style>
  <Style id="placemark-orange">
    <IconStyle>
      <color>FF0096FF</color>
      <Icon><href>https://omaps.app/placemarks/placemark-orange.png</href></Icon>
    </IconStyle>
  </Style>
  <Style id="placemark-deeppurple">
    <IconStyle>
      <color>FFBF3966</color>
      <Icon><href>https://omaps.app/placemarks/placemark-deeppurple.png</href></Icon>
    </IconStyle>
  </Style>
  <Style id="placemark-lightblue">
    <IconStyle>
      <color>FFF29C24</color>
      <Icon><href>https://omaps.app/placemarks/placemark-lightblue.png</href></Icon>
    </IconStyle>
  </Style>
  <Style id="placemark-cyan">
    <IconStyle>
      <color>FFCDBE14</color>
      <Icon><href>https://omaps.app/placemarks/placemark-cyan.png</href></Icon>
    </IconStyle>
  </Style>
  <Style id="placemark-teal">
    <IconStyle>
      <color>FF8CA500</color>
      <Icon><href>https://omaps.app/placemarks/placemark-teal.png</href></Icon>
    </IconStyle>
  </Style>
  <Style id="placemark-lime">
    <IconStyle>
      <color>FF39BF93</color>
      <Icon><href>https://omaps.app/placemarks/placemark-lime.png</href></Icon>
    </IconStyle>
  </Style>
  <Style id="placemark-deeporange">
    <IconStyle>
      <color>FF3264F0</color>
      <Icon><href>https://omaps.app/placemarks/placemark-deeporange.png</href></Icon>
    </IconStyle>
  </Style>
  <Style id="placemark-gray">
    <IconStyle>
      <color>FF737373</color>
      <Icon><href>https://omaps.app/placemarks/placemark-gray.png</href></Icon>
    </IconStyle>
  </Style>
  <Style id="placemark-bluegray">
    <IconStyle>
      <color>FF807359</color>
      <Icon><href>https://omaps.app/placemarks/placemark-bluegray.png</href></Icon>
    </IconStyle>
  </Style>
  <Style id="line-trail">
    <LineStyle>
      <color>FF0C59E8</color>
      <width>4</width>
    </LineStyle>
  </Style>
  <name>Alpine MTB Map</name>
  <description><![CDATA[Lift-served mountain-bike spots across the Alps and the Jura, down to the Mercantour above Nice, plus a handful of the world's best-known parks further afield. Each main pin gives what it costs to get up, what the trails are like, and how long it takes to get there - from whichever city a rider would actually start from. Blue pins are purpose-built bike parks, dark green pins are natural lift-served spots, and brown pins are the ones you pedal up. A few spots stay ridable in winter. Lines are trail geometries from OpenStreetMap (ODbL) - treat them as indicative, not as a substitute for on-site signage. Compiled July 2026.]]></description>
  <visibility>1</visibility>
  <Placemark>
    <name>St-Cergue / La Dôle (Jura vaudois) [train fare only]</name>
    <description><![CDATA[<b>La Givrine (top of the NStCM train)</b><br/><br/><b>Trails</b><br/>The closest real singletrack riding to Lausanne. Three marked descents drop off the Jura crest back towards Arzier and St-Cergue: Mont Chaubert, Mont Bailly (plus an eastern variant) and La Plagne. Rooty, rocky, north-facing forest trails, short (1-2 km each) but you can chain them and pedal back up in 20-30 min, or reload with the train. Dry quickly, ridable from April to November - the best shoulder-season option on this map.<br/><br/><b>Getting up / price</b><br/>No lift needed: the train is the climb (Nyon 400 m > La Givrine 1228 m). Normal CFF/NStCM fare, plus a bike ticket - the national day bike pass is about 14 CHF (bikes are carried on the NStCM, space is limited at peak times).<br/><br/><b>Open season</b><br/>Open from 1 April; closed from 1 December (typical window; check the operator and conditions).<br/><br/><b>Access</b><table class="access"><tr><th>From</th><th>Transport</th><th>Duration</th></tr><tr><td>Lausanne</td><td>Train</td><td>~1h05</td></tr></table><br/><i>Source: <a href="https://www.nstcm.ch/">NStCM railway</a>. Prices, schedules, trail status and access can change; verify before travel.</i>]]></description>
    <styleUrl>#placemark-green</styleUrl>
    <Point><coordinates>6.111707,46.454526,0</coordinates></Point>
    <ExtendedData xmlns:mwm="https://omaps.app">
      <Data name="spot"><value>stcergue</value></Data>
      <Data name="tags"><value>expert natural</value></Data>
      <Data name="open_from"><value>04-01</value></Data>
      <Data name="closed_from"><value>12-01</value></Data>
      <mwm:icon>Mountain</mwm:icon>
      <mwm:visibility>1</mwm:visibility>
    </ExtendedData>
  </Placemark>
  <Placemark>
    <name>St-Cergue: St-Cergue station (NStCM)</name>
    <styleUrl>#placemark-gray</styleUrl>
    <Point><coordinates>6.160171,46.448486,0</coordinates></Point>
    <ExtendedData xmlns:mwm="https://omaps.app">
      <Data name="spot"><value>stcergue</value></Data>
      <Data name="tags"><value>expert natural</value></Data>
      <mwm:icon>Transport</mwm:icon>
      <mwm:visibility>1</mwm:visibility>
    </ExtendedData>
  </Placemark>
  <Placemark>
    <name>St-Cergue: Descente du Mont Chaubert</name>
    <description><![CDATA[1.1 km. Geometry from OpenStreetMap relation 13041266 (ODbL) - indicative only, follow the signs on the ground.]]></description>
    <styleUrl>#line-trail</styleUrl>
    <LineString><tessellate>1</tessellate>
      <coordinates>6.275959,46.518879,0 6.277417,46.518720,0 6.277591,46.517946,0 6.278337,46.517379,0 6.278849,46.517178,0 6.279381,46.517326,0 6.280057,46.516821,0 6.279812,46.516276,0 6.280173,46.515890,0 6.280142,46.515700,0 6.279550,46.514485,0 6.279971,46.514269,0 6.280194,46.513447,0 6.280899,46.512795,0 6.280549,46.512540,0 6.280239,46.511941,0 6.279978,46.511749,0 6.280072,46.511250,0</coordinates>
    </LineString>
    <ExtendedData>
      <Data name="spot"><value>stcergue</value></Data>
      <Data name="tags"><value>expert natural</value></Data>
    </ExtendedData>
  </Placemark>
  <Placemark>
    <name>St-Cergue: Descente du Mont Bailly</name>
    <description><![CDATA[1.5 km. Geometry from OpenStreetMap relation 12999850 (ODbL) - indicative only, follow the signs on the ground.]]></description>
    <styleUrl>#line-trail</styleUrl>
    <LineString><tessellate>1</tessellate>
      <coordinates>6.280795,46.524934,0 6.281100,46.524931,0 6.281387,46.524615,0 6.281683,46.524521,0 6.282447,46.523707,0 6.282841,46.523634,0 6.283181,46.523391,0 6.283335,46.522921,0 6.284222,46.522252,0 6.284707,46.521923,0 6.285543,46.521754,0 6.285689,46.521572,0 6.285319,46.520555,0 6.285494,46.519957,0 6.285070,46.519256,0 6.285374,46.518475,0 6.285793,46.518337,0 6.285901,46.518094,0 6.286143,46.517975,0 6.286922,46.517975,0 6.287112,46.517800,0 6.287487,46.517720,0 6.287859,46.517192,0 6.287783,46.516755,0 6.287392,46.516240,0 6.287454,46.515681,0 6.287022,46.514862,0</coordinates>
    </LineString>
    <ExtendedData>
      <Data name="spot"><value>stcergue</value></Data>
      <Data name="tags"><value>expert natural</value></Data>
    </ExtendedData>
  </Placemark>
  <Placemark>
    <name>St-Cergue: Descente du Mont Bailly (variante est)</name>
    <description><![CDATA[1.6 km. Geometry from OpenStreetMap relation 13041265 (ODbL) - indicative only, follow the signs on the ground.]]></description>
    <styleUrl>#line-trail</styleUrl>
    <LineString><tessellate>1</tessellate>
      <coordinates>6.281543,46.525990,0 6.283086,46.527166,0 6.283532,46.527821,0 6.284441,46.528046,0 6.284865,46.527934,0 6.285610,46.528613,0 6.291192,46.528101,0 6.291526,46.528332,0 6.292027,46.528421,0 6.292773,46.528761,0 6.293164,46.529231,0 6.294607,46.529647,0 6.295707,46.529713,0 6.296149,46.528714,0 6.296559,46.528652,0 6.296944,46.528354,0 6.297204,46.528333,0 6.297591,46.527635,0</coordinates>
    </LineString>
    <ExtendedData>
      <Data name="spot"><value>stcergue</value></Data>
      <Data name="tags"><value>expert natural</value></Data>
    </ExtendedData>
  </Placemark>
  <Placemark>
    <name>St-Cergue: Descente La Plagne</name>
    <description><![CDATA[0.7 km. Geometry from OpenStreetMap relation 13166913 (ODbL) - indicative only, follow the signs on the ground.]]></description>
    <styleUrl>#line-trail</styleUrl>
    <LineString><tessellate>1</tessellate>
      <coordinates>6.284855,46.499631,0 6.284577,46.499807,0 6.284512,46.500057,0 6.284720,46.500254,0 6.284655,46.500639,0 6.284887,46.501189,0 6.284577,46.502211,0 6.287146,46.504225,0 6.287647,46.504238,0 6.287766,46.504467,0 6.288225,46.504541,0 6.288590,46.504423,0</coordinates>
    </LineString>
    <ExtendedData>
      <Data name="spot"><value>stcergue</value></Data>
      <Data name="tags"><value>expert natural</value></Data>
    </ExtendedData>
  </Placemark>
  <Placemark>
    <name>Les Pléiades (above Vevey) [train fare only]</name>
    <description><![CDATA[<b>Les Pléiades station (top of the MVR rack railway)</b><br/><br/><b>Trails</b><br/>No bike park, no shuttle circus - just a 750 m vertical drop of forest tracks and singletrack back down to Blonay, Les Chevalleyres or Lally. Mellow, green, family-friendly gradients with a couple of steeper trail options in the woods above Blonay. Good first outing of the season, and you can extend north towards Les Paccots.<br/><br/><b>Getting up / price</b><br/>No dedicated bike pass: it is a normal public-transport ticket (Vevey > Les Pleiades is a short-distance fare, roughly 12-14 CHF one way full price) plus a bike ticket, ~14 CHF for the day pass. Cheap day out.<br/><br/><b>Open season</b><br/>Open from 1 April; closed from 1 December (typical window; check the operator and conditions).<br/><br/><b>Access</b><table class="access"><tr><th>From</th><th>Transport</th><th>Duration</th></tr><tr><td>Lausanne</td><td>Train</td><td>~1h00</td></tr></table><br/><i>Source: <a href="https://www.mob.ch/">MOB transport</a>. Prices, schedules, trail status and access can change; verify before travel.</i>]]></description>
    <styleUrl>#placemark-green</styleUrl>
    <Point><coordinates>6.909920,46.483244,0</coordinates></Point>
    <ExtendedData xmlns:mwm="https://omaps.app">
      <Data name="spot"><value>pleiades</value></Data>
      <Data name="tags"><value>beginner natural</value></Data>
      <Data name="open_from"><value>04-01</value></Data>
      <Data name="closed_from"><value>12-01</value></Data>
      <mwm:icon>Mountain</mwm:icon>
      <mwm:visibility>1</mwm:visibility>
    </ExtendedData>
  </Placemark>
  <Placemark>
    <name>Chaumont (Neuchâtel) [city fare, ~5 CHF]</name>
    <description><![CDATA[<b>Chaumont - top of the La Coudre funicular</b><br/><br/><b>Trails</b><br/>Chaumont bike park: a proper DH line with 110+ doubles and around 20 drops, clearly aimed at experienced riders - but a chicken line runs alongside the whole way so you can pick your level. Back down to La Coudre it alternates forest doubletrack and singletrack. Open all year, which makes it the winter fallback when the Alps are shut.<br/><br/><b>Getting up / price</b><br/>The funicular is part of the Neuchatel city network (transN / Onde Verte): a few francs per ride, so this is by far the cheapest lift-served riding in the region. Runs year-round, every 15-30 min.<br/><br/><b>Open season</b><br/>Open from 1 January with no seasonal closure (normally open year-round).<br/>Daily opening hours: 09:00-17:00<br/><small>Typical daily estimate; check the operator schedule.</small><br/><br/><b>Access</b><table class="access"><tr><th>From</th><th>Transport</th><th>Duration</th></tr><tr><td>Lausanne</td><td>Train + funicular</td><td>~1h10</td></tr></table><br/><i>Source: <a href="https://www.transn.ch/">TransN</a>. Prices, schedules, trail status and access can change; verify before travel.</i>]]></description>
    <styleUrl>#placemark-blue</styleUrl>
    <Point><coordinates>6.957526,47.026524,0</coordinates></Point>
    <ExtendedData xmlns:mwm="https://omaps.app">
      <Data name="spot"><value>chaumont</value></Data>
      <Data name="tags"><value>expert winter bikepark</value></Data>
      <Data name="open_from"><value>01-01</value></Data>
      <Data name="closed_from"><value>01-01</value></Data>
      <Data name="price_day"><value>5 CHF</value></Data>
      <mwm:icon>Mountain</mwm:icon>
      <mwm:visibility>1</mwm:visibility>
    </ExtendedData>
  </Placemark>
  <Placemark>
    <name>Leysin - Berneuse [28 CHF / Magic Pass]</name>
    <description><![CDATA[<b>Berneuse 2048 m - top of the Leysin gondola</b><br/><br/><b>Trails</b><br/>Leysin Bike Park, still young and still growing. Two machine-built runs off the Berneuse: Nerine (1 km, red/black) and Les 3 Tours (0.4 km, red/black), plus a short liaison between them - steep, rocky and aimed at confident riders. A blue intermediate line is due in August 2026 and a green one in 2027. Off-park, the Endless Ride enduro descent towards Prafandaz and Roc de Veyges is the reason to come, and stage 1 of the Alpes du Leman Bike route runs from here to Les Diablerets.<br/><br/><b>Getting up / price</b><br/>Gondola + downhill day pass around 28 CHF. Free with the Magic Pass. Bike park opens 25 April 2026, daily 20 June - 23 August, weekends either side; the Tete d'Ai chairlift runs 11:30-16:00 in high summer.<br/><br/><b>Open season</b><br/>Open from 20 June; closed from 24 August (published 2026 dates).<br/>Daily opening hours: 11:30-16:00<br/><small>Published high-summer Tete d'Ai chairlift hours; other lifts vary.</small><br/><br/><b>Access</b><table class="access"><tr><th>From</th><th>Transport</th><th>Duration</th></tr><tr><td>Lausanne</td><td>Train</td><td>~1h10</td></tr></table><br/><i>Source: <a href="https://www.leysin.ch/en/">Leysin tourism</a>. Prices, schedules, trail status and access can change; verify before travel.</i>]]></description>
    <styleUrl>#placemark-blue</styleUrl>
    <Point><coordinates>7.002932,46.359507,0</coordinates></Point>
    <ExtendedData xmlns:mwm="https://omaps.app">
      <Data name="spot"><value>leysin</value></Data>
      <Data name="tags"><value>expert magicpass bikepark</value></Data>
      <Data name="open_from"><value>06-20</value></Data>
      <Data name="closed_from"><value>08-24</value></Data>
      <Data name="price_day"><value>28 CHF</value></Data>
      <mwm:icon>Mountain</mwm:icon>
      <mwm:visibility>1</mwm:visibility>
    </ExtendedData>
  </Placemark>
  <Placemark>
    <name>Leysin: Leysin-Grand-Hotel station</name>
    <description><![CDATA[Where the Aigle cog railway drops you. The gondola bottom station is about 5 minutes away by bike.]]></description>
    <styleUrl>#placemark-gray</styleUrl>
    <Point><coordinates>7.006709,46.345636,0</coordinates></Point>
    <ExtendedData xmlns:mwm="https://omaps.app">
      <Data name="spot"><value>leysin</value></Data>
      <Data name="tags"><value>expert magicpass bikepark</value></Data>
      <mwm:icon>Transport</mwm:icon>
      <mwm:visibility>1</mwm:visibility>
    </ExtendedData>
  </Placemark>
  <Placemark>
    <name>Leysin: Endless Ride (enduro descent)</name>
    <description><![CDATA[The long natural enduro line off the Berneuse towards Prafandaz and Roc de Veyges - the reason most people come to Leysin rather than for the bike park itself.]]></description>
    <styleUrl>#placemark-gray</styleUrl>
    <Point><coordinates>7.015547,46.346555,0</coordinates></Point>
    <ExtendedData xmlns:mwm="https://omaps.app">
      <Data name="spot"><value>leysin</value></Data>
      <Data name="tags"><value>expert magicpass bikepark</value></Data>
      <mwm:icon>Transport</mwm:icon>
      <mwm:visibility>1</mwm:visibility>
    </ExtendedData>
  </Placemark>
  <Placemark>
    <name>Rochers-de-Naye (above Montreux) [70 CHF return]</name>
    <description><![CDATA[<b>Rochers de Naye 2042 m - top station</b><br/><br/><b>Trails</b><br/>The biggest single descent reachable from Lausanne in under 90 minutes: 1500 m of vertical from 2042 m down to the lake. Mostly moderately technical alpine singletrack, several variants (the La Perche line is the classic), then forest trails through Caux and Glion back to Montreux. Exposed and rocky up top - not a beginner run, and not much fun in the wet.<br/><br/><b>Getting up / price</b><br/>Montreux > Rochers-de-Naye return is 70 CHF full fare / 35 CHF with a half-fare card. A cheaper ascent-only day ticket for bikers and paragliders (around 39 CHF) has been offered in past seasons. Bike capacity on the rack train is genuinely limited - call MVR ahead rather than turning up with three mates.<br/><br/><p class="warn">⚠️ Only ride on single tracks that are marked for biking, or 2 m wide, as this is Vaud canton.</p><b>Open season</b><br/>Open from 1 May; closed from 1 November (typical window; check the operator and conditions).<br/><br/><b>Access</b><table class="access"><tr><th>From</th><th>Transport</th><th>Duration</th></tr><tr><td>Lausanne</td><td>Train</td><td>~1h25</td></tr></table><br/><i>Source: <a href="https://www.mob.ch/en/pages/rochers-de-naye">MOB Rochers-de-Naye</a>. Prices, schedules, trail status and access can change; verify before travel.</i>]]></description>
    <styleUrl>#placemark-green</styleUrl>
    <Point><coordinates>6.978817,46.431841,0</coordinates></Point>
    <ExtendedData xmlns:mwm="https://omaps.app">
      <Data name="spot"><value>naye</value></Data>
      <Data name="tags"><value>expert natural</value></Data>
      <Data name="open_from"><value>05-01</value></Data>
      <Data name="closed_from"><value>11-01</value></Data>
      <Data name="price_day"><value>70 CHF</value></Data>
      <mwm:icon>Mountain</mwm:icon>
      <mwm:visibility>1</mwm:visibility>
    </ExtendedData>
  </Placemark>
  <Placemark>
    <name>Naye: Caux mid station</name>
    <description><![CDATA[Where the rack railway crosses the forest trails - a common place to rejoin or cut the descent short.]]></description>
    <styleUrl>#placemark-gray</styleUrl>
    <Point><coordinates>6.938524,46.431148,0</coordinates></Point>
    <ExtendedData xmlns:mwm="https://omaps.app">
      <Data name="spot"><value>naye</value></Data>
      <Data name="tags"><value>expert natural</value></Data>
      <mwm:icon>Transport</mwm:icon>
      <mwm:visibility>1</mwm:visibility>
    </ExtendedData>
  </Placemark>
  <Placemark>
    <name>Naye: La Perche halt</name>
    <description><![CDATA[Request stop on the rack railway and the start of the classic La Perche descent variant. Handy bail-out if the weather turns on the summit.]]></description>
    <styleUrl>#placemark-gray</styleUrl>
    <Point><coordinates>6.975056,46.436450,0</coordinates></Point>
    <ExtendedData xmlns:mwm="https://omaps.app">
      <Data name="spot"><value>naye</value></Data>
      <Data name="tags"><value>expert natural</value></Data>
      <mwm:icon>Transport</mwm:icon>
      <mwm:visibility>1</mwm:visibility>
    </ExtendedData>
  </Placemark>
  <Placemark>
    <name>Naye: Montreux Panorama Bike</name>
    <description><![CDATA[3.2 km. Geometry from OpenStreetMap relation 20390710 (ODbL) - indicative only, follow the signs on the ground.]]></description>
    <styleUrl>#line-trail</styleUrl>
    <LineString><tessellate>1</tessellate>
      <coordinates>6.930291,46.449158,0 6.930651,46.449730,0 6.930924,46.449836,0 6.931269,46.449720,0 6.931698,46.449292,0 6.932127,46.449143,0 6.933119,46.449411,0 6.933738,46.449453,0 6.934874,46.449814,0 6.937304,46.449445,0 6.937944,46.449160,0 6.938318,46.449139,0 6.939435,46.449667,0 6.939879,46.450428,0 6.940612,46.451046,0 6.941339,46.452304,0 6.942098,46.452945,0 6.943635,46.453449,0 6.944980,46.453333,0 6.945800,46.453073,0 6.947130,46.453093,0 6.947756,46.452825,0 6.947835,46.453041,0 6.946929,46.453648,0 6.947770,46.453529,0 6.948697,46.453046,0 6.949472,46.453057,0 6.951362,46.453979,0 6.953200,46.454521,0 6.955917,46.454884,0 6.956907,46.454901,0 6.960451,46.455715,0 6.963980,46.456167,0</coordinates>
    </LineString>
    <ExtendedData>
      <Data name="spot"><value>naye</value></Data>
      <Data name="tags"><value>expert natural</value></Data>
    </ExtendedData>
  </Placemark>
  <Placemark>
    <name>Crans-Montana - Cry d'Er [35 CHF]</name>
    <description><![CDATA[<b>Cry d'Er 2263 m - top of the Crans gondola</b><br/><br/><b>Trails</b><br/>Three downhill runs covering every level plus a new flowtrail. Flowtrail Arnouva is the beginner line - wide, rolling, a good place to learn to let go of the brakes. Cry d'Er Downhill is the intermediate/technical one: berms, rock features and a proper rhythm section. Beyond the park, Freeride Grand Montana and the Montana-Village > Loc flowtrail give you long natural descents through the larch forest all the way to the valley.<br/><br/><b>Getting up / price</b><br/>Summer day pass around 35 CHF; Crans - Cry d'Er return alone is 25 CHF. Bike park runs 13 June - 25 October 2026.<br/><br/><b>Open season</b><br/>Open from 13 June; closed from 26 October (published 2026 dates).<br/>Daily opening hours: 09:00-17:00<br/><small>Typical daily estimate; check the operator schedule.</small><br/><br/><b>Access</b><table class="access"><tr><th>From</th><th>Transport</th><th>Duration</th></tr><tr><td>Lausanne</td><td>Train + funicular</td><td>~1h30</td></tr></table><br/><i>Source: <a href="https://www.crans-montana.ch/en/bike/">Crans-Montana bike</a>. Prices, schedules, trail status and access can change; verify before travel.</i>]]></description>
    <styleUrl>#placemark-blue</styleUrl>
    <Point><coordinates>7.479508,46.334342,0</coordinates></Point>
    <ExtendedData xmlns:mwm="https://omaps.app">
      <Data name="spot"><value>cransmontana</value></Data>
      <Data name="tags"><value>beginner expert bikepark</value></Data>
      <Data name="open_from"><value>06-13</value></Data>
      <Data name="closed_from"><value>10-26</value></Data>
      <Data name="price_day"><value>35 CHF</value></Data>
      <mwm:icon>Mountain</mwm:icon>
      <mwm:visibility>1</mwm:visibility>
    </ExtendedData>
  </Placemark>
  <Placemark>
    <name>Crans-Montana: Les Violettes / Les Barzettes</name>
    <description><![CDATA[Second lift access on the Montana side, useful for reaching the Plaine Morte end of the domain and the longer natural descents back to the valley.]]></description>
    <styleUrl>#placemark-gray</styleUrl>
    <Point><coordinates>7.498832,46.320660,0</coordinates></Point>
    <ExtendedData xmlns:mwm="https://omaps.app">
      <Data name="spot"><value>cransmontana</value></Data>
      <Data name="tags"><value>beginner expert bikepark</value></Data>
      <mwm:icon>Transport</mwm:icon>
      <mwm:visibility>1</mwm:visibility>
    </ExtendedData>
  </Placemark>
  <Placemark>
    <name>Crans-Montana: Freeride Grand Montana</name>
    <description><![CDATA[5.9 km. Geometry from OpenStreetMap relation 17813738 (ODbL) - indicative only, follow the signs on the ground.]]></description>
    <styleUrl>#line-trail</styleUrl>
    <LineString><tessellate>1</tessellate>
      <coordinates>7.479602,46.334455,0 7.480226,46.334267,0 7.481748,46.333391,0 7.482198,46.333345,0 7.482569,46.333090,0 7.482753,46.332213,0 7.482520,46.331345,0 7.482857,46.331023,0 7.482581,46.330912,0 7.482537,46.330044,0 7.482696,46.329394,0 7.482966,46.329103,0 7.482897,46.328781,0 7.482659,46.328735,0 7.482582,46.328520,0 7.482339,46.328583,0 7.481974,46.328437,0 7.482002,46.328291,0 7.482352,46.328133,0 7.481147,46.327567,0 7.482298,46.327319,0 7.482198,46.327155,0 7.482855,46.326848,0 7.483475,46.327043,0 7.483951,46.327623,0 7.484507,46.327840,0 7.484385,46.327643,0 7.484892,46.327565,0 7.484605,46.327450,0 7.484845,46.327332,0 7.484680,46.327183,0 7.485585,46.327041,0 7.486122,46.326702,0 7.486149,46.326183,0 7.486533,46.325772,0 7.486016,46.325451,0 7.485236,46.325236,0 7.486384,46.324869,0 7.486427,46.324499,0 7.486041,46.324092,0 7.486345,46.323897,0 7.485684,46.323577,0 7.485096,46.323464,0 7.484521,46.323134,0 7.484378,46.322676,0 7.484002,46.322432,0 7.483990,46.322197,0 7.484677,46.321838,0 7.484918,46.321439,0 7.483914,46.320915,0 7.482902,46.320600,0 7.482279,46.319680,0 7.480667,46.319057,0 7.480307,46.318781,0 7.478825,46.318500,0 7.478228,46.318508,0 7.476103,46.317770,0 7.474756,46.317759,0 7.473705,46.317988,0 7.471218,46.317481,0 7.469963,46.318201,0 7.469566,46.318255,0 7.470789,46.319358,0 7.470777,46.320095,0 7.471087,46.320467,0 7.470761,46.320615,0 7.471144,46.320818,0 7.470414,46.320856,0 7.470241,46.320766,0 7.470047,46.320881,0 7.470020,46.321030,0 7.470342,46.321271,0 7.470181,46.321356,0 7.470609,46.321819,0 7.469966,46.321925,0 7.470199,46.322108,0 7.470017,46.322158,0 7.470223,46.322373,0 7.469901,46.322367,0 7.470081,46.322551,0 7.467873,46.322648,0 7.467807,46.322810,0 7.467276,46.322701,0 7.467066,46.322873,0 7.467306,46.323161,0 7.466758,46.323256,0 7.467107,46.323858,0 7.466433,46.323820,0 7.466694,46.324111,0 7.466103,46.324132,0 7.466842,46.324597,0 7.465702,46.324347,0 7.465641,46.324577,0 7.464825,46.324788,0 7.464029,46.324527,0 7.464457,46.325136,0 7.465087,46.325507,0 7.465380,46.326891,0 7.465679,46.327087,0 7.465981,46.327086,0 7.466017,46.326805,0 7.467106,46.326998,0</coordinates>
    </LineString>
    <ExtendedData>
      <Data name="spot"><value>cransmontana</value></Data>
      <Data name="tags"><value>beginner expert bikepark</value></Data>
    </ExtendedData>
  </Placemark>
  <Placemark>
    <name>Crans-Montana: Freeride Grand Montana (part 2)</name>
    <description><![CDATA[2.1 km. Geometry from OpenStreetMap relation 17813738 (ODbL) - indicative only, follow the signs on the ground.]]></description>
    <styleUrl>#line-trail</styleUrl>
    <LineString><tessellate>1</tessellate>
      <coordinates>7.465141,46.325801,0 7.465163,46.325447,0 7.465486,46.325156,0 7.465012,46.324865,0 7.465582,46.324526,0 7.465656,46.324318,0 7.466148,46.324363,0 7.465914,46.324131,0 7.466129,46.323703,0 7.465820,46.323573,0 7.465906,46.323361,0 7.465556,46.323267,0 7.465478,46.323094,0 7.464412,46.323033,0 7.463864,46.322078,0 7.463351,46.321814,0 7.462625,46.321159,0 7.462599,46.320735,0 7.462793,46.320623,0 7.462266,46.320105,0 7.462566,46.319972,0 7.461965,46.319542,0 7.463049,46.319023,0 7.463716,46.319091,0 7.463701,46.318934,0 7.464579,46.318659,0 7.464436,46.318499,0 7.463706,46.318254,0 7.463923,46.318107,0 7.464571,46.317988,0 7.464834,46.317714,0 7.464404,46.317476,0 7.464577,46.317265,0 7.464358,46.316978,0 7.463457,46.316519,0 7.463264,46.316148,0 7.463521,46.315896,0 7.463907,46.315778,0 7.464936,46.315598,0 7.465669,46.315682,0 7.465576,46.315553,0 7.466838,46.315265,0 7.466951,46.315004,0 7.466525,46.314746,0 7.466418,46.314142,0</coordinates>
    </LineString>
    <ExtendedData>
      <Data name="spot"><value>cransmontana</value></Data>
      <Data name="tags"><value>beginner expert magicpass bikepark</value></Data>
    </ExtendedData>
  </Placemark>
  <Placemark>
    <name>Crans-Montana: Freeride Grand Montana (part 3)</name>
    <description><![CDATA[1.4 km. Geometry from OpenStreetMap relation 17813738 (ODbL) - indicative only, follow the signs on the ground.]]></description>
    <styleUrl>#line-trail</styleUrl>
    <LineString><tessellate>1</tessellate>
      <coordinates>7.477940,46.335375,0 7.477999,46.335598,0 7.477735,46.335639,0 7.477479,46.335515,0 7.476716,46.334022,0 7.475643,46.334067,0 7.474435,46.332695,0 7.473346,46.332146,0 7.471688,46.330961,0 7.471739,46.330536,0 7.471261,46.330108,0 7.470739,46.330053,0 7.470248,46.329571,0 7.469476,46.329381,0 7.468521,46.328779,0 7.467914,46.327866,0 7.467769,46.327089,0</coordinates>
    </LineString>
    <ExtendedData>
      <Data name="spot"><value>cransmontana</value></Data>
      <Data name="tags"><value>beginner expert magicpass bikepark</value></Data>
    </ExtendedData>
  </Placemark>
  <Placemark>
    <name>Crans-Montana: Flowtrail Montana-Village - Loc</name>
    <description><![CDATA[8.1 km. Geometry from OpenStreetMap relation 19975383 (ODbL) - indicative only, follow the signs on the ground.]]></description>
    <styleUrl>#line-trail</styleUrl>
    <LineString><tessellate>1</tessellate>
      <coordinates>7.483681,46.306859,0 7.484418,46.306530,0 7.484167,46.306117,0 7.484493,46.305900,0 7.484511,46.305703,0 7.484129,46.305380,0 7.484837,46.305398,0 7.484665,46.305198,0 7.484933,46.305204,0 7.485028,46.305072,0 7.484725,46.304965,0 7.484913,46.304837,0 7.485286,46.304884,0 7.485544,46.305092,0 7.485362,46.304431,0 7.485975,46.304419,0 7.486868,46.304027,0 7.487268,46.303705,0 7.487426,46.303227,0 7.487729,46.303048,0 7.487439,46.302471,0 7.487701,46.301589,0 7.487866,46.302137,0 7.488628,46.302334,0 7.489034,46.303042,0 7.489264,46.303182,0 7.489654,46.302936,0 7.489968,46.302903,0 7.489498,46.302512,0 7.489350,46.302202,0 7.489581,46.301412,0 7.489745,46.301679,0 7.490483,46.301524,0 7.492609,46.303051,0 7.493897,46.302942,0 7.493181,46.302087,0 7.492686,46.301719,0 7.492539,46.300844,0 7.492170,46.300276,0 7.491398,46.299782,0 7.491096,46.299300,0 7.491463,46.298615,0 7.490951,46.297979,0 7.491380,46.297608,0 7.491830,46.297592,0 7.492156,46.297721,0 7.493575,46.296485,0 7.494015,46.296662,0 7.493972,46.296287,0 7.494374,46.296249,0 7.494957,46.296367,0 7.497185,46.297394,0 7.497364,46.297319,0 7.497508,46.297651,0 7.498019,46.297922,0 7.498882,46.298086,0 7.498840,46.297973,0 7.499023,46.298019,0 7.499112,46.297752,0 7.499707,46.297438,0 7.499923,46.297174,0 7.501036,46.296975,0 7.501072,46.296240,0 7.501504,46.296322,0 7.501892,46.296179,0 7.502420,46.296322,0 7.502564,46.296075,0 7.502791,46.296171,0 7.502815,46.295211,0 7.503012,46.295267,0 7.503107,46.295136,0 7.503461,46.295319,0 7.503623,46.295169,0 7.503674,46.294571,0 7.503475,46.294256,0 7.504358,46.294498,0 7.504328,46.294196,0 7.504014,46.293834,0 7.504489,46.293876,0 7.504240,46.293668,0 7.504065,46.293012,0 7.504481,46.293105,0 7.504472,46.292926,0 7.504676,46.292926,0 7.504816,46.293107,0 7.505813,46.293530,0 7.505752,46.293197,0 7.506019,46.292221,0 7.506611,46.291815,0 7.506735,46.291270,0 7.506926,46.291782,0 7.506714,46.292156,0 7.506969,46.293025,0 7.508564,46.293954,0 7.508908,46.294362,0 7.509250,46.294427,0 7.510062,46.294357,0 7.509123,46.294112,0 7.508817,46.293460,0 7.509177,46.292092,0 7.509853,46.293215,0 7.510126,46.293293,0 7.511554,46.292916,0 7.511956,46.293084,0 7.512682,46.292210,0 7.514103,46.291718,0 7.513150,46.292330,0 7.513091,46.292741,0 7.513646,46.292379,0 7.515448,46.292248,0 7.516036,46.291781,0 7.516738,46.291710,0 7.516963,46.291512,0 7.517475,46.291553,0 7.518286,46.292131,0 7.518527,46.292172,0 7.518636,46.292063,0 7.518488,46.291179,0 7.518654,46.291099,0 7.519351,46.291530,0 7.519967,46.292174,0 7.520056,46.292597,0 7.520664,46.292853,0 7.521610,46.294020,0 7.524002,46.293323,0 7.524680,46.292908,0 7.527670,46.291871,0 7.527786,46.291678,0 7.529887,46.292198,0 7.529682,46.292835,0</coordinates>
    </LineString>
    <ExtendedData>
      <Data name="spot"><value>cransmontana</value></Data>
      <Data name="tags"><value>beginner expert magicpass bikepark</value></Data>
    </ExtendedData>
  </Placemark>
  <Placemark>
    <name>Moléson-sur-Gruyères [38 CHF / Magic Pass]</name>
    <description><![CDATA[<b>Plan-Francey 1520 m - bike park base</b><br/><br/><b>Trails</b><br/>Bike Park Moleson, based at Plan-Francey and served by the funicular then the chairlift. Modzon and Poya are the flowy, accessible runs - genuinely good for progressing riders. Tche Don is the technical enduro line, steeper and rougher. Small park, but well built, rarely crowded, and the Gruyeres backdrop is hard to beat.<br/><br/><b>Getting up / price</b><br/>Journee bike (funicular + cable car + chairlift) 38 CHF; a 4-hour bike ticket (funicular + chairlift) is 29 CHF. Free with the Magic Pass.<br/><br/><b>Open season</b><br/>Open from 15 May; closed from 2 November (typical window; check the operator and conditions).<br/>Daily opening hours: 09:00-17:00<br/><small>Typical daily estimate; check the operator schedule.</small><br/><br/><b>Access</b><table class="access"><tr><th>From</th><th>Transport</th><th>Duration</th></tr><tr><td>Lausanne</td><td>Train + bus</td><td>~1h40</td></tr></table><br/><i>Source: <a href="https://www.moleson.ch/en/">Moleson</a>. Prices, schedules, trail status and access can change; verify before travel.</i>]]></description>
    <styleUrl>#placemark-blue</styleUrl>
    <Point><coordinates>7.023757,46.555639,0</coordinates></Point>
    <ExtendedData xmlns:mwm="https://omaps.app">
      <Data name="spot"><value>moleson</value></Data>
      <Data name="tags"><value>beginner expert magicpass bikepark</value></Data>
      <Data name="open_from"><value>05-15</value></Data>
      <Data name="closed_from"><value>11-02</value></Data>
      <Data name="price_day"><value>38 CHF</value></Data>
      <mwm:icon>Mountain</mwm:icon>
      <mwm:visibility>1</mwm:visibility>
    </ExtendedData>
  </Placemark>
  <Placemark>
    <name>Moleson: Le Moléson 2002 m - summit cable car station</name>
    <styleUrl>#placemark-gray</styleUrl>
    <Point><coordinates>7.018134,46.547247,0</coordinates></Point>
    <ExtendedData xmlns:mwm="https://omaps.app">
      <Data name="spot"><value>moleson</value></Data>
      <Data name="tags"><value>beginner expert magicpass bikepark</value></Data>
      <mwm:icon>Transport</mwm:icon>
      <mwm:visibility>1</mwm:visibility>
    </ExtendedData>
  </Placemark>
  <Placemark>
    <name>Villars-Gryon - Col de Bretaye [36 CHF / Magic Pass]</name>
    <description><![CDATA[<b>Col de Bretaye 1806 m - top of the Villars cog railway</b><br/><br/><b>Trails</b><br/>The Grand Chamossaire descent, opened in summer 2025: 3 km of blue flow with big berms, a few technical sections and smooth fast bits between them - built for families and improving riders rather than for hucking. Around it sits a dense network of marked SuisseMobile routes: 573 Bretaye > Villars, 572 Bretaye > Ollon (a long 20 km+ descent to the Rhone valley), 580 towards Les Chaux and Solalex, and 582 Taveyanne-Solalex.<br/><br/><b>Getting up / price</b><br/>TVGD summer day pass 36 CHF adult / 18 CHF child, covering the Villars-Bretaye train, the gondolas and the Grand Chamossaire chairlift. Single ascent 20 CHF. Free with the Magic Pass. Mid-June to late October.<br/><br/><b>Open season</b><br/>Open from 15 June; closed from 26 October (typical window; check the operator and conditions).<br/>Daily opening hours: 08:30-17:00<br/><small>Typical daily estimate; check the operator schedule.</small><br/><br/><b>Access</b><table class="access"><tr><th>From</th><th>Transport</th><th>Duration</th></tr><tr><td>Lausanne</td><td>Train</td><td>~1h45</td></tr></table><br/><i>Source: <a href="https://www.villars-diablerets.ch/en/Z12514/mountain-bike">Villars-Diablerets</a>. Prices, schedules, trail status and access can change; verify before travel.</i>]]></description>
    <styleUrl>#placemark-green</styleUrl>
    <Point><coordinates>7.073167,46.321886,0</coordinates></Point>
    <ExtendedData xmlns:mwm="https://omaps.app">
      <Data name="spot"><value>villars</value></Data>
      <Data name="tags"><value>beginner magicpass natural</value></Data>
      <Data name="open_from"><value>06-15</value></Data>
      <Data name="closed_from"><value>10-26</value></Data>
      <Data name="price_day"><value>36 CHF</value></Data>
      <mwm:icon>Mountain</mwm:icon>
      <mwm:visibility>1</mwm:visibility>
    </ExtendedData>
  </Placemark>
  <Placemark>
    <name>Bretaye: Grand Chamossaire 2120 m - top of the chairlift</name>
    <styleUrl>#placemark-gray</styleUrl>
    <Point><coordinates>7.061778,46.326579,0</coordinates></Point>
    <ExtendedData xmlns:mwm="https://omaps.app">
      <Data name="spot"><value>villars</value></Data>
      <Data name="tags"><value>beginner magicpass natural</value></Data>
      <mwm:icon>Transport</mwm:icon>
      <mwm:visibility>1</mwm:visibility>
    </ExtendedData>
  </Placemark>
  <Placemark>
    <name>Bretaye: 573 Bretaye - Villars</name>
    <description><![CDATA[21.0 km. Geometry from OpenStreetMap relation 1629350 (ODbL) - indicative only, follow the signs on the ground.]]></description>
    <styleUrl>#line-trail</styleUrl>
    <LineString><tessellate>1</tessellate>
      <coordinates>7.055943,46.295728,0 7.055815,46.296301,0 7.054528,46.297433,0 7.054718,46.298001,0 7.055307,46.298548,0 7.055824,46.298723,0 7.056973,46.297989,0 7.059195,46.297946,0 7.060055,46.297565,0 7.061010,46.296780,0 7.061641,46.295668,0 7.063720,46.294332,0 7.064761,46.292935,0 7.065849,46.292548,0 7.066319,46.292158,0 7.067086,46.291910,0 7.067634,46.291872,0 7.068796,46.292138,0 7.070316,46.292859,0 7.072025,46.294187,0 7.073100,46.295404,0 7.073202,46.296560,0 7.073696,46.297196,0 7.073854,46.297778,0 7.074842,46.298769,0 7.075151,46.298866,0 7.076711,46.298865,0 7.079987,46.299846,0 7.081616,46.300064,0 7.082672,46.300521,0 7.083789,46.301571,0 7.086469,46.303586,0 7.086743,46.304201,0 7.087601,46.304701,0 7.088855,46.304984,0 7.089885,46.305599,0 7.092020,46.305924,0 7.093086,46.306706,0 7.094609,46.306864,0 7.095679,46.307413,0 7.097523,46.307133,0 7.099465,46.307652,0 7.100091,46.307636,0 7.101054,46.308028,0 7.101784,46.308011,0 7.102382,46.308357,0 7.103733,46.308630,0 7.104715,46.308572,0 7.106186,46.308761,0 7.107436,46.309329,0 7.107848,46.309885,0 7.108621,46.310502,0 7.108864,46.310943,0 7.110348,46.310826,0 7.111984,46.310887,0 7.112585,46.311141,0 7.113202,46.311512,0 7.114951,46.313152,0 7.116850,46.313679,0 7.117359,46.313642,0 7.118372,46.313966,0 7.119674,46.315312,0 7.121022,46.316304,0 7.121568,46.316368,0 7.121506,46.315787,0 7.121634,46.315578,0 7.121811,46.315553,0 7.122390,46.315886,0 7.123569,46.316237,0 7.124581,46.316779,0 7.126602,46.318153,0 7.126901,46.318420,0 7.126910,46.318682,0 7.127356,46.318932,0 7.127811,46.318925,0 7.127774,46.319299,0 7.127974,46.319661,0 7.128660,46.320189,0 7.128609,46.321599,0 7.128039,46.322216,0 7.127093,46.322411,0 7.126324,46.322379,0 7.127076,46.322635,0 7.127628,46.322618,0 7.127749,46.322733,0 7.127606,46.322864,0 7.126791,46.322870,0 7.126156,46.323346,0 7.126256,46.324110,0 7.126823,46.324931,0 7.126674,46.325523,0 7.124859,46.326551,0 7.124152,46.327212,0 7.124537,46.328447,0 7.125375,46.329422,0 7.127032,46.330173,0 7.127747,46.330881,0 7.129439,46.331362,0 7.131451,46.331493,0 7.132918,46.331083,0 7.136874,46.331138,0 7.137219,46.330991,0 7.137674,46.331141,0 7.138622,46.331768,0 7.140391,46.333144,0 7.140333,46.333593,0 7.140861,46.334677,0 7.140673,46.335721,0 7.141758,46.336291,0 7.142701,46.337190,0 7.142692,46.337637,0 7.142249,46.337960,0 7.139843,46.337902,0 7.139039,46.338166,0 7.137931,46.337434,0 7.137439,46.337310,0 7.136677,46.336440,0 7.134855,46.335248,0 7.133571,46.335219,0 7.131709,46.335415,0 7.130348,46.335840,0 7.129937,46.336410,0 7.129153,46.336360,0 7.129030,46.336438,0 7.129137,46.337253,0 7.128640,46.338080,0 7.128548,46.339134,0 7.128910,46.340159,0 7.128651,46.340570,0 7.127520,46.341477,0 7.126068,46.341865,0 7.125338,46.341736,0 7.124482,46.341285,0 7.124158,46.341257,0 7.122688,46.341976,0 7.122292,46.342363,0 7.121854,46.342564,0 7.121170,46.342595,0 7.120751,46.342408,0 7.120311,46.342835,0 7.119799,46.342549,0 7.118423,46.342560,0 7.117501,46.343342,0 7.115030,46.344174,0 7.114526,46.344186,0 7.113394,46.343340,0 7.112086,46.342723,0 7.110964,46.341664,0 7.110054,46.341147,0 7.108372,46.340661,0 7.108072,46.340772,0 7.108053,46.341570,0 7.107869,46.341484,0 7.107635,46.341564,0 7.107265,46.342183,0 7.107140,46.342787,0 7.106763,46.342866,0 7.106874,46.341864,0 7.106313,46.341452,0 7.105207,46.341140,0 7.104996,46.340747,0 7.105037,46.339832,0 7.106141,46.338578,0 7.106407,46.337922,0 7.106518,46.336954,0 7.106404,46.336425,0 7.106191,46.336234,0 7.105448,46.336242,0 7.104259,46.336583,0 7.102936,46.335807,0 7.102407,46.335866,0 7.101568,46.336896,0 7.102691,46.338516,0 7.102463,46.338880,0 7.101560,46.339137,0 7.101700,46.339882,0 7.099900,46.340289,0 7.099438,46.340212,0 7.098943,46.339934,0 7.098388,46.339920,0 7.098256,46.339768,0 7.098393,46.339176,0 7.097948,46.338262,0 7.098138,46.337410,0 7.097596,46.336335,0 7.097286,46.336026,0 7.097324,46.335465,0 7.096402,46.334324,0 7.096475,46.333777,0 7.097016,46.332554,0 7.097567,46.332120,0 7.097565,46.331223,0 7.096324,46.330676,0 7.095369,46.330685,0 7.094789,46.330286,0 7.094225,46.330370,0 7.093690,46.330103,0 7.092822,46.330035,0 7.092022,46.329301,0 7.091246,46.329081,0 7.089931,46.329315,0 7.089455,46.329261,0 7.089200,46.328861,0 7.089264,46.328400,0 7.088960,46.327900,0 7.088439,46.327418,0 7.087701,46.327015,0 7.087692,46.326541,0 7.086736,46.326230,0 7.086502,46.325782,0 7.086143,46.325589,0 7.085979,46.325304,0 7.085487,46.325128,0 7.083527,46.325231,0 7.082402,46.325828,0 7.081753,46.325873,0 7.080629,46.326188,0 7.080102,46.326031,0 7.079311,46.326148,0 7.078730,46.326040,0 7.078452,46.325819,0 7.077640,46.325553,0 7.075652,46.325237,0 7.075338,46.325481,0 7.075151,46.326286,0 7.074502,46.326209,0 7.074223,46.325476,0 7.074183,46.322081,0 7.073625,46.322012,0</coordinates>
    </LineString>
    <ExtendedData>
      <Data name="spot"><value>villars</value></Data>
      <Data name="tags"><value>beginner magicpass natural</value></Data>
    </ExtendedData>
  </Placemark>
  <Placemark>
    <name>Bretaye: 572 Bretaye - Ollon Bike</name>
    <description><![CDATA[9.4 km. Geometry from OpenStreetMap relation 1629707 (ODbL) - indicative only, follow the signs on the ground.]]></description>
    <styleUrl>#line-trail</styleUrl>
    <LineString><tessellate>1</tessellate>
      <coordinates>6.999894,46.298479,0 7.001195,46.299464,0 7.001948,46.301037,0 7.002286,46.302135,0 7.002621,46.302663,0 7.003265,46.303016,0 7.003275,46.303163,0 7.003061,46.303190,0 7.002834,46.302981,0 7.002135,46.302711,0 7.001407,46.301908,0 7.000801,46.301749,0 7.000597,46.301851,0 7.000136,46.302565,0 7.000325,46.303245,0 7.000131,46.303731,0 6.999923,46.303863,0 6.999270,46.303805,0 6.995972,46.303051,0 6.994259,46.303117,0 6.993777,46.303036,0 6.993677,46.303139,0 6.996215,46.303792,0 6.996905,46.304094,0 6.998733,46.305304,0 7.001130,46.306437,0 7.002954,46.307045,0 7.004981,46.307428,0 7.005579,46.307813,0 7.007643,46.308403,0 7.008560,46.308905,0 7.008634,46.309055,0 7.008402,46.309107,0 7.007311,46.308819,0 7.006665,46.308848,0 7.006564,46.309042,0 7.007064,46.309593,0 7.006943,46.310184,0 7.005647,46.310187,0 7.005088,46.310670,0 7.003876,46.310883,0 7.003200,46.311214,0 7.001484,46.311257,0 7.000583,46.310820,0 7.000447,46.310394,0 6.999221,46.309931,0 6.998840,46.309638,0 6.998857,46.308527,0 6.997580,46.307838,0 6.996848,46.307233,0 6.996365,46.307206,0 6.996248,46.307344,0 6.996657,46.308010,0 6.996183,46.308886,0 6.996543,46.310239,0 6.997481,46.310981,0 6.997254,46.311389,0 6.996756,46.311492,0 6.996199,46.311028,0 6.995324,46.310673,0 6.994757,46.309511,0 6.993047,46.308198,0 6.991123,46.307495,0 6.987300,46.306488,0 6.986135,46.305740,0 6.985732,46.305252,0 6.985988,46.305885,0 6.986429,46.306406,0 6.986511,46.306881,0 6.988004,46.307640,0 6.988975,46.308425,0 6.988942,46.308835,0 6.989472,46.309534,0 6.989502,46.309872,0 6.989455,46.310454,0 6.988977,46.311365,0 6.988830,46.311222,0 6.988868,46.310806,0 6.988437,46.310478,0 6.988194,46.309954,0 6.988503,46.309568,0 6.988072,46.309089,0 6.986186,46.308387,0 6.985533,46.308001,0 6.984888,46.307865,0 6.983007,46.307088,0 6.982510,46.306802,0 6.982193,46.306139,0 6.981687,46.305805,0 6.981425,46.305893,0 6.981678,46.306363,0 6.981202,46.306588,0 6.980460,46.306113,0 6.980385,46.305926,0 6.981457,46.304647,0 6.981510,46.304185,0 6.982118,46.303703,0 6.984229,46.302859,0 6.987566,46.301079,0 6.988509,46.300811,0 6.990499,46.300538,0 6.991801,46.299951,0 6.992963,46.298956,0 6.992872,46.298029,0</coordinates>
    </LineString>
    <ExtendedData>
      <Data name="spot"><value>villars</value></Data>
      <Data name="tags"><value>beginner magicpass natural</value></Data>
    </ExtendedData>
  </Placemark>
  <Placemark>
    <name>Bretaye: 572 Bretaye - Ollon Bike (part 2)</name>
    <description><![CDATA[7.6 km. Geometry from OpenStreetMap relation 1629707 (ODbL) - indicative only, follow the signs on the ground.]]></description>
    <styleUrl>#line-trail</styleUrl>
    <LineString><tessellate>1</tessellate>
      <coordinates>7.072281,46.318945,0 7.071735,46.317982,0 7.070632,46.317431,0 7.070281,46.317568,0 7.068793,46.318908,0 7.068275,46.319198,0 7.067708,46.319309,0 7.065875,46.319161,0 7.063875,46.318677,0 7.063688,46.318528,0 7.063553,46.317979,0 7.063368,46.317897,0 7.062777,46.317949,0 7.062494,46.317772,0 7.062147,46.318053,0 7.061637,46.318143,0 7.060959,46.317960,0 7.059776,46.317910,0 7.059095,46.317514,0 7.058542,46.316580,0 7.057999,46.316589,0 7.057230,46.316287,0 7.056176,46.315017,0 7.055173,46.314373,0 7.054930,46.313987,0 7.053632,46.313854,0 7.051620,46.313272,0 7.051153,46.312831,0 7.048972,46.311895,0 7.046134,46.311400,0 7.044334,46.311558,0 7.041190,46.311498,0 7.039033,46.310837,0 7.037829,46.310785,0 7.036738,46.310899,0 7.036273,46.311110,0 7.033675,46.313152,0 7.031886,46.314128,0 7.031630,46.314644,0 7.033179,46.316121,0 7.034375,46.316746,0 7.035470,46.317940,0 7.036927,46.319145,0 7.037370,46.319927,0 7.037060,46.319859,0 7.036697,46.319442,0 7.036413,46.319492,0 7.036361,46.319694,0 7.037592,46.320579,0 7.038010,46.321382,0 7.037714,46.321364,0 7.037616,46.320963,0 7.037311,46.320704,0 7.036317,46.320644,0 7.034176,46.319916,0 7.033229,46.319017,0 7.032122,46.318764,0 7.031436,46.317899,0 7.031604,46.318932,0 7.032830,46.319938,0 7.033215,46.320450,0 7.034414,46.321429,0 7.036168,46.322286,0 7.034545,46.321981,0 7.033548,46.321671,0 7.032710,46.321230,0 7.031681,46.321264,0 7.030755,46.320976,0 7.029723,46.320219,0 7.029625,46.320359,0 7.029849,46.320513,0 7.030366,46.321471,0 7.031825,46.322150,0 7.032921,46.323298,0 7.032655,46.323388,0 7.031620,46.322930,0 7.029369,46.322484,0</coordinates>
    </LineString>
    <ExtendedData>
      <Data name="spot"><value>villars</value></Data>
      <Data name="tags"><value>beginner magicpass natural</value></Data>
    </ExtendedData>
  </Placemark>
  <Placemark>
    <name>Bretaye: 572 Bretaye - Ollon Bike (part 3)</name>
    <description><![CDATA[5.8 km. Geometry from OpenStreetMap relation 1629707 (ODbL) - indicative only, follow the signs on the ground.]]></description>
    <styleUrl>#line-trail</styleUrl>
    <LineString><tessellate>1</tessellate>
      <coordinates>7.026605,46.321000,0 7.026728,46.321401,0 7.027631,46.321937,0 7.029084,46.322476,0 7.029369,46.322484,0 7.029436,46.322334,0 7.028530,46.321750,0 7.028135,46.320206,0 7.027745,46.319725,0 7.027180,46.318182,0 7.025406,46.316539,0 7.025296,46.316214,0 7.024959,46.316053,0 7.023532,46.314567,0 7.022940,46.314207,0 7.022597,46.313390,0 7.022759,46.313029,0 7.023356,46.312621,0 7.024479,46.312135,0 7.025512,46.312006,0 7.027586,46.310887,0 7.027646,46.310185,0 7.027382,46.309801,0 7.027926,46.309232,0 7.027738,46.307697,0 7.027901,46.307078,0 7.027419,46.306562,0 7.027228,46.305874,0 7.025514,46.304803,0 7.025402,46.303971,0 7.025692,46.303471,0 7.026439,46.303105,0 7.027102,46.302406,0 7.028281,46.301848,0 7.028987,46.301237,0 7.029517,46.302014,0 7.029703,46.303413,0 7.029266,46.304229,0 7.029179,46.304892,0 7.029995,46.306002,0 7.030502,46.307916,0 7.031380,46.309467,0 7.031637,46.310830,0 7.031019,46.311405,0 7.030836,46.311774,0 7.030281,46.312094,0 7.030239,46.312371,0 7.029464,46.312811,0 7.028671,46.313642,0 7.028451,46.314122,0 7.028594,46.314387,0 7.029296,46.314946,0 7.029419,46.315313,0 7.030081,46.315683,0 7.030490,46.315738,0 7.030992,46.316158,0 7.032773,46.317018,0 7.034494,46.319194,0 7.035012,46.319649,0 7.036335,46.320219,0 7.037007,46.320180,0</coordinates>
    </LineString>
    <ExtendedData>
      <Data name="spot"><value>villars</value></Data>
      <Data name="tags"><value>beginner magicpass natural</value></Data>
    </ExtendedData>
  </Placemark>
  <Placemark>
    <name>Bretaye: Les Chaux - Barboleuse</name>
    <description><![CDATA[3.7 km. Geometry from OpenStreetMap relation 13886393 (ODbL) - indicative only, follow the signs on the ground.]]></description>
    <styleUrl>#line-trail</styleUrl>
    <LineString><tessellate>1</tessellate>
      <coordinates>7.104714,46.295266,0 7.104188,46.295064,0 7.104130,46.294651,0 7.103446,46.294832,0 7.103356,46.294676,0 7.102551,46.294604,0 7.102568,46.294419,0 7.102060,46.294432,0 7.100994,46.294207,0 7.101045,46.294076,0 7.100723,46.293985,0 7.100177,46.293981,0 7.100202,46.293848,0 7.099661,46.293659,0 7.099763,46.293540,0 7.099442,46.293395,0 7.099510,46.293279,0 7.098793,46.292963,0 7.096937,46.292912,0 7.095748,46.292686,0 7.092048,46.292425,0 7.091446,46.292460,0 7.091480,46.292584,0 7.091054,46.292648,0 7.091127,46.292952,0 7.090110,46.293105,0 7.088809,46.292740,0 7.088922,46.293018,0 7.086376,46.292744,0 7.084997,46.292112,0 7.085042,46.292328,0 7.084841,46.292354,0 7.084935,46.292532,0 7.084430,46.292455,0 7.083407,46.291218,0 7.082282,46.290291,0 7.081977,46.290377,0 7.081791,46.290254,0 7.081400,46.290403,0 7.081207,46.290111,0 7.080652,46.290131,0 7.080439,46.289918,0 7.080199,46.290013,0 7.080128,46.289743,0 7.079903,46.289646,0 7.079344,46.289794,0 7.079127,46.289570,0 7.078764,46.289673,0 7.078677,46.289394,0 7.078221,46.289386,0 7.078209,46.289180,0 7.077844,46.289147,0 7.078168,46.288628,0 7.077857,46.288636,0 7.077864,46.288489,0 7.077642,46.288450,0 7.077652,46.288230,0 7.077122,46.288285,0 7.078081,46.287234,0 7.078017,46.287154,0 7.077388,46.287079,0 7.076568,46.286499,0 7.076142,46.285984,0 7.075391,46.285548,0 7.075440,46.285413,0 7.074365,46.284891,0 7.074405,46.284728,0 7.073334,46.284198,0 7.072926,46.283842,0 7.072297,46.283642,0 7.071916,46.283287,0 7.071620,46.283236,0</coordinates>
    </LineString>
    <ExtendedData>
      <Data name="spot"><value>villars</value></Data>
      <Data name="tags"><value>beginner magicpass natural</value></Data>
    </ExtendedData>
  </Placemark>
  <Placemark>
    <name>Les Diablerets [36 CHF / Magic Pass]</name>
    <description><![CDATA[<b>Meilleret 1949 m - top of the chairlift</b><br/><br/><b>Trails</b><br/>Isenau Bike (SuisseMobile route 590) is the classic: an 8 km climb out of the village, then a descent split between a vehicle-width track and a forest path that asks for some skill. If you do not fancy the technical part, the tarmac road back to Les Diablerets is right there. Stage 2 of the Alpes du Leman Bike route continues from here down to Bex.<br/><br/><b>Getting up / price</b><br/>Same TVGD day pass as Villars, 36 CHF, free with the Magic Pass. Important caveat: the old Isenau gondola was dismantled and has not been replaced, so the Meilleret chairlift is the summer lift here - check it is actually turning before you commit.<br/><br/><b>Open season</b><br/>Open from 1 July; closed from 1 September (typical window; check the operator and conditions).<br/>Daily opening hours: 08:30-17:00<br/><small>Typical daily estimate; check the operator schedule.</small><br/><br/><b>Access</b><table class="access"><tr><th>From</th><th>Transport</th><th>Duration</th></tr><tr><td>Lausanne</td><td>Train</td><td>~1h25</td></tr></table><br/><i>Source: <a href="https://www.villars-diablerets.ch/en/Z12514/mountain-bike">Villars-Diablerets</a>. Prices, schedules, trail status and access can change; verify before travel.</i>]]></description>
    <styleUrl>#placemark-green</styleUrl>
    <Point><coordinates>7.121228,46.333290,0</coordinates></Point>
    <ExtendedData xmlns:mwm="https://omaps.app">
      <Data name="spot"><value>diablerets</value></Data>
      <Data name="tags"><value>beginner magicpass natural</value></Data>
      <Data name="open_from"><value>07-01</value></Data>
      <Data name="closed_from"><value>09-01</value></Data>
      <Data name="price_day"><value>36 CHF</value></Data>
      <mwm:icon>Mountain</mwm:icon>
      <mwm:visibility>1</mwm:visibility>
    </ExtendedData>
  </Placemark>
  <Placemark>
    <name>Diablerets: Isenau Bike (590)</name>
    <description><![CDATA[15.4 km. Geometry from OpenStreetMap relation 27184 (ODbL) - indicative only, follow the signs on the ground.]]></description>
    <styleUrl>#line-trail</styleUrl>
    <LineString><tessellate>1</tessellate>
      <coordinates>7.152817,46.353023,0 7.153257,46.353000,0 7.153419,46.353163,0 7.153430,46.353553,0 7.153783,46.354342,0 7.153692,46.354964,0 7.154170,46.355250,0 7.154940,46.355380,0 7.156072,46.355802,0 7.156110,46.356255,0 7.155448,46.356153,0 7.154664,46.356587,0 7.150179,46.357892,0 7.150273,46.357987,0 7.151139,46.357872,0 7.152287,46.357946,0 7.153302,46.358131,0 7.153295,46.358245,0 7.152553,46.358243,0 7.151968,46.358565,0 7.150702,46.358941,0 7.149868,46.358998,0 7.149432,46.359198,0 7.147682,46.359607,0 7.146433,46.359756,0 7.145493,46.359695,0 7.142666,46.360354,0 7.142090,46.360677,0 7.142112,46.361843,0 7.142317,46.361794,0 7.142404,46.361424,0 7.142765,46.361158,0 7.143861,46.361003,0 7.144428,46.361285,0 7.144602,46.361842,0 7.145367,46.361957,0 7.145759,46.362183,0 7.146485,46.362239,0 7.147552,46.362580,0 7.149662,46.362187,0 7.152244,46.362398,0 7.153487,46.362085,0 7.154412,46.362140,0 7.154763,46.362274,0 7.154727,46.362517,0 7.153730,46.363063,0 7.153736,46.363173,0 7.156705,46.362615,0 7.158080,46.363307,0 7.161222,46.363552,0 7.161810,46.363691,0 7.162949,46.363657,0 7.165174,46.363832,0 7.165864,46.364167,0 7.166936,46.364339,0 7.167626,46.364604,0 7.168015,46.364465,0 7.168398,46.364483,0 7.171157,46.365097,0 7.172363,46.365655,0 7.173597,46.366477,0 7.174200,46.366457,0 7.175688,46.366816,0 7.176353,46.366771,0 7.176394,46.366409,0 7.176742,46.366657,0 7.176789,46.365889,0 7.176031,46.364066,0 7.176066,46.363353,0 7.175513,46.362700,0 7.174529,46.362097,0 7.174435,46.361499,0 7.174040,46.361227,0 7.174210,46.361026,0 7.175501,46.360971,0 7.175373,46.361253,0 7.175954,46.361910,0 7.176787,46.362496,0 7.179250,46.363121,0 7.180015,46.363185,0 7.179686,46.362787,0 7.179880,46.362571,0 7.181516,46.362798,0 7.181077,46.363145,0 7.180739,46.364100,0 7.181667,46.364457,0 7.181630,46.364914,0 7.181872,46.365082,0 7.182512,46.364810,0 7.182698,46.364551,0 7.183133,46.364330,0 7.185584,46.364359,0 7.186579,46.364489,0 7.186739,46.364240,0 7.187109,46.364084,0 7.187415,46.362913,0 7.189202,46.362347,0 7.191399,46.361904,0 7.193006,46.361847,0 7.193595,46.361960,0 7.194026,46.361843,0 7.194591,46.362034,0 7.195467,46.362066,0 7.197890,46.361990,0 7.200595,46.361409,0 7.201252,46.361048,0 7.202325,46.360743,0 7.199667,46.359153,0 7.199306,46.359077,0 7.198485,46.359235,0 7.198972,46.358840,0 7.199026,46.358530,0 7.197578,46.357450,0 7.196342,46.357066,0 7.195305,46.357155,0 7.195083,46.357011,0 7.195269,46.356798,0 7.195895,46.356535,0 7.196681,46.356456,0 7.196926,46.356101,0 7.198039,46.355862,0 7.198662,46.356047,0 7.200145,46.356220,0 7.200366,46.356169,0 7.200602,46.355879,0 7.201524,46.355799,0 7.201605,46.355515,0 7.202139,46.355472,0 7.202496,46.355055,0 7.200591,46.354129,0 7.200158,46.353855,0 7.200100,46.353677,0 7.200337,46.353407,0 7.201332,46.353204,0 7.201688,46.352971,0 7.203248,46.353019,0 7.201570,46.352407,0 7.197081,46.352001,0 7.196237,46.351740,0 7.195608,46.351841,0 7.194996,46.351483,0 7.193032,46.351495,0 7.191926,46.351174,0 7.190360,46.350924,0 7.189402,46.350498,0 7.186432,46.349732,0 7.185415,46.349325,0 7.184038,46.348962,0 7.182120,46.348020,0 7.180417,46.347617,0 7.179190,46.347588,0 7.178136,46.347761,0 7.177936,46.347999,0 7.178497,46.348363,0 7.178478,46.348802,0 7.177888,46.348874,0 7.177463,46.349165,0 7.172159,46.348849,0 7.170605,46.349101,0 7.169496,46.350000,0 7.168976,46.349901,0 7.168545,46.350164,0 7.167496,46.350262,0 7.165921,46.350700,0 7.165137,46.350679,0 7.163983,46.350910,0 7.163308,46.350765,0 7.162436,46.351014,0 7.160792,46.350661,0 7.160203,46.350658,0 7.158709,46.351081,0 7.157995,46.351523,0 7.156183,46.351788,0 7.154337,46.352638,0 7.152605,46.352855,0 7.152817,46.353023,0</coordinates>
    </LineString>
    <ExtendedData>
      <Data name="spot"><value>diablerets</value></Data>
      <Data name="tags"><value>beginner magicpass natural</value></Data>
    </ExtendedData>
  </Placemark>
  <Placemark>
    <name>Charmey - Vounetse (Gruyère) [36 CHF / Magic Pass]</name>
    <description><![CDATA[<b>Vounetse 1627 m - top of the Charmey gondola</b><br/><br/><b>Trails</b><br/>No purpose-built bike park - this is old-school alpine riding. From Vounetse you drop through open pasture on alp tracks, then into forest singletrack back to Charmey, with the Dents Vertes restaurant as the obvious mid-ride stop. Quiet, scenic, and a good option when the bike parks are heaving on a Saturday.<br/><br/><b>Getting up / price</b><br/>Gondola day ticket 36 CHF adult (25-63), 31 CHF for 16-24, free under 6. Free with the Magic Pass.<br/><br/><b>Open season</b><br/>Open from 15 May; closed from 2 November (typical window; check the operator and conditions).<br/>Daily opening hours: 09:00-17:00<br/><small>Typical daily estimate; check the operator schedule.</small><br/><br/><b>Access</b><table class="access"><tr><th>From</th><th>Transport</th><th>Duration</th></tr><tr><td>Lausanne</td><td>Train + bus</td><td>~1h40</td></tr></table><br/><i>Source: <a href="https://www.charmey.ch/en/">Charmey</a>. Prices, schedules, trail status and access can change; verify before travel.</i>]]></description>
    <styleUrl>#placemark-blue</styleUrl>
    <Point><coordinates>7.206881,46.625967,0</coordinates></Point>
    <ExtendedData xmlns:mwm="https://omaps.app">
      <Data name="spot"><value>charmey</value></Data>
      <Data name="tags"><value>beginner magicpass bikepark</value></Data>
      <Data name="open_from"><value>05-15</value></Data>
      <Data name="closed_from"><value>11-02</value></Data>
      <Data name="price_day"><value>36 CHF</value></Data>
      <mwm:icon>Mountain</mwm:icon>
      <mwm:visibility>1</mwm:visibility>
    </ExtendedData>
  </Placemark>
  <Placemark>
    <name>Le Salève (above Geneva) [18 EUR return]</name>
    <description><![CDATA[<b>Salève 1100 m - top of the Veyrier cable car</b><br/><br/><b>Trails</b><br/>Mountain biking is only allowed on the dedicated marked trails here - the Saleve is a nature-protection area and the rules are enforced, so stick to the signed descents towards Veyrier, Monnetier and Collonges-sous-Saleve. Short runs (roughly 600 m of vertical) but you can lap them cheaply and the trails stay ridable very late into autumn.<br/><br/><b>Getting up / price</b><br/>13 EUR one way, 18 EUR return; bikes travel in the cabin at no extra charge. Under 5 minutes to 1100 m.<br/><br/><b>Open season</b><br/>Open from 1 January with no seasonal closure (normally open year-round).<br/>Daily opening hours: 09:00-18:30<br/><small>Typical daily estimate; check the operator schedule.</small><br/><br/><b>Access</b><table class="access"><tr><th>From</th><th>Transport</th><th>Duration</th></tr><tr><td>Lausanne</td><td>Train + bus</td><td>~1h25</td></tr></table><br/><i>Source: <a href="https://www.telepherique-du-saleve.com/en/">Saleve cable car</a>. Prices, schedules, trail status and access can change; verify before travel.</i>]]></description>
    <styleUrl>#placemark-green</styleUrl>
    <Point><coordinates>6.193165,46.154468,0</coordinates></Point>
    <ExtendedData xmlns:mwm="https://omaps.app">
      <Data name="spot"><value>saleve</value></Data>
      <Data name="tags"><value>expert winter natural</value></Data>
      <Data name="open_from"><value>01-01</value></Data>
      <Data name="closed_from"><value>01-01</value></Data>
      <Data name="price_day"><value>18 EUR</value></Data>
      <mwm:icon>Mountain</mwm:icon>
      <mwm:visibility>1</mwm:visibility>
    </ExtendedData>
  </Placemark>
  <Placemark>
    <name>Anzère - Pas de Maimbré [bikes ride free]</name>
    <description><![CDATA[<b>Pas-de-Maimbré 2362 m - top of the Anzère gondola</b><br/><br/><b>Trails</b><br/>One marked downhill line plus four signed routes totalling around 80 km. The DH starts from the Pas de Maimbre or from the mid station, picks up just below La Dent and finishes at the bottom of the Masques trail - about 380 m of continuous descent on the steep part. High, open and dry: a good choice in a wet spell lower down.<br/><br/><b>Getting up / price</b><br/>Carrying a mountain bike on the gondola is free in summer, which makes this unusually good value; you only pay your own passenger ticket. Anzere is a Magic Pass resort.<br/><br/><b>Open season</b><br/>Open from 15 June; closed from 19 October (typical window; check the operator and conditions).<br/>Daily opening hours: 09:00-17:00<br/><small>Typical daily estimate; check the operator schedule.</small><br/><br/><b>Access</b><table class="access"><tr><th>From</th><th>Transport</th><th>Duration</th></tr><tr><td>Lausanne</td><td>Train + bus</td><td>~1h50</td></tr></table><br/><i>Source: <a href="https://www.anzere.ch/en/P77519/mountain-bike">Anzere tourism</a>. Prices, schedules, trail status and access can change; verify before travel.</i>]]></description>
    <styleUrl>#placemark-green</styleUrl>
    <Point><coordinates>7.385609,46.314928,0</coordinates></Point>
    <ExtendedData xmlns:mwm="https://omaps.app">
      <Data name="spot"><value>anzere</value></Data>
      <Data name="tags"><value>beginner expert magicpass natural</value></Data>
      <Data name="open_from"><value>06-15</value></Data>
      <Data name="closed_from"><value>10-19</value></Data>
      <mwm:icon>Mountain</mwm:icon>
      <mwm:visibility>1</mwm:visibility>
    </ExtendedData>
  </Placemark>
  <Placemark>
    <name>Bienne / Magglingen - BielTrail [16 CHF with Half Fare]</name>
    <description><![CDATA[<b>Magglingen/Macolin - top of the funicular</b><br/><br/><b>Trails</b><br/>BielTrail is a 1.95 km, 440 m descent running point-to-point back towards the funicular. Most of the main line is fast, flowing and well maintained, but it includes a short black section that is genuinely technical: a steep downhill passage through rocks and roots. Additional, more relaxed paths descend through the same area, but these are shared with hikers rather than bike-only trails: slow down, give way and expect people around blind corners. The wider Jura network (Les Pres-d'Orvin Bike 844, Erguel Bike 843) starts from the same plateau if you want more distance.<br/><br/><b>Getting up / price</b><br/>The Magglingen funicular is part of Biel city transport. A day costs 16 CHF with the Swiss Half Fare Travelcard, making repeated laps unusually good value. There is a bike wash behind the lower funicular station.<br/><br/><b>Open season</b><br/>Open from 1 January with no seasonal closure in a typical year; avoid riding when the ground is saturated and check local conditions.<br/>Daily opening hours: 05:45-00:00<br/><small>Typical daily estimate; check the operator schedule.</small><br/><br/><b>Access</b><table class="access"><tr><th>From</th><th>Transport</th><th>Duration</th></tr><tr><td>Lausanne</td><td>Train + funicular</td><td>~1h25</td></tr></table><br/><i>Source: <a href="https://www.biel-bienne.ch/en/bieltrail.html/2943">City of Biel</a>. Prices, schedules, trail status and access can change; verify before travel.</i>]]></description>
    <styleUrl>#placemark-green</styleUrl>
    <Point><coordinates>7.214443,47.139139,0</coordinates></Point>
    <ExtendedData xmlns:mwm="https://omaps.app">
      <Data name="spot"><value>bienne</value></Data>
      <Data name="tags"><value>beginner expert natural</value></Data>
      <Data name="open_from"><value>01-01</value></Data>
      <Data name="closed_from"><value>01-01</value></Data>
      <Data name="price_day"><value>16 CHF</value></Data>
      <mwm:icon>Mountain</mwm:icon>
      <mwm:visibility>1</mwm:visibility>
    </ExtendedData>
  </Placemark>
  <Placemark>
    <name>BielTrail: BielTrail (red, DH only)</name>
    <description><![CDATA[2.0 km. Geometry from OpenStreetMap relation 2507244 (ODbL) - indicative only, follow the signs on the ground.]]></description>
    <styleUrl>#line-trail</styleUrl>
    <LineString><tessellate>1</tessellate>
      <coordinates>7.214395,47.138793,0 7.214537,47.138530,0 7.214684,47.138537,0 7.215704,47.139159,0 7.216713,47.139211,0 7.217368,47.139576,0 7.217373,47.139364,0 7.217786,47.139466,0 7.218087,47.139386,0 7.218189,47.139236,0 7.218065,47.139090,0 7.218583,47.138837,0 7.219120,47.138914,0 7.219537,47.138784,0 7.219888,47.138876,0 7.220422,47.138699,0 7.220484,47.138444,0 7.221145,47.138540,0 7.221356,47.138510,0 7.221336,47.138363,0 7.222325,47.138415,0 7.223282,47.138280,0 7.223957,47.138551,0 7.224181,47.138314,0 7.224097,47.138088,0 7.224520,47.138265,0 7.224525,47.138114,0 7.224668,47.138175,0 7.225767,47.137798,0 7.226225,47.137886,0 7.226344,47.137684,0 7.226681,47.137602,0 7.228563,47.137926,0 7.228986,47.138207,0 7.229567,47.138161,0 7.229884,47.138004,0 7.230864,47.138143,0 7.231280,47.138534,0 7.232437,47.138820,0 7.233075,47.138604,0 7.234054,47.138605,0 7.233475,47.137653,0 7.234340,47.137701,0</coordinates>
    </LineString>
    <ExtendedData>
      <Data name="spot"><value>bienne</value></Data>
      <Data name="tags"><value>beginner expert natural</value></Data>
    </ExtendedData>
  </Placemark>
  <Placemark>
    <name>BielTrail: BielTrail (red, DH only) (part 2)</name>
    <description><![CDATA[0.1 km. Geometry from OpenStreetMap relation 2507244 (ODbL) - indicative only, follow the signs on the ground.]]></description>
    <styleUrl>#line-trail</styleUrl>
    <LineString><tessellate>1</tessellate>
      <coordinates>7.216805,47.139258,0 7.218445,47.138879,0</coordinates>
    </LineString>
    <ExtendedData>
      <Data name="spot"><value>bienne</value></Data>
      <Data name="tags"><value>beginner expert natural</value></Data>
    </ExtendedData>
  </Placemark>
  <Placemark>
    <name>BielTrail: Les Pres-d'Orvin Bike (844)</name>
    <description><![CDATA[22.2 km. Geometry from OpenStreetMap relation 12254740 (ODbL) - indicative only, follow the signs on the ground.]]></description>
    <styleUrl>#line-trail</styleUrl>
    <LineString><tessellate>1</tessellate>
      <coordinates>7.133939,47.149705,0 7.132822,47.150044,0 7.132707,47.150247,0 7.134156,47.150727,0 7.134486,47.150944,0 7.134793,47.152443,0 7.136999,47.155282,0 7.137412,47.156133,0 7.138437,47.156297,0 7.140786,47.157342,0 7.143487,47.159040,0 7.148116,47.161162,0 7.148297,47.161515,0 7.150969,47.162353,0 7.153890,47.163773,0 7.157443,47.164659,0 7.157633,47.164079,0 7.157246,47.163714,0 7.157396,47.163626,0 7.158032,47.163871,0 7.158267,47.164336,0 7.159746,47.164692,0 7.161710,47.165773,0 7.165917,47.166671,0 7.167951,47.166910,0 7.168552,47.167362,0 7.169522,47.167598,0 7.172968,47.167709,0 7.175684,47.168509,0 7.178122,47.168134,0 7.182275,47.167171,0 7.183781,47.167328,0 7.188639,47.166821,0 7.188562,47.166663,0 7.187335,47.166074,0 7.182142,47.164504,0 7.178983,47.163121,0 7.175863,47.162086,0 7.175973,47.162006,0 7.176954,47.162038,0 7.179907,47.162237,0 7.183112,47.162905,0 7.188193,47.163675,0 7.189927,47.164113,0 7.190133,47.164043,0 7.186794,47.162380,0 7.185343,47.160944,0 7.184871,47.159491,0 7.184347,47.158818,0 7.183204,47.156674,0 7.182616,47.155986,0 7.182920,47.155802,0 7.183338,47.155997,0 7.183600,47.155908,0 7.183309,47.154903,0 7.183414,47.154649,0 7.180397,47.153789,0 7.178091,47.153311,0 7.174244,47.152309,0 7.170462,47.149887,0 7.167416,47.148681,0 7.169035,47.148034,0 7.170089,47.148017,0 7.172478,47.147651,0 7.174064,47.147117,0 7.174706,47.146546,0 7.175116,47.144935,0 7.174949,47.143602,0 7.173551,47.141675,0 7.172344,47.141021,0 7.172151,47.141124,0 7.172044,47.142913,0 7.171811,47.143152,0 7.170002,47.143554,0 7.167946,47.144517,0 7.166486,47.144782,0 7.164923,47.144899,0 7.159591,47.144475,0 7.155659,47.143976,0 7.150267,47.142601,0 7.147134,47.141125,0 7.146617,47.141008,0 7.144258,47.141120,0 7.142593,47.141331,0 7.139553,47.140670,0 7.136212,47.139509,0 7.131513,47.137486,0 7.127137,47.136489,0 7.124842,47.135482,0 7.123271,47.135131,0 7.121439,47.134553,0 7.115419,47.131677,0 7.111114,47.128801,0 7.108515,47.126455,0 7.107740,47.124929,0 7.107757,47.123254,0 7.108003,47.122925,0 7.107814,47.122660,0 7.107607,47.122706,0 7.106202,47.123690,0 7.105711,47.123681,0 7.105355,47.123433,0 7.105215,47.124096,0 7.106713,47.126714,0 7.108662,47.129623,0 7.109599,47.131725,0 7.109093,47.134970,0 7.110111,47.135786,0 7.111440,47.137293,0 7.112100,47.138692,0 7.113098,47.139369,0 7.115482,47.140101,0 7.116569,47.140796,0 7.118055,47.141495,0 7.118657,47.142000,0 7.120342,47.143025,0 7.122291,47.144626,0 7.122333,47.145536,0 7.121694,47.146023,0 7.121751,47.146739,0 7.121940,47.146885,0 7.126771,47.146942,0 7.131018,47.148922,0 7.133939,47.149705,0</coordinates>
    </LineString>
    <ExtendedData>
      <Data name="spot"><value>bienne</value></Data>
      <Data name="tags"><value>beginner expert natural</value></Data>
    </ExtendedData>
  </Placemark>
  <Placemark>
    <name>Portes du Soleil - Champéry / Les Crosets [from 26 CHF]</name>
    <description><![CDATA[<b>Planachaux 1800 m - top of the Champéry cable car</b><br/><br/><b>Trails</b><br/>The gateway to 600 km of marked MTB trails and 21 open lifts - the biggest lift-linked bike area within reach of Lausanne. Champery has hosted UCI World Cup downhill, and the Grand Conche black DH off Les Crosets is the serious local line. From Planachaux you can ride the whole loop into France (Chatel, Morzine, Les Gets, Avoriaz) on one pass - the Pass'Portes weekend, 26-28 June 2026, is the day to do it.<br/><br/><b>Getting up / price</b><br/>Swiss-side day passes start around 26 CHF for a single sector; the Champery cable car alone is from 18 CHF. A full Portes du Soleil day bike pass (both countries, 21 lifts) is 39 EUR, and a PdS season bike pass starts at 335 CHF.<br/><br/><b>Open season</b><br/>Open from 12 June; closed from 14 September (typical window; check the operator and conditions).<br/>Daily opening hours: 09:00-17:00<br/><small>Typical daily estimate; check the operator schedule.</small><br/><br/><b>Access</b><table class="access"><tr><th>From</th><th>Transport</th><th>Duration</th></tr><tr><td>Lausanne</td><td>Train</td><td>~1h50</td></tr></table><br/><i>Source: <a href="https://en.portesdusoleil.com/summer/mountain-biking/">Portes du Soleil</a>. Prices, schedules, trail status and access can change; verify before travel.</i>]]></description>
    <styleUrl>#placemark-blue</styleUrl>
    <Point><coordinates>6.845206,46.175042,0</coordinates></Point>
    <ExtendedData xmlns:mwm="https://omaps.app">
      <Data name="spot"><value>pds</value></Data>
      <Data name="tags"><value>beginner expert bikepark</value></Data>
      <Data name="open_from"><value>06-12</value></Data>
      <Data name="closed_from"><value>09-14</value></Data>
      <Data name="price_day"><value>26 CHF</value></Data>
      <Data name="price_season"><value>335 CHF</value></Data>
      <mwm:icon>Mountain</mwm:icon>
      <mwm:visibility>1</mwm:visibility>
    </ExtendedData>
  </Placemark>
  <Placemark>
    <name>Champery: Les Crosets - lift hub, Grand Conche start</name>
    <styleUrl>#placemark-gray</styleUrl>
    <Point><coordinates>6.840223,46.177227,0</coordinates></Point>
    <ExtendedData xmlns:mwm="https://omaps.app">
      <Data name="spot"><value>pds</value></Data>
      <Data name="tags"><value>beginner expert bikepark</value></Data>
      <mwm:icon>Transport</mwm:icon>
      <mwm:visibility>1</mwm:visibility>
    </ExtendedData>
  </Placemark>
  <Placemark>
    <name>Champery: Grand Conche DH (black)</name>
    <description><![CDATA[2.1 km. Geometry from OpenStreetMap relation 6427401 (ODbL) - indicative only, follow the signs on the ground.]]></description>
    <styleUrl>#line-trail</styleUrl>
    <LineString><tessellate>1</tessellate>
      <coordinates>6.831238,46.182633,0 6.830511,46.182243,0 6.828689,46.181917,0 6.828627,46.181755,0 6.827698,46.181821,0 6.827328,46.182029,0 6.826898,46.181866,0 6.826718,46.181604,0 6.826384,46.181455,0 6.824747,46.181950,0 6.823944,46.182448,0 6.823105,46.182112,0 6.822304,46.181978,0 6.821937,46.182045,0 6.821684,46.182162,0 6.821737,46.182616,0 6.821594,46.182888,0 6.821423,46.182871,0 6.821150,46.182531,0 6.821004,46.182579,0 6.821052,46.183215,0 6.820761,46.183887,0 6.820470,46.184080,0 6.820219,46.184079,0 6.820394,46.184344,0 6.820129,46.184348,0 6.820207,46.184667,0 6.820016,46.184639,0 6.819876,46.184757,0 6.819260,46.184681,0 6.819530,46.185034,0 6.819349,46.185189,0 6.818329,46.184970,0 6.818774,46.185429,0 6.819330,46.185687,0 6.817619,46.185157,0 6.817669,46.185254,0 6.817533,46.185269,0 6.818543,46.185979,0 6.817452,46.185770,0 6.817578,46.185952,0 6.817241,46.185925,0 6.817453,46.186089,0 6.816831,46.185799,0 6.816691,46.185841,0</coordinates>
    </LineString>
    <ExtendedData>
      <Data name="spot"><value>pds</value></Data>
      <Data name="tags"><value>beginner expert bikepark</value></Data>
    </ExtendedData>
  </Placemark>
  <Placemark>
    <name>Verbier - 4 Vallées [47 CHF]</name>
    <description><![CDATA[<b>Les Ruinettes 2200 m - bike park top</b><br/><br/><b>Trails</b><br/>Verbier Bike Park by Commencal: the most serious lift-served downhill within two hours of Lausanne. Long, steep, properly rough World-Cup-adjacent lines off Les Ruinettes and La Chaux, plus a huge natural enduro network reaching down 1500 m to Le Chable. Savoleyres is the quieter side with more natural, flowy trails. Bring a real bike and pads.<br/><br/><b>Getting up / price</b><br/>Verbier bike day pass 47 CHF; the full 4 Vallees bike day pass 57 CHF. Season: Verbier 229 CHF, 4 Vallees 329 CHF. Le Chable > Verbier return is 12.80 CHF and Verbier > Les Ruinettes return 25 CHF if you only want one lap. 10% off online 10+ days ahead. Main summer season 4 July - 21 September 2026.<br/><br/><b>Open season</b><br/>Open from 4 July; closed from 22 September (published 2026 dates).<br/>Daily opening hours: 09:00-17:00<br/><small>Typical daily estimate; check the operator schedule.</small><br/><br/><b>Access</b><table class="access"><tr><th>From</th><th>Transport</th><th>Duration</th></tr><tr><td>Lausanne</td><td>Train</td><td>~1h50</td></tr></table><br/><i>Source: <a href="https://verbier4vallees.ch/en/activities/bike">Verbier 4 Vallees</a>. Prices, schedules, trail status and access can change; verify before travel.</i>]]></description>
    <styleUrl>#placemark-blue</styleUrl>
    <Point><coordinates>7.252660,46.091099,0</coordinates></Point>
    <ExtendedData xmlns:mwm="https://omaps.app">
      <Data name="spot"><value>verbier</value></Data>
      <Data name="tags"><value>expert bikepark</value></Data>
      <Data name="open_from"><value>07-04</value></Data>
      <Data name="closed_from"><value>09-22</value></Data>
      <Data name="price_day"><value>47 CHF</value></Data>
      <Data name="price_season"><value>229 CHF</value></Data>
      <mwm:icon>Mountain</mwm:icon>
      <mwm:visibility>1</mwm:visibility>
    </ExtendedData>
  </Placemark>
  <Placemark>
    <name>Verbier: Savoleyres - second lift, quieter enduro side</name>
    <styleUrl>#placemark-gray</styleUrl>
    <Point><coordinates>7.224809,46.103794,0</coordinates></Point>
    <ExtendedData xmlns:mwm="https://omaps.app">
      <Data name="spot"><value>verbier</value></Data>
      <Data name="tags"><value>expert bikepark</value></Data>
      <mwm:icon>Transport</mwm:icon>
      <mwm:visibility>1</mwm:visibility>
    </ExtendedData>
  </Placemark>
  <Placemark>
    <name>Leukerbad - Torrent [~40 CHF]</name>
    <description><![CDATA[<b>Rinderhütte 2350 m - top of the Torrent cable car</b><br/><br/><b>Trails</b><br/>A well-signed Valais trail network rather than a bike park. Torrenttrail Bike (114) is the long one off the Rinderhutte; Chällerflue Bike (116) and the Deleeschi and Jales Flow flowtrails give you a mix of natural and built riding. High, sunny and dry, with thermal baths at the bottom - the best recovery of any spot on this list.<br/><br/><b>Getting up / price</b><br/>Torrent-Bahnen day tickets - price not verified here, budget 35-45 CHF; check torrent.ch before travelling.<br/><br/><b>Open season</b><br/>Open from 15 June; closed from 19 October (typical window; check the operator and conditions).<br/>Daily opening hours: 09:00-17:00<br/><small>Typical daily estimate; check the operator schedule.</small><br/><br/><b>Access</b><table class="access"><tr><th>From</th><th>Transport</th><th>Duration</th></tr><tr><td>Lausanne</td><td>Train + bus</td><td>~2h05</td></tr></table><br/><i>Source: <a href="https://www.leukerbad.ch/en/experiences/summer/biking">Leukerbad</a>. Prices, schedules, trail status and access can change; verify before travel.</i>]]></description>
    <styleUrl>#placemark-green</styleUrl>
    <Point><coordinates>7.648433,46.368666,0</coordinates></Point>
    <ExtendedData xmlns:mwm="https://omaps.app">
      <Data name="spot"><value>leukerbad</value></Data>
      <Data name="tags"><value>beginner expert natural</value></Data>
      <Data name="open_from"><value>06-15</value></Data>
      <Data name="closed_from"><value>10-19</value></Data>
      <mwm:icon>Mountain</mwm:icon>
      <mwm:visibility>1</mwm:visibility>
    </ExtendedData>
  </Placemark>
  <Placemark>
    <name>Leukerbad: Torrentalp - mid station</name>
    <styleUrl>#placemark-gray</styleUrl>
    <Point><coordinates>7.635141,46.361674,0</coordinates></Point>
    <ExtendedData xmlns:mwm="https://omaps.app">
      <Data name="spot"><value>leukerbad</value></Data>
      <Data name="tags"><value>beginner expert natural</value></Data>
      <mwm:icon>Transport</mwm:icon>
      <mwm:visibility>1</mwm:visibility>
    </ExtendedData>
  </Placemark>
  <Placemark>
    <name>Leukerbad: Torrenttrail Bike (114)</name>
    <description><![CDATA[27.9 km. Geometry from OpenStreetMap relation 19597073 (ODbL) - indicative only, follow the signs on the ground.]]></description>
    <styleUrl>#line-trail</styleUrl>
    <LineString><tessellate>1</tessellate>
      <coordinates>7.648940,46.369187,0 7.649192,46.369169,0 7.649327,46.368997,0 7.649042,46.368158,0 7.649897,46.368634,0 7.650156,46.368633,0 7.650777,46.368327,0 7.651657,46.368233,0 7.652857,46.367826,0 7.652911,46.367456,0 7.653828,46.367097,0 7.653699,46.366723,0 7.653941,46.366534,0 7.653908,46.366016,0 7.654219,46.365065,0 7.654160,46.364669,0 7.654354,46.364476,0 7.654139,46.364002,0 7.654219,46.363673,0 7.653098,46.361852,0 7.651741,46.360474,0 7.651881,46.360104,0 7.651709,46.359497,0 7.652589,46.358949,0 7.653168,46.358834,0 7.655051,46.358975,0 7.655630,46.359142,0 7.656719,46.359071,0 7.656408,46.359008,0 7.657084,46.358660,0 7.656902,46.357466,0 7.657071,46.356954,0 7.658069,46.356661,0 7.660506,46.356325,0 7.661502,46.355996,0 7.661693,46.355804,0 7.662053,46.355753,0 7.662123,46.355456,0 7.662315,46.355379,0 7.662332,46.354651,0 7.662401,46.354416,0 7.662601,46.354349,0 7.662262,46.353769,0 7.662347,46.353596,0 7.662163,46.353358,0 7.662271,46.353249,0 7.662066,46.353127,0 7.661944,46.352795,0 7.662031,46.352547,0 7.661753,46.352255,0 7.661735,46.351500,0 7.661886,46.351404,0 7.661590,46.350814,0 7.661488,46.349897,0 7.661176,46.349673,0 7.660904,46.349018,0 7.661003,46.348537,0 7.660828,46.346399,0 7.661059,46.346283,0 7.660924,46.345624,0 7.661377,46.345524,0 7.662053,46.345731,0 7.662180,46.345608,0 7.663269,46.345580,0 7.664808,46.344753,0 7.664450,46.343552,0 7.664486,46.343278,0 7.664987,46.343060,0 7.665503,46.342869,0 7.666406,46.343191,0 7.666616,46.343083,0 7.667650,46.343044,0 7.668755,46.343223,0 7.669292,46.343505,0 7.670139,46.343509,0 7.671120,46.343266,0 7.671633,46.343366,0 7.673343,46.344439,0 7.673184,46.344689,0 7.673533,46.344709,0 7.674174,46.344991,0 7.675147,46.345059,0 7.675533,46.344938,0 7.676168,46.345075,0 7.676664,46.345962,0 7.676908,46.346098,0 7.677194,46.346660,0 7.677448,46.346795,0 7.677840,46.345656,0 7.677512,46.344847,0 7.675387,46.344217,0 7.673816,46.343308,0 7.674827,46.343381,0 7.675629,46.343649,0 7.677235,46.343405,0 7.678742,46.343573,0 7.679319,46.344280,0 7.680036,46.345949,0 7.680440,46.347199,0 7.680213,46.347351,0 7.680126,46.347684,0 7.680156,46.348782,0 7.680793,46.349173,0 7.680647,46.349580,0 7.681099,46.350235,0 7.681051,46.350538,0 7.681508,46.350821,0 7.682075,46.351625,0 7.682698,46.352122,0 7.684204,46.352646,0 7.684327,46.352430,0 7.683690,46.351756,0 7.684602,46.352208,0 7.684602,46.351919,0 7.683587,46.349335,0 7.684365,46.348196,0 7.684348,46.346678,0 7.684700,46.345552,0 7.685840,46.343831,0 7.685870,46.343216,0 7.686376,46.342368,0 7.686294,46.341628,0 7.686923,46.341222,0 7.687401,46.341192,0 7.688610,46.340767,0 7.689978,46.340511,0 7.693414,46.340990,0 7.693531,46.340872,0 7.693368,46.340346,0 7.693006,46.339837,0 7.693144,46.339747,0 7.693562,46.339566,0 7.695047,46.339288,0 7.697317,46.338307,0 7.698007,46.338185,0 7.699311,46.338278,0 7.699649,46.337961,0 7.699716,46.337311,0 7.700313,46.336995,0 7.701435,46.336860,0 7.701724,46.336684,0 7.702789,46.336756,0 7.703595,46.336607,0 7.704721,46.336869,0 7.706644,46.336928,0 7.708626,46.337326,0 7.709989,46.337814,0 7.710720,46.337879,0 7.711413,46.338122,0 7.714051,46.339600,0 7.716090,46.339868,0 7.718778,46.340806,0 7.719809,46.341531,0 7.720524,46.341785,0 7.721135,46.341144,0 7.722859,46.341216,0 7.723815,46.340867,0 7.724773,46.341067,0 7.724844,46.340938,0 7.724689,46.340576,0 7.724263,46.340375,0 7.722854,46.339845,0 7.721067,46.339496,0 7.721005,46.338603,0 7.721256,46.338835,0 7.721054,46.337974,0 7.720791,46.338006,0 7.720271,46.337774,0 7.719994,46.337064,0 7.719589,46.337073,0 7.719576,46.336831,0 7.718841,46.336301,0 7.718062,46.336212,0 7.717818,46.335645,0 7.717448,46.335440,0 7.717525,46.335360,0 7.717170,46.335055,0 7.715188,46.334437,0 7.714495,46.334512,0 7.713824,46.334147,0 7.712795,46.334177,0 7.711251,46.333682,0 7.710914,46.333229,0 7.710496,46.333015,0 7.710235,46.333034,0 7.709369,46.332277,0 7.708407,46.331812,0 7.707922,46.331239,0 7.707204,46.330840,0 7.706378,46.330703,0 7.706103,46.330491,0 7.705962,46.330027,0 7.705162,46.329755,0 7.704902,46.329812,0 7.702259,46.329373,0 7.701807,46.329172,0 7.701843,46.328781,0 7.700991,46.328650,0 7.700724,46.328925,0 7.699082,46.329127,0 7.699163,46.328966,0 7.697601,46.328624,0 7.696733,46.328283,0 7.695777,46.328039,0 7.693809,46.327859,0 7.693869,46.327725,0 7.692863,46.327884,0 7.692158,46.327643,0 7.690712,46.327908,0 7.691067,46.328654,0 7.691045,46.328842,0 7.690370,46.329320,0 7.690467,46.330683,0 7.691260,46.331854,0 7.691464,46.332880,0 7.691384,46.333395,0 7.690693,46.333711,0 7.690981,46.332621,0 7.690416,46.331568,0 7.688981,46.330611,0 7.688676,46.329744,0 7.688238,46.329177,0 7.688080,46.328241,0 7.686696,46.326845,0 7.686687,46.326385,0 7.686301,46.326395,0 7.686579,46.326080,0 7.686121,46.326198,0 7.685924,46.326593,0 7.685801,46.326575,0 7.685931,46.326004,0 7.686310,46.325634,0 7.686465,46.324572,0 7.686485,46.323926,0 7.686220,46.323401,0 7.685708,46.324031,0 7.685257,46.324223,0 7.684494,46.324318,0 7.684030,46.324578,0 7.683847,46.324539,0 7.684141,46.325594,0 7.683881,46.326045,0 7.684125,46.326579,0 7.684746,46.327063,0 7.684591,46.327425,0 7.684618,46.328415,0 7.684070,46.329229,0 7.683201,46.329964,0 7.682320,46.330340,0 7.681820,46.330250,0 7.680581,46.330331,0 7.680355,46.330239,0 7.680069,46.329521,0 7.679195,46.329867,0 7.678641,46.329557,0 7.677967,46.329068,0 7.677944,46.328589,0 7.677312,46.327935,0 7.676877,46.327907,0 7.676510,46.328050,0 7.676215,46.327935,0 7.675738,46.327006,0 7.675636,46.326629,0 7.675775,46.326392,0 7.675244,46.325720,0 7.674464,46.325330,0 7.673895,46.325280,0 7.673188,46.325541,0 7.669983,46.325337,0 7.669135,46.325539,0 7.668498,46.325517,0 7.666889,46.325100,0 7.666034,46.325171,0 7.665421,46.324799,0 7.664087,46.324843,0 7.662205,46.324094,0 7.661143,46.323821,0 7.658091,46.323479,0 7.656254,46.324489,0 7.655616,46.325164,0 7.654093,46.325948,0 7.652896,46.325952,0 7.652327,46.325852,0 7.652275,46.325724,0 7.653154,46.325457,0 7.651204,46.325130,0 7.650549,46.325275,0 7.649388,46.325013,0 7.648130,46.325001,0 7.649659,46.324349,0 7.651204,46.324226,0 7.651680,46.323989,0 7.651073,46.323600,0 7.650541,46.323497,0 7.649336,46.323650,0 7.648683,46.323533,0 7.648396,46.323747,0 7.647509,46.323804,0 7.646288,46.324098,0 7.646236,46.323983,0 7.645427,46.324007,0 7.644853,46.323837,0 7.644624,46.323615,0 7.644529,46.322902,0 7.643780,46.322702,0 7.643297,46.322802,0 7.643036,46.322570,0 7.642797,46.321775,0 7.642368,46.321225,0 7.642869,46.321113,0 7.643019,46.320841,0 7.643221,46.320814,0 7.643832,46.320907,0 7.644999,46.321789,0 7.646673,46.321609,0 7.645559,46.319928,0 7.645746,46.319462,0 7.645633,46.319276,0 7.645779,46.319272,0 7.645210,46.318601,0 7.644199,46.318570,0 7.643313,46.318251,0 7.643219,46.318083,0 7.643578,46.317825,0 7.643394,46.317537,0 7.642041,46.317810,0 7.640760,46.317669,0 7.640877,46.317402,0 7.640389,46.316966,0 7.640394,46.316221,0 7.640843,46.315884,0 7.641200,46.315783,0 7.641134,46.315696,0 7.640307,46.315629,0 7.639446,46.315977,0 7.637401,46.316342,0 7.636905,46.316759,0 7.636276,46.317747,0 7.635640,46.317809,0 7.634671,46.317754,0 7.634375,46.316391,0 7.636302,46.316036,0 7.636375,46.315836,0 7.633503,46.315849,0 7.632962,46.316238,0 7.633756,46.315505,0 7.635629,46.315252,0 7.636104,46.314957,0 7.636426,46.314357,0 7.637022,46.313892,0 7.638171,46.313810,0 7.638944,46.313477,0 7.639525,46.313398,0 7.639153,46.313126,0 7.637977,46.312639,0 7.639915,46.313073,0 7.641168,46.312157,0 7.642966,46.312089,0 7.643352,46.311774,0 7.643730,46.311787,0 7.644403,46.311568,0</coordinates>
    </LineString>
    <ExtendedData>
      <Data name="spot"><value>leukerbad</value></Data>
      <Data name="tags"><value>beginner expert natural</value></Data>
    </ExtendedData>
  </Placemark>
  <Placemark>
    <name>Leukerbad: Chällerflüe Bike (116)</name>
    <description><![CDATA[12.5 km. Geometry from OpenStreetMap relation 17680492 (ODbL) - indicative only, follow the signs on the ground.]]></description>
    <styleUrl>#line-trail</styleUrl>
    <LineString><tessellate>1</tessellate>
      <coordinates>7.607537,46.318308,0 7.607107,46.318480,0 7.606863,46.318953,0 7.606675,46.320109,0 7.607460,46.320619,0 7.607746,46.320643,0 7.607750,46.320789,0 7.607926,46.320746,0 7.607910,46.320901,0 7.608123,46.320923,0 7.608068,46.321058,0 7.608522,46.321371,0 7.609109,46.321576,0 7.610176,46.322228,0 7.609463,46.322106,0 7.608889,46.322204,0 7.607764,46.321905,0 7.606007,46.321841,0 7.605134,46.321487,0 7.605302,46.321671,0 7.605277,46.321931,0 7.605143,46.322186,0 7.604861,46.322123,0 7.604932,46.322653,0 7.604391,46.322752,0 7.604004,46.322985,0 7.604316,46.323222,0 7.603770,46.323065,0 7.602860,46.323152,0 7.601220,46.322865,0 7.600888,46.323034,0 7.600116,46.322838,0 7.599386,46.322838,0 7.598900,46.323070,0 7.598528,46.323520,0 7.598442,46.323935,0 7.598957,46.325179,0 7.598485,46.325209,0 7.598485,46.325387,0 7.599532,46.326098,0 7.600845,46.326365,0 7.601360,46.326602,0 7.601815,46.327479,0 7.601815,46.327835,0 7.601360,46.328410,0 7.600871,46.328368,0 7.600734,46.329150,0 7.600390,46.329239,0 7.600270,46.329636,0 7.600562,46.329873,0 7.600974,46.329832,0 7.602502,46.330857,0 7.603249,46.331094,0 7.603462,46.331401,0 7.604948,46.331770,0 7.605412,46.332114,0 7.605523,46.332481,0 7.605411,46.332805,0 7.606441,46.333785,0 7.606432,46.333974,0 7.607154,46.334354,0 7.608028,46.334434,0 7.608160,46.334814,0 7.608734,46.335251,0 7.609743,46.335612,0 7.610313,46.336639,0 7.610068,46.336942,0 7.610115,46.337275,0 7.609552,46.337640,0 7.609258,46.338279,0 7.608614,46.338900,0 7.608070,46.338147,0 7.607373,46.337753,0 7.606254,46.337561,0 7.606125,46.337679,0 7.605275,46.337293,0 7.604580,46.337519,0 7.602880,46.337519,0 7.602503,46.337697,0 7.602709,46.337774,0 7.602709,46.338141,0 7.601191,46.338662,0 7.601790,46.339042,0 7.602648,46.339222,0 7.602940,46.339085,0 7.603400,46.339081,0 7.603764,46.339139,0 7.603901,46.339289,0 7.604460,46.340921,0 7.604349,46.342083,0 7.604510,46.342365,0 7.604195,46.342853,0 7.603010,46.343422,0 7.601590,46.343678,0 7.600894,46.343990,0 7.600383,46.345087,0 7.600014,46.345335,0 7.600109,46.345768,0 7.599628,46.346420,0 7.599551,46.347172,0 7.599714,46.347320,0 7.599139,46.347593,0 7.598804,46.348310,0 7.598770,46.348653,0 7.598984,46.348802,0 7.598804,46.349216,0 7.599439,46.350549,0 7.599516,46.350964,0 7.599302,46.351367,0 7.599902,46.353322,0 7.599911,46.354056,0 7.600272,46.354655,0 7.600035,46.354807,0 7.600409,46.355336,0 7.600448,46.355759,0 7.600786,46.356201,0 7.601190,46.356349,0 7.601653,46.357018,0 7.602872,46.357617,0 7.603361,46.357688,0 7.603449,46.358486,0 7.602955,46.359529,0 7.603027,46.360697,0 7.602589,46.361449,0 7.603027,46.361317,0 7.603176,46.361529,0 7.601768,46.361871,0 7.601592,46.362276,0 7.602736,46.362653,0 7.603086,46.362367,0 7.604330,46.362455,0 7.604769,46.362320,0 7.606281,46.362734,0 7.606974,46.363511,0 7.607893,46.364014,0 7.608117,46.364351,0 7.608550,46.364475,0 7.609135,46.364456,0 7.609876,46.364890,0 7.611306,46.365416,0 7.610248,46.364334,0 7.609856,46.364109,0 7.609891,46.363704,0 7.609584,46.363556,0 7.609040,46.362859,0 7.609836,46.362908,0 7.610548,46.363161,0 7.610453,46.362914,0 7.609678,46.362291,0 7.609499,46.361976,0 7.610585,46.362570,0 7.610742,46.362806,0 7.611734,46.363174,0 7.612944,46.364314,0 7.613488,46.364616,0 7.614361,46.364625,0 7.615062,46.364770,0 7.615408,46.364602,0 7.616425,46.364776,0 7.617180,46.365089,0 7.617187,46.365402,0 7.616897,46.365681,0 7.617515,46.366312,0 7.618321,46.368316,0 7.620098,46.369863,0 7.620300,46.370657,0 7.621068,46.371450,0 7.620976,46.372261,0 7.621866,46.373234,0 7.622022,46.373793,0 7.622140,46.374511,0 7.621994,46.375441,0 7.622406,46.376090,0 7.622243,46.376749,0 7.622349,46.377484,0 7.622927,46.378307,0 7.623196,46.379232,0 7.623638,46.379578,0 7.623501,46.380548,0 7.624697,46.380934,0 7.624719,46.381248,0</coordinates>
    </LineString>
    <ExtendedData>
      <Data name="spot"><value>leukerbad</value></Data>
      <Data name="tags"><value>beginner expert natural</value></Data>
    </ExtendedData>
  </Placemark>
  <Placemark>
    <name>Leukerbad: Chällerflüe Bike (116) (part 2)</name>
    <description><![CDATA[0.8 km. Geometry from OpenStreetMap relation 17680492 (ODbL) - indicative only, follow the signs on the ground.]]></description>
    <styleUrl>#line-trail</styleUrl>
    <LineString><tessellate>1</tessellate>
      <coordinates>7.618176,46.367952,0 7.617240,46.367562,0 7.616230,46.366622,0 7.615575,46.366294,0 7.614434,46.366028,0 7.614047,46.365761,0 7.613328,46.365634,0 7.612533,46.364812,0 7.611198,46.364494,0 7.611098,46.364292,0 7.609846,46.363892,0</coordinates>
    </LineString>
    <ExtendedData>
      <Data name="spot"><value>leukerbad</value></Data>
      <Data name="tags"><value>beginner expert natural</value></Data>
    </ExtendedData>
  </Placemark>
  <Placemark>
    <name>Leukerbad: Chällerflüe Bike (116) (part 3)</name>
    <description><![CDATA[0.1 km. Geometry from OpenStreetMap relation 17680492 (ODbL) - indicative only, follow the signs on the ground.]]></description>
    <styleUrl>#line-trail</styleUrl>
    <LineString><tessellate>1</tessellate>
      <coordinates>7.623564,46.380597,0 7.623554,46.379439,0</coordinates>
    </LineString>
    <ExtendedData>
      <Data name="spot"><value>leukerbad</value></Data>
      <Data name="tags"><value>beginner expert natural</value></Data>
    </ExtendedData>
  </Placemark>
  <Placemark>
    <name>Leukerbad: Flowtrail Deleeschi</name>
    <description><![CDATA[2.8 km. Geometry from OpenStreetMap relation 19966652 (ODbL) - indicative only, follow the signs on the ground.]]></description>
    <styleUrl>#line-trail</styleUrl>
    <LineString><tessellate>1</tessellate>
      <coordinates>7.623181,46.360535,0 7.623570,46.359390,0 7.623450,46.358738,0 7.623767,46.359094,0 7.624222,46.359052,0 7.624136,46.359449,0 7.624325,46.359668,0 7.624651,46.359822,0 7.624737,46.359597,0 7.626231,46.360545,0 7.626711,46.360722,0 7.626857,46.360663,0 7.629041,46.362485,0 7.629089,46.362251,0 7.628393,46.360242,0 7.628831,46.359952,0 7.628975,46.359391,0 7.629247,46.359195,0 7.629057,46.358559,0 7.629155,46.358386,0 7.629862,46.358284,0 7.630542,46.358023,0 7.630864,46.358152,0 7.630140,46.358527,0 7.631395,46.358506,0 7.630978,46.358728,0 7.631122,46.358819,0 7.630991,46.359068,0 7.631825,46.358921,0 7.631401,46.359211,0 7.631342,46.359426,0 7.631792,46.359243,0 7.632912,46.359358,0 7.632292,46.359642,0 7.633182,46.359739,0 7.632991,46.359866,0 7.633356,46.359923,0 7.632834,46.360070,0 7.634092,46.360100,0 7.633592,46.360333,0 7.633632,46.360415,0 7.634367,46.360385,0 7.634463,46.360453,0 7.634275,46.360612,0 7.634522,46.360521,0 7.636315,46.360934,0 7.635300,46.361013,0 7.635454,46.361132,0 7.635203,46.361120,0 7.635281,46.361565,0</coordinates>
    </LineString>
    <ExtendedData>
      <Data name="spot"><value>leukerbad</value></Data>
      <Data name="tags"><value>beginner expert natural</value></Data>
    </ExtendedData>
  </Placemark>
  <Placemark>
    <name>Leukerbad: Flowtrail Jales Flow</name>
    <description><![CDATA[3.2 km. Geometry from OpenStreetMap relation 19975244 (ODbL) - indicative only, follow the signs on the ground.]]></description>
    <styleUrl>#line-trail</styleUrl>
    <LineString><tessellate>1</tessellate>
      <coordinates>7.635600,46.361745,0 7.635484,46.362138,0 7.635618,46.362728,0 7.636161,46.362380,0 7.636426,46.362733,0 7.637177,46.362413,0 7.637193,46.362554,0 7.637440,46.362546,0 7.637255,46.363065,0 7.637816,46.362774,0 7.638395,46.362850,0 7.637639,46.363779,0 7.638859,46.363618,0 7.639540,46.363674,0 7.639237,46.363922,0 7.639299,46.364016,0 7.640026,46.363870,0 7.639148,46.364569,0 7.639587,46.364716,0 7.639303,46.365027,0 7.639692,46.365018,0 7.639238,46.365350,0 7.640154,46.365041,0 7.639949,46.365869,0 7.640697,46.365456,0 7.641509,46.365323,0 7.641774,46.365517,0 7.642596,46.365567,0 7.641731,46.365696,0 7.641738,46.365782,0 7.643629,46.365876,0 7.642995,46.366030,0 7.642619,46.366252,0 7.643339,46.366082,0 7.643654,46.366146,0 7.644208,46.366048,0 7.645362,46.366227,0 7.646129,46.365859,0 7.645946,46.366253,0 7.645198,46.366650,0 7.646347,46.366563,0 7.646768,46.366374,0 7.647122,46.366482,0 7.647466,46.366323,0 7.647513,46.366468,0 7.647208,46.366774,0 7.647388,46.366879,0 7.647010,46.366838,0 7.646604,46.367081,0 7.647704,46.367123,0 7.647285,46.367387,0 7.648061,46.367492,0 7.647838,46.367605,0 7.647503,46.367582,0 7.647078,46.367833,0 7.648506,46.367841,0 7.648066,46.368058,0 7.647948,46.368268,0 7.648479,46.368277,0 7.648931,46.368496,0 7.649073,46.368901,0 7.648940,46.369187,0</coordinates>
    </LineString>
    <ExtendedData>
      <Data name="spot"><value>leukerbad</value></Data>
      <Data name="tags"><value>beginner expert natural</value></Data>
    </ExtendedData>
  </Placemark>
  <Placemark>
    <name>Jeizinen / Gampel (Valais) [small cable car]</name>
    <description><![CDATA[<b>Jeizinen 1526 m - top of the Gampel cable car</b><br/><br/><b>Trails</b><br/>Two marked local routes that see almost no traffic: Jeizibarg Bike (117) and Jeizi Enduro (118), dropping through the dry south-facing slopes above the Rhone. Steep, loose, natural. The Pfyn-Finges nature park right below is worth a detour on the way back.<br/><br/><b>Getting up / price</b><br/>Small local cable car (Luftseilbahn Gampel-Jeizinen), runs all year, cheap by Valais standards - price not verified here.<br/><br/><b>Open season</b><br/>Open from 1 May; closed from 1 November (typical window; check the operator and conditions).<br/>Daily opening hours: 09:00-17:00<br/><small>Typical daily estimate; check the operator schedule.</small><br/><br/><b>Access</b><table class="access"><tr><th>From</th><th>Transport</th><th>Duration</th></tr><tr><td>Lausanne</td><td>Train</td><td>~1h55</td></tr></table><br/><i>Source: <a href="https://www.gampel-bratsch-tourismus.ch/en/">Gampel-Bratsch tourism</a>. Prices, schedules, trail status and access can change; verify before travel.</i>]]></description>
    <styleUrl>#placemark-green</styleUrl>
    <Point><coordinates>7.722936,46.326332,0</coordinates></Point>
    <ExtendedData xmlns:mwm="https://omaps.app">
      <Data name="spot"><value>jeizinen</value></Data>
      <Data name="tags"><value>expert natural</value></Data>
      <Data name="open_from"><value>05-01</value></Data>
      <Data name="closed_from"><value>11-01</value></Data>
      <mwm:icon>Mountain</mwm:icon>
      <mwm:visibility>1</mwm:visibility>
    </ExtendedData>
  </Placemark>
  <Placemark>
    <name>Jeizinen: Gampel cable car - valley station</name>
    <description><![CDATA[Bottom station, a few minutes from Gampel-Steg railway station. Runs all year.]]></description>
    <styleUrl>#placemark-gray</styleUrl>
    <Point><coordinates>7.739287,46.315529,0</coordinates></Point>
    <ExtendedData xmlns:mwm="https://omaps.app">
      <Data name="spot"><value>jeizinen</value></Data>
      <Data name="tags"><value>expert natural</value></Data>
      <mwm:icon>Transport</mwm:icon>
      <mwm:visibility>1</mwm:visibility>
    </ExtendedData>
  </Placemark>
  <Placemark>
    <name>Jeizinen: Jeizibärg Bike (117)</name>
    <description><![CDATA[25.6 km. Geometry from OpenStreetMap relation 17752506 (ODbL) - indicative only, follow the signs on the ground.]]></description>
    <styleUrl>#line-trail</styleUrl>
    <LineString><tessellate>1</tessellate>
      <coordinates>7.747648,46.306371,0 7.748662,46.306555,0 7.748686,46.306301,0 7.747700,46.306185,0 7.747414,46.306274,0 7.747379,46.306131,0 7.747611,46.306180,0 7.747259,46.305418,0 7.746797,46.305171,0 7.746189,46.305135,0 7.745153,46.305371,0 7.744738,46.305707,0 7.744667,46.307326,0 7.744822,46.307304,0 7.745011,46.307004,0 7.743952,46.306761,0 7.743798,46.306922,0 7.743582,46.306843,0 7.743258,46.306922,0 7.743058,46.306675,0 7.742767,46.306579,0 7.741364,46.306444,0 7.739388,46.306479,0 7.715913,46.309835,0 7.715704,46.310068,0 7.715994,46.310722,0 7.715578,46.311040,0 7.715169,46.311164,0 7.714852,46.312053,0 7.714554,46.312415,0 7.714264,46.312337,0 7.713680,46.313064,0 7.712215,46.313060,0 7.711390,46.313302,0 7.710739,46.313689,0 7.709878,46.313737,0 7.709997,46.313863,0 7.709293,46.313875,0 7.710658,46.314259,0 7.710365,46.314423,0 7.710876,46.314602,0 7.709951,46.314734,0 7.711071,46.314982,0 7.710687,46.315123,0 7.707812,46.314950,0 7.706993,46.315365,0 7.706676,46.315340,0 7.705623,46.315668,0 7.704867,46.315745,0 7.703630,46.316343,0 7.702862,46.316386,0 7.702744,46.316489,0 7.703094,46.316579,0 7.702721,46.316658,0 7.703239,46.316960,0 7.700786,46.316730,0 7.700434,46.316579,0 7.700558,46.316770,0 7.699956,46.316767,0 7.700334,46.317155,0 7.699421,46.317002,0 7.697761,46.317006,0 7.697439,46.317106,0 7.698005,46.317465,0 7.695438,46.317638,0 7.694858,46.317844,0 7.695540,46.317967,0 7.695510,46.318089,0 7.696018,46.318141,0 7.695905,46.318336,0 7.696766,46.318524,0 7.696704,46.318631,0 7.695585,46.318886,0 7.694622,46.319580,0 7.693687,46.319512,0 7.692876,46.319686,0 7.691842,46.319513,0 7.690793,46.319602,0 7.690664,46.319742,0 7.691467,46.320588,0 7.691685,46.321433,0 7.692189,46.321559,0 7.691920,46.321851,0 7.690182,46.322067,0 7.691647,46.322454,0 7.694003,46.322699,0 7.696823,46.323606,0 7.697535,46.323581,0 7.697382,46.323811,0 7.697891,46.323885,0 7.698919,46.323653,0 7.699563,46.323630,0 7.700053,46.323798,0 7.700432,46.323534,0 7.702577,46.324483,0 7.703001,46.324984,0 7.703902,46.325413,0 7.705187,46.325589,0 7.707130,46.326068,0 7.707689,46.326426,0 7.708535,46.326743,0 7.709691,46.327543,0 7.710391,46.327708,0 7.710854,46.328005,0 7.712160,46.328423,0 7.712642,46.328750,0 7.713149,46.328778,0 7.714641,46.329222,0 7.715618,46.329241,0 7.716507,46.329767,0 7.716765,46.330063,0 7.717307,46.330280,0 7.717704,46.330231,0 7.717685,46.329903,0 7.717978,46.329509,0 7.719642,46.329111,0 7.720517,46.329416,0 7.721671,46.329287,0 7.721803,46.328942,0 7.721620,46.328400,0 7.722079,46.327999,0 7.721885,46.327583,0 7.722297,46.326995,0 7.723229,46.327063,0 7.724330,46.327599,0 7.725403,46.327646,0 7.726094,46.327863,0 7.729101,46.328385,0 7.730518,46.329104,0 7.731609,46.329490,0 7.732879,46.330199,0 7.734507,46.332026,0 7.736450,46.333790,0 7.736965,46.334023,0 7.737088,46.334414,0 7.738056,46.335479,0 7.738435,46.335645,0 7.737931,46.336185,0 7.738071,46.336752,0 7.738771,46.337317,0 7.739133,46.337452,0 7.739533,46.338236,0 7.740254,46.338541,0 7.740517,46.339236,0 7.740945,46.339411,0 7.741014,46.340010,0 7.740918,46.340444,0 7.740681,46.340574,0 7.740700,46.341423,0 7.741707,46.341594,0 7.741815,46.342199,0 7.741785,46.342496,0 7.741425,46.342722,0 7.741458,46.343276,0 7.740961,46.343441,0 7.740680,46.343720,0 7.740563,46.344675,0 7.741111,46.344996,0 7.741461,46.344981,0 7.742651,46.345359,0 7.743095,46.345734,0 7.743095,46.345879,0 7.742772,46.345811,0 7.742733,46.345984,0 7.742405,46.345852,0 7.741726,46.345881,0 7.742269,46.345974,0 7.742781,46.346544,0 7.743689,46.347136,0 7.744390,46.348407,0 7.744881,46.348775,0 7.745474,46.350244,0 7.745914,46.350538,0 7.745926,46.350923,0 7.744900,46.351529,0 7.744716,46.352129,0 7.745176,46.352812,0 7.745168,46.353188,0 7.745623,46.353487,0 7.745566,46.354229,0 7.745800,46.354604,0 7.745760,46.354838,0 7.745476,46.355075,0 7.744974,46.357076,0 7.745487,46.358104,0 7.745492,46.358338,0 7.745159,46.358554,0 7.745730,46.359967,0 7.745526,46.360598,0 7.745232,46.360409,0 7.744707,46.360312,0 7.744433,46.359742,0 7.743554,46.359007,0 7.743285,46.358574,0 7.741854,46.357586,0 7.741845,46.357952,0 7.741465,46.358212,0 7.741654,46.359465,0 7.741503,46.359641,0 7.741585,46.359937,0 7.741285,46.362151,0 7.741107,46.362288,0 7.740458,46.362205,0 7.740260,46.362336,0 7.740118,46.363407,0 7.739204,46.362762,0 7.739000,46.362740,0 7.738700,46.362877,0 7.738367,46.363327,0 7.737726,46.363681,0 7.737992,46.362984,0 7.737259,46.363346,0 7.737519,46.362279,0 7.737256,46.361877,0 7.737193,46.361162,0 7.736852,46.361026,0 7.736741,46.360729,0 7.736231,46.360551,0 7.736418,46.360350,0 7.735509,46.359384,0 7.735668,46.359291,0 7.734618,46.358488,0 7.734459,46.358211,0 7.734583,46.357557,0 7.734392,46.357041,0 7.734430,46.356613,0 7.733864,46.355771,0 7.733378,46.355412,0 7.733330,46.354779,0 7.732096,46.354068,0 7.731217,46.353320,0 7.730787,46.352131,0 7.730825,46.351269,0 7.729951,46.350106,0 7.728657,46.349058,0 7.728038,46.348764,0 7.725345,46.348572,0 7.724300,46.348943,0 7.724085,46.349185,0 7.723213,46.349632,0 7.722537,46.349176,0 7.721346,46.348803,0 7.721046,46.348595,0 7.720642,46.347844,0 7.720700,46.347606,0 7.721348,46.347571,0 7.721797,46.347173,0 7.723031,46.346818,0 7.724297,46.346655,0 7.724919,46.345796,0 7.725273,46.345640,0 7.726099,46.345551,0 7.727676,46.344811,0 7.729865,46.344115,0 7.728266,46.343937,0 7.727644,46.343700,0 7.726871,46.343744,0 7.726206,46.343455,0 7.725884,46.343226,0 7.725573,46.342648,0 7.725219,46.342441,0 7.724061,46.342116,0 7.724382,46.341485,0 7.724825,46.341058,0 7.724689,46.340576,0 7.722854,46.339845,0 7.723847,46.339882,0 7.724758,46.339412,0 7.725104,46.339415,0 7.725765,46.339695,0 7.726183,46.340269,0 7.726536,46.340444,0 7.728033,46.339487,0 7.727955,46.338989,0 7.728474,46.338635,0 7.728448,46.337508,0 7.729161,46.337056,0 7.729184,46.335753,0 7.728724,46.335215,0 7.728661,46.334689,0 7.728816,46.334539,0 7.729845,46.334326,0 7.731667,46.334974,0 7.733091,46.335696,0 7.730972,46.334085,0 7.729471,46.332654,0 7.728178,46.332252,0 7.727456,46.331581,0 7.726539,46.331491,0 7.726079,46.331674,0 7.726063,46.331508,0 7.726398,46.331294,0 7.726987,46.331190,0 7.729866,46.331472,0 7.733073,46.332382,0 7.733777,46.332805,0 7.734310,46.333354,0 7.734515,46.333334,0 7.733616,46.332237,0 7.732576,46.331604,0 7.732287,46.331323,0 7.732213,46.330995,0 7.731403,46.330393,0 7.727828,46.328500,0 7.726432,46.328147,0 7.725434,46.328097,0 7.723533,46.327739,0 7.722822,46.327745,0 7.722079,46.327999,0 7.721915,46.327507,0 7.722612,46.326392,0 7.722779,46.326417,0</coordinates>
    </LineString>
    <ExtendedData>
      <Data name="spot"><value>jeizinen</value></Data>
      <Data name="tags"><value>expert natural</value></Data>
    </ExtendedData>
  </Placemark>
  <Placemark>
    <name>Jeizinen: Jeizi Enduro (118)</name>
    <description><![CDATA[6.8 km. Geometry from OpenStreetMap relation 16944993 (ODbL) - indicative only, follow the signs on the ground.]]></description>
    <styleUrl>#line-trail</styleUrl>
    <LineString><tessellate>1</tessellate>
      <coordinates>7.741383,46.315967,0 7.741811,46.316748,0 7.742327,46.317133,0 7.742712,46.317911,0 7.743194,46.318457,0 7.742770,46.319754,0 7.742601,46.319697,0 7.742436,46.319231,0 7.740764,46.318486,0 7.739227,46.317096,0 7.738359,46.316903,0 7.738229,46.316954,0 7.738676,46.317248,0 7.736668,46.317104,0 7.734774,46.317456,0 7.733255,46.317578,0 7.732734,46.317534,0 7.732173,46.317312,0 7.731422,46.317341,0 7.730334,46.317593,0 7.729162,46.317640,0 7.728827,46.317753,0 7.728562,46.317679,0 7.727724,46.318042,0 7.726400,46.318013,0 7.724515,46.318297,0 7.721773,46.318159,0 7.720488,46.318211,0 7.719766,46.317941,0 7.718226,46.317766,0 7.717575,46.317905,0 7.717642,46.317999,0 7.716854,46.317958,0 7.716801,46.318219,0 7.716245,46.318076,0 7.714492,46.318543,0 7.713841,46.318921,0 7.713784,46.319019,0 7.714133,46.318977,0 7.713841,46.319221,0 7.712842,46.319710,0 7.712546,46.320135,0 7.712172,46.320217,0 7.711740,46.320153,0 7.711441,46.320576,0 7.710429,46.321073,0 7.710444,46.321240,0 7.710786,46.321024,0 7.711775,46.320782,0 7.712364,46.320882,0 7.712949,46.320561,0 7.713855,46.320553,0 7.714471,46.320708,0 7.714956,46.320643,0 7.715780,46.320806,0 7.716314,46.320705,0 7.716401,46.320566,0 7.717574,46.320729,0 7.718365,46.320978,0 7.720449,46.321004,0 7.721301,46.321264,0 7.722546,46.321425,0 7.724041,46.322045,0 7.726194,46.322624,0 7.726417,46.322902,0 7.727455,46.323096,0 7.727821,46.323397,0 7.727601,46.323479,0 7.729116,46.324226,0 7.729631,46.324871,0 7.732922,46.326629,0 7.733275,46.326642,0 7.733177,46.326739,0 7.732688,46.326741,0 7.728180,46.325704,0 7.726677,46.325623,0 7.724124,46.325251,0 7.721430,46.325401,0 7.721939,46.326481,0 7.721614,46.326571,0 7.721455,46.326802,0 7.722297,46.326995,0 7.722612,46.326392,0 7.722779,46.326417,0</coordinates>
    </LineString>
    <ExtendedData>
      <Data name="spot"><value>jeizinen</value></Data>
      <Data name="tags"><value>expert natural</value></Data>
    </ExtendedData>
  </Placemark>
  <Placemark>
    <name>Jeizinen: Jeizi Enduro (118) (part 2)</name>
    <description><![CDATA[0.1 km. Geometry from OpenStreetMap relation 16944993 (ODbL) - indicative only, follow the signs on the ground.]]></description>
    <styleUrl>#line-trail</styleUrl>
    <LineString><tessellate>1</tessellate>
      <coordinates>7.741104,46.316058,0 7.740060,46.315423,0 7.739496,46.315401,0</coordinates>
    </LineString>
    <ExtendedData>
      <Data name="spot"><value>jeizinen</value></Data>
      <Data name="tags"><value>expert natural</value></Data>
    </ExtendedData>
  </Placemark>
  <Placemark>
    <name>Châtel / Pré-la-Joux (Portes du Soleil, FR) [33 EUR]</name>
    <description><![CDATA[<b>Châtel bike park - Pré-la-Joux sector</b><br/><br/><b>Trails</b><br/>The densest concentration of built trails in the whole Portes du Soleil, and the main reason to make the crossing: Bike Patrol, Serpentine, Fluid, Coup d'Fouet, Ric et Rac, People, Gueps, Air Voltage, Komatrautrail, the three-part Vink Line, Dre dans l'Pentu, plus Haute Tension, Paroramic, Black Shore and Vorachatak on the Linga side. Everything from green flow to World Cup black, all off the same two lifts.<br/><br/><b>Getting up / price</b><br/>Chatel bike day pass 33 EUR adult / 30 EUR youth-senior / 25 EUR child. Full Portes du Soleil day pass 39 EUR adult.<br/><br/><b>Open season</b><br/>Open from 12 June; closed from 14 September (typical window; check the operator and conditions).<br/>Daily opening hours: 09:00-17:00<br/><small>Typical daily estimate; check the operator schedule.</small><br/><br/><b>Access</b><table class="access"><tr><th>From</th><th>Transport</th><th>Duration</th></tr><tr><td>Lausanne</td><td>Boat + bus</td><td>~2h20</td></tr></table><br/><i>Source: <a href="https://www.chatel.com/en/bike-park/">Chatel Bike Park</a>. Prices, schedules, trail status and access can change; verify before travel.</i>]]></description>
    <styleUrl>#placemark-blue</styleUrl>
    <Point><coordinates>6.788600,46.225500,0</coordinates></Point>
    <ExtendedData xmlns:mwm="https://omaps.app">
      <Data name="spot"><value>chatel</value></Data>
      <Data name="tags"><value>beginner expert bikepark</value></Data>
      <Data name="open_from"><value>06-12</value></Data>
      <Data name="closed_from"><value>09-14</value></Data>
      <Data name="price_day"><value>33 EUR</value></Data>
      <mwm:icon>Mountain</mwm:icon>
      <mwm:visibility>1</mwm:visibility>
    </ExtendedData>
  </Placemark>
  <Placemark>
    <name>Chatel: Fluid</name>
    <description><![CDATA[1.2 km. Geometry from OpenStreetMap relation 14870700 (ODbL) - indicative only, follow the signs on the ground.]]></description>
    <styleUrl>#line-trail</styleUrl>
    <LineString><tessellate>1</tessellate>
      <coordinates>6.791692,46.221451,0 6.790539,46.223225,0 6.790365,46.223732,0 6.790074,46.223872,0 6.790035,46.224151,0 6.789631,46.224659,0 6.788399,46.225710,0 6.788145,46.225784,0 6.788343,46.225949,0 6.787856,46.226401,0 6.787724,46.226898,0 6.788158,46.227019,0 6.788241,46.227544,0 6.787869,46.228250,0 6.787752,46.229516,0 6.787440,46.230172,0 6.787696,46.230709,0</coordinates>
    </LineString>
    <ExtendedData>
      <Data name="spot"><value>chatel</value></Data>
      <Data name="tags"><value>beginner expert bikepark</value></Data>
    </ExtendedData>
  </Placemark>
  <Placemark>
    <name>Chatel: Serpentine</name>
    <description><![CDATA[2.6 km. Geometry from OpenStreetMap relation 14870698 (ODbL) - indicative only, follow the signs on the ground.]]></description>
    <styleUrl>#line-trail</styleUrl>
    <LineString><tessellate>1</tessellate>
      <coordinates>6.792149,46.218586,0 6.791845,46.218880,0 6.791100,46.219257,0 6.790506,46.219223,0 6.788713,46.219580,0 6.788393,46.219745,0 6.787063,46.221477,0 6.786130,46.222198,0 6.785102,46.223325,0 6.784861,46.223701,0 6.785080,46.223818,0 6.784819,46.224001,0 6.785026,46.224081,0 6.784752,46.224255,0 6.784869,46.224408,0 6.784479,46.224376,0 6.784494,46.224657,0 6.783594,46.225466,0 6.782522,46.225980,0 6.781896,46.226612,0 6.781137,46.227057,0 6.781363,46.227136,0 6.781255,46.227334,0 6.781729,46.227204,0 6.781710,46.227424,0 6.781962,46.227338,0 6.781810,46.227629,0 6.782021,46.227545,0 6.781988,46.227731,0 6.782317,46.227680,0 6.782260,46.227892,0 6.782797,46.227760,0 6.783233,46.227360,0 6.783721,46.227278,0 6.783998,46.227468,0 6.784012,46.227546,0 6.783809,46.227521,0 6.783957,46.227697,0 6.784452,46.227671,0 6.784307,46.227807,0 6.784674,46.227709,0 6.786479,46.227933,0 6.786161,46.228286,0 6.786541,46.228281,0 6.786515,46.228381,0 6.785755,46.228604,0 6.785962,46.228644,0 6.786002,46.228797,0 6.786402,46.228860,0 6.786183,46.229074,0 6.786807,46.229387,0 6.786670,46.229648,0 6.787696,46.230709,0</coordinates>
    </LineString>
    <ExtendedData>
      <Data name="spot"><value>chatel</value></Data>
      <Data name="tags"><value>beginner expert bikepark</value></Data>
    </ExtendedData>
  </Placemark>
  <Placemark>
    <name>Chatel: Bike Patrol</name>
    <description><![CDATA[0.7 km. Geometry from OpenStreetMap relation 14870694 (ODbL) - indicative only, follow the signs on the ground.]]></description>
    <styleUrl>#line-trail</styleUrl>
    <LineString><tessellate>1</tessellate>
      <coordinates>6.786954,46.227388,0 6.786724,46.227013,0 6.786292,46.226909,0 6.786493,46.226621,0 6.786313,46.226544,0 6.786563,46.226135,0 6.786472,46.225693,0 6.786714,46.224678,0 6.786407,46.224792,0 6.786222,46.224503,0 6.785831,46.224649,0 6.785848,46.223659,0 6.785564,46.223111,0 6.785619,46.222785,0</coordinates>
    </LineString>
    <ExtendedData>
      <Data name="spot"><value>chatel</value></Data>
      <Data name="tags"><value>beginner expert bikepark</value></Data>
    </ExtendedData>
  </Placemark>
  <Placemark>
    <name>Chatel: Coup d'Fouet</name>
    <description><![CDATA[0.5 km. Geometry from OpenStreetMap relation 14870695 (ODbL) - indicative only, follow the signs on the ground.]]></description>
    <styleUrl>#line-trail</styleUrl>
    <LineString><tessellate>1</tessellate>
      <coordinates>6.787628,46.226080,0 6.787389,46.225915,0 6.787625,46.225555,0 6.787384,46.225254,0 6.787413,46.224480,0 6.787089,46.224339,0 6.787215,46.224156,0 6.786981,46.223701,0 6.787046,46.222562,0 6.786919,46.222293,0 6.786496,46.222131,0 6.786419,46.221974,0</coordinates>
    </LineString>
    <ExtendedData>
      <Data name="spot"><value>chatel</value></Data>
      <Data name="tags"><value>beginner expert bikepark</value></Data>
    </ExtendedData>
  </Placemark>
  <Placemark>
    <name>Chatel: Dré dans l'Pentu</name>
    <description><![CDATA[0.4 km. Geometry from OpenStreetMap relation 14870696 (ODbL) - indicative only, follow the signs on the ground.]]></description>
    <styleUrl>#line-trail</styleUrl>
    <LineString><tessellate>1</tessellate>
      <coordinates>6.788968,46.224550,0 6.788880,46.224343,0 6.788585,46.224288,0 6.788384,46.224091,0 6.788387,46.223762,0 6.788263,46.223647,0 6.787941,46.223644,0 6.787582,46.223232,0 6.787464,46.222293,0 6.786869,46.222185,0 6.786834,46.222003,0 6.786518,46.221898,0</coordinates>
    </LineString>
    <ExtendedData>
      <Data name="spot"><value>chatel</value></Data>
      <Data name="tags"><value>beginner expert bikepark</value></Data>
    </ExtendedData>
  </Placemark>
  <Placemark>
    <name>Chatel: Gueps</name>
    <description><![CDATA[0.4 km. Geometry from OpenStreetMap relation 14870697 (ODbL) - indicative only, follow the signs on the ground.]]></description>
    <styleUrl>#line-trail</styleUrl>
    <LineString><tessellate>1</tessellate>
      <coordinates>6.789594,46.223820,0 6.788778,46.223127,0 6.788045,46.223327,0 6.787758,46.223201,0 6.787691,46.222424,0 6.787955,46.222134,0 6.787193,46.221591,0 6.787190,46.221272,0</coordinates>
    </LineString>
    <ExtendedData>
      <Data name="spot"><value>chatel</value></Data>
      <Data name="tags"><value>beginner expert bikepark</value></Data>
    </ExtendedData>
  </Placemark>
  <Placemark>
    <name>Chatel: Ric et Rac</name>
    <description><![CDATA[1.3 km. Geometry from OpenStreetMap relation 14870699 (ODbL) - indicative only, follow the signs on the ground.]]></description>
    <styleUrl>#line-trail</styleUrl>
    <LineString><tessellate>1</tessellate>
      <coordinates>6.791692,46.221451,0 6.790693,46.222926,0 6.789918,46.223493,0 6.789556,46.223523,0 6.789575,46.223898,0 6.789052,46.224332,0 6.788518,46.225152,0 6.787700,46.225843,0 6.787378,46.226433,0 6.786871,46.226861,0 6.786984,46.227331,0 6.786161,46.228286,0 6.786541,46.228281,0 6.786515,46.228381,0 6.785755,46.228604,0 6.785962,46.228644,0 6.786002,46.228797,0 6.786402,46.228860,0 6.786183,46.229074,0 6.786807,46.229387,0 6.786670,46.229648,0 6.787696,46.230709,0</coordinates>
    </LineString>
    <ExtendedData>
      <Data name="spot"><value>chatel</value></Data>
      <Data name="tags"><value>beginner expert bikepark</value></Data>
    </ExtendedData>
  </Placemark>
  <Placemark>
    <name>Chatel: People</name>
    <description><![CDATA[1.9 km. Geometry from OpenStreetMap relation 14870701 (ODbL) - indicative only, follow the signs on the ground.]]></description>
    <styleUrl>#line-trail</styleUrl>
    <LineString><tessellate>1</tessellate>
      <coordinates>6.792149,46.218586,0 6.791434,46.219212,0 6.791541,46.219345,0 6.791056,46.219478,0 6.790821,46.219697,0 6.790778,46.219920,0 6.791313,46.219821,0 6.791103,46.220033,0 6.791392,46.220092,0 6.790841,46.220275,0 6.791199,46.220329,0 6.790895,46.220469,0 6.791282,46.220497,0 6.791004,46.220597,0 6.791211,46.220733,0 6.790552,46.221308,0 6.790341,46.221323,0 6.790421,46.221817,0 6.790669,46.221595,0 6.791692,46.221451,0 6.790817,46.222786,0 6.791474,46.223151,0 6.791609,46.223449,0 6.790919,46.223923,0 6.790566,46.224611,0 6.790195,46.224892,0 6.790071,46.225477,0 6.789327,46.225917,0 6.788840,46.226629,0 6.788583,46.226698,0 6.788784,46.226967,0 6.788068,46.227795,0 6.787810,46.228526,0 6.787752,46.229516,0 6.787505,46.229834,0 6.787448,46.230294,0 6.787696,46.230709,0</coordinates>
    </LineString>
    <ExtendedData>
      <Data name="spot"><value>chatel</value></Data>
      <Data name="tags"><value>beginner expert bikepark</value></Data>
    </ExtendedData>
  </Placemark>
  <Placemark>
    <name>Chatel: Komatrautrail</name>
    <description><![CDATA[1.1 km. Geometry from OpenStreetMap relation 14870705 (ODbL) - indicative only, follow the signs on the ground.]]></description>
    <styleUrl>#line-trail</styleUrl>
    <LineString><tessellate>1</tessellate>
      <coordinates>6.794213,46.226446,0 6.794333,46.226729,0 6.794121,46.227221,0 6.793692,46.227160,0 6.793486,46.227295,0 6.793166,46.227217,0 6.793063,46.227042,0 6.792814,46.227140,0 6.792296,46.226692,0 6.792017,46.226635,0 6.791719,46.226934,0 6.791462,46.227002,0 6.791080,46.228220,0 6.791565,46.228930,0 6.791088,46.229136,0 6.791337,46.229620,0 6.791294,46.230030,0 6.790659,46.230164,0 6.790653,46.230650,0 6.790093,46.230491,0 6.789326,46.230452,0 6.789612,46.230747,0 6.789441,46.230710,0 6.788761,46.231147,0</coordinates>
    </LineString>
    <ExtendedData>
      <Data name="spot"><value>chatel</value></Data>
      <Data name="tags"><value>beginner expert bikepark</value></Data>
    </ExtendedData>
  </Placemark>
  <Placemark>
    <name>Chatel: Air Voltage</name>
    <description><![CDATA[0.5 km. Geometry from OpenStreetMap relation 14870706 (ODbL) - indicative only, follow the signs on the ground.]]></description>
    <styleUrl>#line-trail</styleUrl>
    <LineString><tessellate>1</tessellate>
      <coordinates>6.793486,46.227295,0 6.793491,46.227483,0 6.793099,46.227455,0 6.792983,46.227893,0 6.792666,46.227976,0 6.792627,46.228196,0 6.791377,46.227711,0 6.791692,46.228878,0 6.791337,46.229620,0</coordinates>
    </LineString>
    <ExtendedData>
      <Data name="spot"><value>chatel</value></Data>
      <Data name="tags"><value>beginner expert bikepark</value></Data>
    </ExtendedData>
  </Placemark>
  <Placemark>
    <name>Chatel: Vink Line (upper)</name>
    <description><![CDATA[1.3 km. Geometry from OpenStreetMap relation 14870702 (ODbL) - indicative only, follow the signs on the ground.]]></description>
    <styleUrl>#line-trail</styleUrl>
    <LineString><tessellate>1</tessellate>
      <coordinates>6.790723,46.211854,0 6.790236,46.212248,0 6.790353,46.212397,0 6.791279,46.212186,0 6.792146,46.212243,0 6.792582,46.212069,0 6.792421,46.212451,0 6.793040,46.212266,0 6.792564,46.212776,0 6.792264,46.212905,0 6.792581,46.213031,0 6.791798,46.213490,0 6.792075,46.213546,0 6.792165,46.213854,0 6.791981,46.214618,0 6.792213,46.214712,0 6.791626,46.215069,0 6.791643,46.215318,0 6.790652,46.216141,0 6.791251,46.216115,0 6.790894,46.216484,0 6.791222,46.216416,0 6.791097,46.216710,0 6.793016,46.215943,0 6.792974,46.216055,0 6.793252,46.216050,0 6.793009,46.216311,0 6.793173,46.216613,0</coordinates>
    </LineString>
    <ExtendedData>
      <Data name="spot"><value>chatel</value></Data>
      <Data name="tags"><value>beginner expert bikepark</value></Data>
    </ExtendedData>
  </Placemark>
  <Placemark>
    <name>Chatel: Vink Line (middle)</name>
    <description><![CDATA[0.7 km. Geometry from OpenStreetMap relation 14870703 (ODbL) - indicative only, follow the signs on the ground.]]></description>
    <styleUrl>#line-trail</styleUrl>
    <LineString><tessellate>1</tessellate>
      <coordinates>6.794435,46.218378,0 6.793917,46.218646,0 6.793838,46.219065,0 6.793515,46.219219,0 6.794103,46.219279,0 6.793936,46.219398,0 6.794373,46.219448,0 6.793365,46.219819,0 6.794050,46.219915,0 6.793225,46.220159,0 6.793669,46.220271,0 6.792060,46.221075,0 6.791692,46.221451,0</coordinates>
    </LineString>
    <ExtendedData>
      <Data name="spot"><value>chatel</value></Data>
      <Data name="tags"><value>beginner expert bikepark</value></Data>
    </ExtendedData>
  </Placemark>
  <Placemark>
    <name>Chatel: Vink Line (lower)</name>
    <description><![CDATA[1.4 km. Geometry from OpenStreetMap relation 14870704 (ODbL) - indicative only, follow the signs on the ground.]]></description>
    <styleUrl>#line-trail</styleUrl>
    <LineString><tessellate>1</tessellate>
      <coordinates>6.791692,46.221451,0 6.792202,46.222042,0 6.792785,46.222170,0 6.792933,46.222787,0 6.792743,46.223089,0 6.791966,46.223384,0 6.792162,46.223790,0 6.791749,46.224583,0 6.791324,46.225001,0 6.790433,46.226334,0 6.790481,46.226471,0 6.789822,46.227216,0 6.789829,46.227676,0 6.789406,46.227738,0 6.789452,46.228098,0 6.789305,46.228271,0 6.789674,46.228899,0 6.789274,46.228881,0 6.789240,46.229142,0 6.788671,46.229051,0 6.788912,46.229828,0 6.788280,46.229293,0 6.788246,46.229483,0 6.788115,46.229402,0 6.787505,46.229834,0</coordinates>
    </LineString>
    <ExtendedData>
      <Data name="spot"><value>chatel</value></Data>
      <Data name="tags"><value>beginner expert bikepark</value></Data>
    </ExtendedData>
  </Placemark>
  <Placemark>
    <name>Chatel: Vorachatak</name>
    <description><![CDATA[1.2 km. Geometry from OpenStreetMap relation 14883792 (ODbL) - indicative only, follow the signs on the ground.]]></description>
    <styleUrl>#line-trail</styleUrl>
    <LineString><tessellate>1</tessellate>
      <coordinates>6.791078,46.211566,0 6.790236,46.212248,0 6.790353,46.212397,0 6.791068,46.212205,0 6.792146,46.212243,0 6.792582,46.212069,0 6.792623,46.212192,0 6.793103,46.211836,0 6.793243,46.212070,0 6.793767,46.211629,0 6.793832,46.211727,0 6.794603,46.211857,0 6.794848,46.212192,0 6.794891,46.212709,0 6.794558,46.213036,0 6.794198,46.213164,0 6.794552,46.213558,0 6.794489,46.213772,0 6.794371,46.213958,0 6.793998,46.214087,0 6.794604,46.214299,0 6.793979,46.214736,0 6.793740,46.215302,0 6.793390,46.215526,0 6.793805,46.215632,0 6.793396,46.216175,0 6.793271,46.216729,0</coordinates>
    </LineString>
    <ExtendedData>
      <Data name="spot"><value>chatel</value></Data>
      <Data name="tags"><value>beginner expert bikepark</value></Data>
    </ExtendedData>
  </Placemark>
  <Placemark>
    <name>Chatel: Haute Tension</name>
    <description><![CDATA[0.8 km. Geometry from OpenStreetMap relation 14883793 (ODbL) - indicative only, follow the signs on the ground.]]></description>
    <styleUrl>#line-trail</styleUrl>
    <LineString><tessellate>1</tessellate>
      <coordinates>6.788834,46.212915,0 6.788729,46.213125,0 6.789294,46.213089,0 6.789216,46.213175,0 6.789339,46.213216,0 6.788612,46.213845,0 6.788826,46.213900,0 6.788566,46.214036,0 6.788371,46.214505,0 6.788876,46.214550,0 6.789229,46.214350,0 6.789166,46.214726,0 6.789990,46.215195,0 6.790762,46.215430,0 6.790496,46.215663,0 6.790579,46.215776,0 6.790295,46.215908,0 6.790408,46.215968,0 6.790302,46.216101,0 6.789965,46.216278,0 6.790536,46.216327,0 6.790396,46.216572,0 6.790713,46.216768,0 6.790603,46.216931,0 6.790743,46.217232,0</coordinates>
    </LineString>
    <ExtendedData>
      <Data name="spot"><value>chatel</value></Data>
      <Data name="tags"><value>beginner expert bikepark</value></Data>
    </ExtendedData>
  </Placemark>
  <Placemark>
    <name>Chatel: Paroramic</name>
    <description><![CDATA[3.5 km. Geometry from OpenStreetMap relation 14883794 (ODbL) - indicative only, follow the signs on the ground.]]></description>
    <styleUrl>#line-trail</styleUrl>
    <LineString><tessellate>1</tessellate>
      <coordinates>6.791078,46.211566,0 6.789851,46.212544,0 6.788614,46.213019,0 6.786938,46.213936,0 6.785568,46.215267,0 6.784111,46.216103,0 6.783181,46.216287,0 6.781396,46.216276,0 6.780450,46.216670,0 6.779970,46.216975,0 6.778882,46.218222,0 6.777890,46.219099,0 6.778803,46.219271,0 6.778964,46.219415,0 6.778698,46.219409,0 6.779055,46.219659,0 6.779892,46.219945,0 6.778834,46.219842,0 6.778900,46.220020,0 6.778457,46.219973,0 6.778672,46.220225,0 6.779573,46.220638,0 6.780733,46.220298,0 6.781848,46.220463,0 6.782967,46.220270,0 6.783339,46.219841,0 6.783995,46.219499,0 6.783548,46.220376,0 6.783307,46.220483,0 6.783551,46.220567,0 6.783278,46.220718,0 6.784823,46.220159,0 6.785641,46.218971,0 6.786161,46.218518,0 6.787035,46.218158,0 6.787402,46.217867,0 6.787795,46.217777,0 6.788105,46.217508,0 6.789119,46.217247,0 6.789996,46.217754,0 6.790786,46.217483,0 6.790743,46.217232,0 6.792483,46.216619,0 6.792963,46.216552,0 6.793192,46.216626,0 6.793419,46.216983,0 6.793153,46.217278,0 6.793021,46.217795,0</coordinates>
    </LineString>
    <ExtendedData>
      <Data name="spot"><value>chatel</value></Data>
      <Data name="tags"><value>beginner expert bikepark</value></Data>
    </ExtendedData>
  </Placemark>
  <Placemark>
    <name>Chatel: Black Shore</name>
    <description><![CDATA[0.4 km. Geometry from OpenStreetMap relation 14883795 (ODbL) - indicative only, follow the signs on the ground.]]></description>
    <styleUrl>#line-trail</styleUrl>
    <LineString><tessellate>1</tessellate>
      <coordinates>6.787724,46.226898,0 6.787215,46.228123,0 6.786807,46.228348,0 6.786944,46.228706,0 6.786702,46.228830,0 6.786890,46.229081,0 6.787077,46.230032,0</coordinates>
    </LineString>
    <ExtendedData>
      <Data name="spot"><value>chatel</value></Data>
      <Data name="tags"><value>beginner expert bikepark</value></Data>
    </ExtendedData>
  </Placemark>
  <Placemark>
    <name>Bernex (Haute-Savoie, FR) [Magic Pass]</name>
    <description><![CDATA[<b>Bernex bike trails - Pré-Richard sector</b><br/><br/><b>Trails</b><br/>A compact set of built trails above the village: La Verte (easiest), Bern'land, Chill Trail, Wood Roots, River Creek and Hors Piste. Mostly forest, mostly flowy, and a genuinely short trip if you take the boat.<br/><br/><b>Getting up / price</b><br/>Bernex joins the Magic Pass network for the 2026/27 season. Summer lift operation is not guaranteed every day - verify before travelling, otherwise it is a pedal-up spot.<br/><br/><b>Open season</b><br/>Open from 1 July; closed from 1 September (typical window; check the operator and conditions).<br/><br/><b>Access</b><table class="access"><tr><th>From</th><th>Transport</th><th>Duration</th></tr><tr><td>Lausanne</td><td>Boat + bus</td><td>~1h30</td></tr></table><br/><i>Source: <a href="https://www.bernex.fr/en/">Bernex tourism</a>. Prices, schedules, trail status and access can change; verify before travel.</i>]]></description>
    <styleUrl>#placemark-green</styleUrl>
    <Point><coordinates>6.695000,46.349500,0</coordinates></Point>
    <ExtendedData xmlns:mwm="https://omaps.app">
      <Data name="spot"><value>bernex</value></Data>
      <Data name="tags"><value>beginner magicpass natural</value></Data>
      <Data name="open_from"><value>07-01</value></Data>
      <Data name="closed_from"><value>09-01</value></Data>
      <mwm:icon>Mountain</mwm:icon>
      <mwm:visibility>1</mwm:visibility>
    </ExtendedData>
  </Placemark>
  <Placemark>
    <name>Bernex: La Verte</name>
    <description><![CDATA[2.8 km. Geometry from OpenStreetMap relation 15334485 (ODbL) - indicative only, follow the signs on the ground.]]></description>
    <styleUrl>#line-trail</styleUrl>
    <LineString><tessellate>1</tessellate>
      <coordinates>6.696551,46.346616,0 6.696998,46.346626,0 6.697490,46.346315,0 6.698039,46.346353,0 6.698856,46.346158,0 6.699700,46.346460,0 6.699768,46.346593,0 6.700044,46.346479,0 6.700293,46.346696,0 6.700710,46.346765,0 6.702002,46.346698,0 6.702698,46.346976,0 6.703551,46.346597,0 6.703840,46.346719,0 6.703829,46.346919,0 6.704497,46.346872,0 6.704743,46.347019,0 6.705079,46.346981,0 6.705112,46.347099,0 6.704850,46.347248,0 6.704817,46.347661,0 6.705150,46.347998,0 6.705388,46.348048,0 6.705475,46.348400,0 6.704743,46.349119,0 6.705135,46.349253,0 6.703285,46.350122,0 6.703231,46.350276,0 6.703459,46.350467,0 6.703220,46.350680,0 6.703607,46.350846,0 6.702568,46.351048,0 6.701124,46.352052,0 6.699714,46.353268,0 6.699801,46.353485,0 6.699473,46.353739,0 6.698920,46.354609,0 6.698313,46.354939,0 6.697862,46.354979,0 6.696705,46.355627,0 6.696351,46.355659,0 6.696454,46.355780,0 6.696188,46.355770,0 6.696229,46.355898,0 6.695215,46.355907,0 6.695298,46.356090,0 6.695129,46.356177,0 6.692923,46.356032,0 6.692722,46.356089,0 6.692378,46.356511,0 6.691293,46.356760,0 6.689643,46.356493,0</coordinates>
    </LineString>
    <ExtendedData>
      <Data name="spot"><value>bernex</value></Data>
      <Data name="tags"><value>beginner magicpass natural</value></Data>
    </ExtendedData>
  </Placemark>
  <Placemark>
    <name>Bernex: Bern'land</name>
    <description><![CDATA[1.8 km. Geometry from OpenStreetMap relation 15334503 (ODbL) - indicative only, follow the signs on the ground.]]></description>
    <styleUrl>#line-trail</styleUrl>
    <LineString><tessellate>1</tessellate>
      <coordinates>6.696233,46.346435,0 6.695491,46.346424,0 6.695244,46.346683,0 6.695411,46.347013,0 6.695796,46.347268,0 6.696813,46.347523,0 6.696672,46.347603,0 6.697045,46.347925,0 6.696393,46.348016,0 6.697064,46.348403,0 6.696588,46.348466,0 6.696412,46.348721,0 6.696780,46.349021,0 6.696237,46.349362,0 6.696423,46.349435,0 6.696450,46.349790,0 6.696176,46.349977,0 6.696157,46.350163,0 6.695872,46.350228,0 6.695412,46.350100,0 6.695226,46.350640,0 6.694563,46.350936,0 6.694429,46.351409,0 6.694704,46.351926,0 6.694211,46.352182,0 6.693750,46.352259,0 6.693981,46.352536,0 6.693472,46.352821,0 6.692888,46.352841,0 6.692412,46.353193,0 6.691808,46.353163,0 6.691846,46.353489,0 6.691434,46.353797,0 6.690337,46.353980,0 6.690263,46.354625,0 6.688847,46.355295,0 6.689022,46.355914,0 6.689301,46.356068,0</coordinates>
    </LineString>
    <ExtendedData>
      <Data name="spot"><value>bernex</value></Data>
      <Data name="tags"><value>beginner magicpass natural</value></Data>
    </ExtendedData>
  </Placemark>
  <Placemark>
    <name>Bernex: Chill Trail</name>
    <description><![CDATA[1.3 km. Geometry from OpenStreetMap relation 15355168 (ODbL) - indicative only, follow the signs on the ground.]]></description>
    <styleUrl>#line-trail</styleUrl>
    <LineString><tessellate>1</tessellate>
      <coordinates>6.699136,46.346226,0 6.700934,46.346543,0 6.702299,46.346169,0 6.703087,46.346080,0 6.703969,46.345649,0 6.703907,46.345878,0 6.704354,46.345759,0 6.704663,46.345898,0 6.704999,46.345878,0 6.704850,46.346155,0 6.705226,46.346299,0 6.705701,46.346779,0 6.705590,46.347047,0 6.706780,46.347658,0 6.706980,46.347987,0 6.706668,46.348626,0 6.706147,46.348894,0 6.706059,46.349154,0 6.704917,46.349607,0 6.704677,46.349936,0 6.704016,46.350343,0 6.703972,46.350849,0 6.703544,46.350879,0</coordinates>
    </LineString>
    <ExtendedData>
      <Data name="spot"><value>bernex</value></Data>
      <Data name="tags"><value>beginner magicpass natural</value></Data>
    </ExtendedData>
  </Placemark>
  <Placemark>
    <name>Bernex: Wood Roots</name>
    <description><![CDATA[0.1 km. Geometry from OpenStreetMap relation 15354999 (ODbL) - indicative only, follow the signs on the ground.]]></description>
    <styleUrl>#line-trail</styleUrl>
    <LineString><tessellate>1</tessellate>
      <coordinates>6.696523,46.348800,0 6.696489,46.348958,0 6.696045,46.349174,0 6.696139,46.349595,0 6.696351,46.349714,0</coordinates>
    </LineString>
    <ExtendedData>
      <Data name="spot"><value>bernex</value></Data>
      <Data name="tags"><value>beginner magicpass natural</value></Data>
    </ExtendedData>
  </Placemark>
  <Placemark>
    <name>Bernex: River Creek</name>
    <description><![CDATA[0.4 km. Geometry from OpenStreetMap relation 15351173 (ODbL) - indicative only, follow the signs on the ground.]]></description>
    <styleUrl>#line-trail</styleUrl>
    <LineString><tessellate>1</tessellate>
      <coordinates>6.697064,46.348403,0 6.697229,46.348489,0 6.697089,46.348578,0 6.697254,46.348751,0 6.696613,46.349367,0 6.696675,46.349784,0 6.695802,46.350692,0 6.695391,46.350841,0 6.695141,46.350704,0</coordinates>
    </LineString>
    <ExtendedData>
      <Data name="spot"><value>bernex</value></Data>
      <Data name="tags"><value>beginner magicpass natural</value></Data>
    </ExtendedData>
  </Placemark>
  <Placemark>
    <name>Bernex: Hors Piste</name>
    <description><![CDATA[1.2 km. Geometry from OpenStreetMap relation 15334526 (ODbL) - indicative only, follow the signs on the ground.]]></description>
    <styleUrl>#line-trail</styleUrl>
    <LineString><tessellate>1</tessellate>
      <coordinates>6.695596,46.346420,0 6.694971,46.346186,0 6.694543,46.346178,0 6.694447,46.346515,0 6.693805,46.346849,0 6.692991,46.346822,0 6.692414,46.347084,0 6.692286,46.347601,0 6.692401,46.347827,0 6.692188,46.348029,0 6.692253,46.348414,0 6.691971,46.349130,0 6.689998,46.349965,0 6.689573,46.350912,0 6.690578,46.352426,0 6.690676,46.353099,0 6.690357,46.353641,0 6.690397,46.353975,0</coordinates>
    </LineString>
    <ExtendedData>
      <Data name="spot"><value>bernex</value></Data>
      <Data name="tags"><value>beginner magicpass natural</value></Data>
    </ExtendedData>
  </Placemark>
  <Placemark>
    <name>Les Deux Alpes (Isere, FR) [33 EUR]</name>
    <description><![CDATA[<b>Jandri / Vallee Blanche sector - lift hub</b><br/><br/><b>Trails</b><br/>98 km of marked trails and one of the biggest lift-served verticals in Europe - over 2000 m from the glacier down to Venosc. Everything from wide green flow to raw World Cup black, plus the Vallee Blanche run. Far too far for a day trip: ~4h30 by train to Grenoble via Geneva and Lyon, then the Transaltitude bus. Treat it as a long weekend, or an easy hour if you are already in Grenoble.<br/><br/><b>Getting up / price</b><br/>Bike park day pass 33 EUR adult, 4 hours 26 EUR, 2 days 57 EUR. Season 320 EUR, or 345 EUR for the three-area pass shared with Alpe d'Huez and La Grave. Trails open 11 April - 30 August 2026, daily from 13 June, with Thursday night riding until 22:30 between 9 July and 27 August.<br/><br/><b>Open season</b><br/>Open from 11 April; closed from 31 August (published 2026 dates).<br/>Daily opening hours: 09:00-17:00<br/><small>Typical daily estimate; check the operator schedule.</small><br/><br/><b>Access</b><table class="access"><tr><th>From</th><th>Transport</th><th>Duration</th></tr><tr><td>Grenoble</td><td>Car</td><td>~1h10</td></tr><tr><td>Lausanne</td><td>Train + bus</td><td>~6h</td></tr></table><br/><i>Source: <a href="https://www.les2alpes.com/summer/mountain-bike-bike-park/">Les 2 Alpes</a>. Prices, schedules, trail status and access can change; verify before travel.</i>]]></description>
    <styleUrl>#placemark-blue</styleUrl>
    <Point><coordinates>6.126549,45.009907,0</coordinates></Point>
    <ExtendedData xmlns:mwm="https://omaps.app">
      <Data name="spot"><value>deuxalpes</value></Data>
      <Data name="tags"><value>beginner expert bikepark</value></Data>
      <Data name="open_from"><value>04-11</value></Data>
      <Data name="closed_from"><value>08-31</value></Data>
      <Data name="price_day"><value>33 EUR</value></Data>
      <Data name="price_season"><value>320 EUR</value></Data>
      <mwm:icon>Mountain</mwm:icon>
      <mwm:visibility>1</mwm:visibility>
    </ExtendedData>
  </Placemark>
  <Placemark>
    <name>Les 2 Alpes: Parking des Perrons - bottom of the Venosc side</name>
    <styleUrl>#placemark-gray</styleUrl>
    <Point><coordinates>6.126403,44.999964,0</coordinates></Point>
    <ExtendedData xmlns:mwm="https://omaps.app">
      <Data name="spot"><value>deuxalpes</value></Data>
      <Data name="tags"><value>beginner expert bikepark</value></Data>
      <mwm:icon>Transport</mwm:icon>
      <mwm:visibility>1</mwm:visibility>
    </ExtendedData>
  </Placemark>
  <Placemark>
    <name>Les 2 Alpes: Mountain of Hell</name>
    <description><![CDATA[1.2 km. Geometry from OpenStreetMap relation 14866452 (ODbL) - indicative only, follow the signs on the ground.]]></description>
    <styleUrl>#line-trail</styleUrl>
    <LineString><tessellate>1</tessellate>
      <coordinates>6.194704,45.000005,0 6.194621,44.999399,0 6.194862,44.998841,0 6.194503,44.998071,0 6.194417,44.996888,0 6.193880,44.996398,0 6.193478,44.995446,0 6.192825,44.994916,0 6.192514,44.995030,0 6.191655,44.994872,0 6.191523,44.994432,0 6.191142,44.994219,0 6.190294,44.994060,0 6.189632,44.994157,0 6.189178,44.994050,0 6.188446,44.994333,0 6.185707,44.993674,0</coordinates>
    </LineString>
    <ExtendedData>
      <Data name="spot"><value>deuxalpes</value></Data>
      <Data name="tags"><value>beginner expert bikepark</value></Data>
    </ExtendedData>
  </Placemark>
  <Placemark>
    <name>Les 2 Alpes: Jandri</name>
    <description><![CDATA[4.2 km. Geometry from OpenStreetMap relation 14866455 (ODbL) - indicative only, follow the signs on the ground.]]></description>
    <styleUrl>#line-trail</styleUrl>
    <LineString><tessellate>1</tessellate>
      <coordinates>6.204615,44.997861,0 6.203957,44.997818,0 6.203024,44.998391,0 6.202080,44.998373,0 6.201415,44.998164,0 6.201047,44.997654,0 6.200728,44.997540,0 6.199658,44.998530,0 6.199288,44.998669,0 6.198896,44.998650,0 6.198590,44.998834,0 6.198548,44.998680,0 6.198979,44.998374,0 6.198609,44.998233,0 6.199076,44.997722,0 6.198813,44.997671,0 6.198258,44.998004,0 6.198372,44.997487,0 6.197665,44.997642,0 6.197735,44.997083,0 6.197029,44.995691,0 6.195876,44.996308,0 6.195114,44.996271,0 6.194505,44.996063,0 6.194374,44.995826,0 6.194580,44.995058,0 6.194391,44.994540,0 6.193727,44.994123,0 6.193285,44.994099,0 6.189719,44.992831,0 6.188326,44.991689,0 6.187880,44.990867,0 6.186872,44.990591,0 6.185968,44.991001,0 6.186082,44.991176,0 6.185689,44.992465,0 6.182744,44.993128,0 6.181684,44.993037,0 6.182116,44.992673,0 6.182377,44.992212,0 6.181945,44.991436,0 6.181424,44.990917,0 6.180789,44.990966,0 6.180475,44.991141,0 6.180502,44.991520,0 6.179505,44.992645,0 6.179013,44.992927,0 6.177661,44.993366,0 6.177186,44.993732,0 6.176060,44.994881,0 6.175699,44.995718,0 6.175513,44.995371,0 6.175543,44.994951,0 6.175093,44.994789,0 6.174335,44.996023,0 6.173768,44.996500,0</coordinates>
    </LineString>
    <ExtendedData>
      <Data name="spot"><value>deuxalpes</value></Data>
      <Data name="tags"><value>beginner expert bikepark</value></Data>
    </ExtendedData>
  </Placemark>
  <Placemark>
    <name>Les 2 Alpes: Vallee Blanche</name>
    <description><![CDATA[4.2 km. Geometry from OpenStreetMap relation 14541454 (ODbL) - indicative only, follow the signs on the ground.]]></description>
    <styleUrl>#line-trail</styleUrl>
    <LineString><tessellate>1</tessellate>
      <coordinates>6.123712,45.018345,0 6.124171,45.018184,0 6.123740,45.018370,0 6.123183,45.018420,0 6.122884,45.017995,0 6.122351,45.018325,0 6.121881,45.018134,0 6.121390,45.018818,0 6.120899,45.019139,0 6.120987,45.019529,0 6.120759,45.019954,0 6.120569,45.019954,0 6.120513,45.019697,0 6.120156,45.019796,0 6.119924,45.019094,0 6.119577,45.018716,0 6.119632,45.018474,0 6.119004,45.018243,0 6.118868,45.017751,0 6.118442,45.017316,0 6.118614,45.017190,0 6.118356,45.017080,0 6.118578,45.016970,0 6.118375,45.016864,0 6.118483,45.016714,0 6.118256,45.016553,0 6.118596,45.016428,0 6.118404,45.016136,0 6.118851,45.016216,0 6.118948,45.016116,0 6.118581,45.015701,0 6.116918,45.015040,0 6.116736,45.014687,0 6.116473,45.014813,0 6.116582,45.014374,0 6.116102,45.014631,0 6.115505,45.015397,0 6.114604,45.017114,0 6.114535,45.018102,0 6.113918,45.019388,0 6.113803,45.020952,0 6.113319,45.022557,0 6.112702,45.023454,0 6.111339,45.024708,0 6.110778,45.024858,0 6.110192,45.024224,0 6.111006,45.024301,0 6.111027,45.024223,0 6.110613,45.024125,0 6.111085,45.024056,0 6.110643,45.023919,0 6.110342,45.023551,0 6.110693,45.023724,0 6.111053,45.023727,0 6.110625,45.023445,0 6.111066,45.023463,0 6.111441,45.022959,0 6.111527,45.022717,0 6.111146,45.022487,0 6.111124,45.022115,0 6.111522,45.021666,0 6.111050,45.021745,0 6.110829,45.021671,0 6.110453,45.021342,0 6.110462,45.021045,0 6.110769,45.020427,0 6.111105,45.020671,0 6.111263,45.020658,0 6.111106,45.019832,0 6.111314,45.019452,0 6.110925,45.018870,0 6.110469,45.018575,0 6.110248,45.018164,0 6.110009,45.018037,0 6.110355,45.017776,0 6.109994,45.017719,0 6.110165,45.017639,0 6.109978,45.017568,0 6.110137,45.017443,0 6.109894,45.017320,0 6.110166,45.017156,0 6.109718,45.017054,0 6.109989,45.016855,0</coordinates>
    </LineString>
    <ExtendedData>
      <Data name="spot"><value>deuxalpes</value></Data>
      <Data name="tags"><value>beginner expert bikepark</value></Data>
    </ExtendedData>
  </Placemark>
  <Placemark>
    <name>Les 2 Alpes: Vallee Blanche (part 2)</name>
    <description><![CDATA[0.2 km. Geometry from OpenStreetMap relation 14541454 (ODbL) - indicative only, follow the signs on the ground.]]></description>
    <styleUrl>#line-trail</styleUrl>
    <LineString><tessellate>1</tessellate>
      <coordinates>6.110684,45.018726,0 6.111118,45.019377,0 6.111301,45.020547,0</coordinates>
    </LineString>
    <ExtendedData>
      <Data name="spot"><value>deuxalpes</value></Data>
      <Data name="tags"><value>beginner expert bikepark</value></Data>
    </ExtendedData>
  </Placemark>
  <Placemark>
    <name>Les 2 Alpes: Vallee Blanche (part 3)</name>
    <description><![CDATA[0.2 km. Geometry from OpenStreetMap relation 14541454 (ODbL) - indicative only, follow the signs on the ground.]]></description>
    <styleUrl>#line-trail</styleUrl>
    <LineString><tessellate>1</tessellate>
      <coordinates>6.110733,45.016414,0 6.110675,45.017240,0 6.110151,45.017650,0</coordinates>
    </LineString>
    <ExtendedData>
      <Data name="spot"><value>deuxalpes</value></Data>
      <Data name="tags"><value>beginner expert bikepark</value></Data>
    </ExtendedData>
  </Placemark>
  <Placemark>
    <name>Les 2 Alpes: Red Line</name>
    <description><![CDATA[0.6 km. Geometry from OpenStreetMap relation 14866451 (ODbL) - indicative only, follow the signs on the ground.]]></description>
    <styleUrl>#line-trail</styleUrl>
    <LineString><tessellate>1</tessellate>
      <coordinates>6.140260,45.014940,0 6.140172,45.015264,0 6.140451,45.015765,0 6.140324,45.015958,0 6.139882,45.015609,0 6.139603,45.015985,0 6.139555,45.015814,0 6.139056,45.015518,0 6.138772,45.015465,0 6.138740,45.015727,0 6.138273,45.015617,0 6.138321,45.016174,0 6.137913,45.016489,0 6.137345,45.017274,0 6.137227,45.017259,0 6.137221,45.017015,0</coordinates>
    </LineString>
    <ExtendedData>
      <Data name="spot"><value>deuxalpes</value></Data>
      <Data name="tags"><value>beginner expert bikepark</value></Data>
    </ExtendedData>
  </Placemark>
  <Placemark>
    <name>Les 2 Alpes: Red Line (part 2)</name>
    <description><![CDATA[0.3 km. Geometry from OpenStreetMap relation 14866451 (ODbL) - indicative only, follow the signs on the ground.]]></description>
    <styleUrl>#line-trail</styleUrl>
    <LineString><tessellate>1</tessellate>
      <coordinates>6.137306,45.016286,0 6.136988,45.015935,0 6.136487,45.015907,0 6.136114,45.016225,0 6.135440,45.016364,0 6.135257,45.016306,0 6.135220,45.016425,0 6.134907,45.016362,0 6.135218,45.016733,0</coordinates>
    </LineString>
    <ExtendedData>
      <Data name="spot"><value>deuxalpes</value></Data>
      <Data name="tags"><value>beginner expert bikepark</value></Data>
    </ExtendedData>
  </Placemark>
  <Placemark>
    <name>Les 2 Alpes: Red Line (part 3)</name>
    <description><![CDATA[0.2 km. Geometry from OpenStreetMap relation 14866451 (ODbL) - indicative only, follow the signs on the ground.]]></description>
    <styleUrl>#line-trail</styleUrl>
    <LineString><tessellate>1</tessellate>
      <coordinates>6.138064,45.016399,0 6.138089,45.016064,0 6.137604,45.015824,0 6.137461,45.015949,0 6.137365,45.015735,0 6.137143,45.016091,0</coordinates>
    </LineString>
    <ExtendedData>
      <Data name="spot"><value>deuxalpes</value></Data>
      <Data name="tags"><value>beginner expert bikepark</value></Data>
    </ExtendedData>
  </Placemark>
  <Placemark>
    <name>Les 2 Alpes: Rocky Line</name>
    <description><![CDATA[1.3 km. Geometry from OpenStreetMap relation 14866450 (ODbL) - indicative only, follow the signs on the ground.]]></description>
    <styleUrl>#line-trail</styleUrl>
    <LineString><tessellate>1</tessellate>
      <coordinates>6.172314,44.996477,0 6.171868,44.996442,0 6.171055,44.996749,0 6.170357,44.996670,0 6.169781,44.995642,0 6.169453,44.995524,0 6.169306,44.995945,0 6.169617,44.996429,0 6.169609,44.997087,0 6.168805,44.997432,0 6.168547,44.997821,0 6.167705,44.998288,0 6.166610,44.998246,0 6.166163,44.998100,0 6.164073,44.998794,0 6.163314,44.999299,0 6.163333,44.999443,0 6.164086,44.999392,0 6.163952,44.999631,0 6.164720,44.999708,0 6.164499,44.999799,0 6.164760,45.000014,0</coordinates>
    </LineString>
    <ExtendedData>
      <Data name="spot"><value>deuxalpes</value></Data>
      <Data name="tags"><value>beginner expert bikepark</value></Data>
    </ExtendedData>
  </Placemark>
  <Placemark>
    <name>Les 2 Alpes: Diable</name>
    <description><![CDATA[4.4 km. Geometry from OpenStreetMap relation 14541449 (ODbL) - indicative only, follow the signs on the ground.]]></description>
    <styleUrl>#line-trail</styleUrl>
    <LineString><tessellate>1</tessellate>
      <coordinates>6.132217,45.000509,0 6.132561,44.999609,0 6.132714,44.999404,0 6.132903,44.999487,0 6.132993,44.999343,0 6.133271,44.998190,0 6.133771,44.997655,0 6.134117,44.996736,0 6.134310,44.997671,0 6.134676,44.997106,0 6.134840,44.997143,0 6.134781,44.998076,0 6.135556,44.996986,0 6.135856,44.998092,0 6.136095,44.998363,0 6.136272,44.997294,0 6.136867,44.998233,0 6.137160,44.997127,0 6.137900,44.998987,0 6.138241,44.997053,0 6.138800,44.995988,0 6.138958,44.998028,0 6.139601,44.998703,0 6.139487,44.997680,0 6.139678,44.997316,0 6.139940,44.997450,0 6.140095,44.997337,0 6.140357,44.997522,0 6.141242,44.997178,0 6.141746,44.996722,0 6.142016,44.996717,0 6.142016,44.996953,0 6.142169,44.996993,0 6.142623,44.996500,0 6.142733,44.997172,0 6.142266,44.998270,0 6.142373,44.998333,0 6.142671,44.998204,0 6.142843,44.998788,0 6.142977,44.998845,0 6.143045,44.998675,0 6.143144,44.998709,0 6.143724,45.000245,0 6.144465,45.000675,0 6.144310,44.999657,0 6.144512,44.999594,0 6.144584,44.999245,0 6.144796,44.999245,0 6.144832,44.999033,0 6.145067,44.999096,0 6.145182,44.998929,0 6.145579,44.999156,0 6.145673,44.999845,0 6.146113,45.000256,0 6.146912,44.999687,0 6.146996,44.999144,0 6.146726,44.997803,0 6.146754,44.997231,0 6.147011,44.996808,0 6.147556,44.996569,0 6.148012,44.996622,0 6.148323,44.997239,0 6.148347,44.998003,0</coordinates>
    </LineString>
    <ExtendedData>
      <Data name="spot"><value>deuxalpes</value></Data>
      <Data name="tags"><value>beginner expert bikepark</value></Data>
    </ExtendedData>
  </Placemark>
  <Placemark>
    <name>Les 2 Alpes: Lilith</name>
    <description><![CDATA[2.6 km. Geometry from OpenStreetMap relation 14541450 (ODbL) - indicative only, follow the signs on the ground.]]></description>
    <styleUrl>#line-trail</styleUrl>
    <LineString><tessellate>1</tessellate>
      <coordinates>6.146876,44.997032,0 6.146620,44.997413,0 6.146506,44.997106,0 6.146373,44.997142,0 6.146372,44.997392,0 6.146169,44.997599,0 6.146220,44.997940,0 6.145563,44.997497,0 6.145303,44.997533,0 6.145147,44.996247,0 6.144783,44.995418,0 6.143578,44.998877,0 6.143228,44.998376,0 6.143219,44.997960,0 6.143004,44.998199,0 6.142862,44.998170,0 6.143101,44.996981,0 6.142861,44.995954,0 6.142169,44.996993,0 6.142016,44.996953,0 6.142016,44.996717,0 6.141746,44.996722,0 6.141242,44.997178,0 6.140472,44.997479,0 6.140287,44.997467,0 6.139896,44.997110,0 6.139704,44.997120,0 6.139311,44.997564,0 6.139331,44.998077,0 6.138938,44.997290,0 6.138829,44.995902,0 6.138486,44.996185,0 6.138095,44.997327,0 6.137879,44.996900,0 6.137831,44.996246,0 6.137535,44.996621,0 6.137468,44.996980,0 6.137146,44.996356,0 6.136912,44.996686,0 6.136845,44.997249,0</coordinates>
    </LineString>
    <ExtendedData>
      <Data name="spot"><value>deuxalpes</value></Data>
      <Data name="tags"><value>beginner expert bikepark</value></Data>
    </ExtendedData>
  </Placemark>
  <Placemark>
    <name>Les 2 Alpes: 666</name>
    <description><![CDATA[2.4 km. Geometry from OpenStreetMap relation 14541448 (ODbL) - indicative only, follow the signs on the ground.]]></description>
    <styleUrl>#line-trail</styleUrl>
    <LineString><tessellate>1</tessellate>
      <coordinates>6.139007,44.996220,0 6.139080,44.996009,0 6.139142,44.996086,0 6.139062,44.995804,0 6.138593,44.995797,0 6.138080,44.996643,0 6.137951,44.995849,0 6.137373,44.996500,0 6.137196,44.995903,0 6.136613,44.996494,0 6.136524,44.997030,0 6.136212,44.996852,0 6.135947,44.997461,0 6.135410,44.996605,0 6.135122,44.997290,0 6.134622,44.996711,0 6.134401,44.997056,0 6.134168,44.996635,0 6.133829,44.996668,0 6.133627,44.997498,0 6.133270,44.998033,0 6.133098,44.997875,0 6.132867,44.998156,0 6.132722,44.998084,0 6.132398,44.999138,0 6.132244,44.999172,0 6.132176,44.999018,0 6.131838,44.999198,0 6.131422,44.999782,0 6.131224,44.999700,0 6.131137,44.999372,0 6.130818,44.999711,0 6.130702,44.999547,0 6.130505,44.999738,0 6.130529,44.999178,0 6.130296,44.998716,0 6.130105,44.999197,0 6.129957,44.999134,0 6.129773,44.999249,0 6.129665,44.999082,0 6.129522,44.999171,0 6.128830,44.998492,0 6.128041,45.000467,0 6.127774,45.000471,0 6.127600,45.000611,0 6.127371,45.000356,0 6.126573,45.000330,0</coordinates>
    </LineString>
    <ExtendedData>
      <Data name="spot"><value>deuxalpes</value></Data>
      <Data name="tags"><value>beginner expert bikepark</value></Data>
    </ExtendedData>
  </Placemark>
  <Placemark>
    <name>Les 2 Alpes: 666 (part 2)</name>
    <description><![CDATA[2.0 km. Geometry from OpenStreetMap relation 14541448 (ODbL) - indicative only, follow the signs on the ground.]]></description>
    <styleUrl>#line-trail</styleUrl>
    <LineString><tessellate>1</tessellate>
      <coordinates>6.147307,44.996678,0 6.146625,44.996347,0 6.146462,44.996351,0 6.146286,44.996601,0 6.146133,44.996596,0 6.146070,44.996394,0 6.145898,44.996496,0 6.145929,44.995838,0 6.145791,44.995815,0 6.145420,44.996112,0 6.145161,44.995453,0 6.144724,44.995331,0 6.144551,44.995500,0 6.144276,44.995085,0 6.143993,44.995684,0 6.144060,44.995945,0 6.143765,44.996310,0 6.143329,44.995354,0 6.142645,44.995122,0 6.142068,44.995515,0 6.141640,44.995539,0 6.141891,44.995702,0 6.141875,44.996011,0 6.142108,44.996341,0 6.141371,44.997095,0 6.140388,44.997476,0 6.140434,44.996940,0 6.140074,44.996754,0 6.139530,44.997121,0 6.139180,44.997592,0 6.139005,44.996921,0 6.138989,44.996249,0 6.139142,44.996086,0 6.139219,44.996180,0 6.139897,44.995922,0 6.140100,44.995595,0 6.140309,44.995537,0 6.140531,44.995648,0 6.140584,44.995366,0 6.140961,44.994950,0 6.141261,44.995131,0 6.141324,44.995560,0 6.141566,44.995239,0 6.142468,44.994768,0 6.142921,44.995177,0</coordinates>
    </LineString>
    <ExtendedData>
      <Data name="spot"><value>deuxalpes</value></Data>
      <Data name="tags"><value>beginner expert bikepark</value></Data>
    </ExtendedData>
  </Placemark>
  <Placemark>
    <name>Les 2 Alpes: L'Ange</name>
    <description><![CDATA[6.2 km. Geometry from OpenStreetMap relation 14541447 (ODbL) - indicative only, follow the signs on the ground.]]></description>
    <styleUrl>#line-trail</styleUrl>
    <LineString><tessellate>1</tessellate>
      <coordinates>6.132182,45.003230,0 6.132453,45.002878,0 6.132368,45.002098,0 6.132633,45.001785,0 6.132267,45.001353,0 6.132167,44.999425,0 6.132398,44.999138,0 6.132456,44.997934,0 6.132810,44.997285,0 6.132286,44.996516,0 6.132195,44.995651,0 6.132504,44.995782,0 6.131199,44.994222,0 6.130811,44.993446,0 6.130975,44.993279,0 6.131233,44.993252,0 6.131025,44.993443,0 6.131163,44.993634,0 6.131540,44.993689,0 6.131683,44.993913,0 6.131754,44.993821,0 6.131897,44.994013,0 6.132902,44.994541,0 6.134489,44.994968,0 6.134586,44.995128,0 6.134835,44.995078,0 6.135376,44.995212,0 6.135684,44.995612,0 6.136044,44.995275,0 6.136154,44.995546,0 6.136975,44.994794,0 6.137423,44.994602,0 6.138010,44.993892,0 6.137663,44.994747,0 6.137239,44.995311,0 6.138141,44.994725,0 6.139106,44.993563,0 6.139305,44.993593,0 6.138852,44.994761,0 6.138880,44.995014,0 6.139239,44.994855,0 6.138679,44.996410,0 6.138679,44.997775,0 6.139110,44.998908,0 6.139793,44.999733,0 6.140266,45.000057,0 6.140851,45.001114,0 6.140756,45.003032,0 6.141667,45.004728,0 6.141683,45.004997,0 6.141324,45.005713,0 6.141309,45.006246,0 6.141830,45.007543,0 6.142335,45.006691,0 6.143082,45.007460,0 6.143582,45.007311,0 6.143710,45.007145,0 6.143824,45.006865,0 6.143389,45.006592,0 6.143491,45.006414,0 6.143908,45.006437,0 6.143647,45.006057,0 6.143958,45.005733,0 6.143827,45.005522,0 6.143980,45.005448,0 6.143922,45.005241,0 6.144160,45.005276,0 6.144097,45.004928,0 6.144321,45.004930,0 6.144340,45.004751,0 6.144534,45.004791,0 6.144384,45.004562,0 6.144709,45.004552,0 6.144324,45.003983,0 6.144544,45.003737,0 6.144619,45.003076,0 6.144759,45.003090,0 6.144901,45.003826,0 6.145689,45.004400,0 6.145512,45.003776,0 6.145625,45.003494,0 6.146122,45.003815,0 6.146329,45.003742,0 6.146016,45.002776,0 6.146430,45.003249,0 6.147035,45.003080,0 6.148150,45.000796,0 6.148268,45.000082,0 6.147983,44.998489,0 6.148347,44.998003,0</coordinates>
    </LineString>
    <ExtendedData>
      <Data name="spot"><value>deuxalpes</value></Data>
      <Data name="tags"><value>beginner expert bikepark</value></Data>
    </ExtendedData>
  </Placemark>
  <Placemark>
    <name>Les 2 Alpes: L'Ange (part 2)</name>
    <description><![CDATA[1.3 km. Geometry from OpenStreetMap relation 14541447 (ODbL) - indicative only, follow the signs on the ground.]]></description>
    <styleUrl>#line-trail</styleUrl>
    <LineString><tessellate>1</tessellate>
      <coordinates>6.131842,45.003577,0 6.131729,45.003655,0 6.131377,45.003418,0 6.131400,45.003935,0 6.131166,45.004469,0 6.130956,45.003807,0 6.130647,45.003529,0 6.130760,45.003765,0 6.130501,45.004416,0 6.130028,45.003841,0 6.129493,45.004032,0 6.129189,45.003758,0 6.129255,45.004145,0 6.129100,45.004177,0 6.128845,45.003857,0 6.128848,45.003304,0 6.128629,45.003408,0 6.128144,45.002806,0 6.128362,45.002225,0 6.128149,45.002070,0 6.126909,45.002479,0 6.126737,45.003037,0 6.126289,45.003611,0 6.124768,45.004734,0 6.124620,45.004712,0</coordinates>
    </LineString>
    <ExtendedData>
      <Data name="spot"><value>deuxalpes</value></Data>
      <Data name="tags"><value>beginner expert bikepark</value></Data>
    </ExtendedData>
  </Placemark>
  <Placemark>
    <name>Les 2 Alpes: Petite Aiguille</name>
    <description><![CDATA[1.5 km. Geometry from OpenStreetMap relation 14541446 (ODbL) - indicative only, follow the signs on the ground.]]></description>
    <styleUrl>#line-trail</styleUrl>
    <LineString><tessellate>1</tessellate>
      <coordinates>6.133180,45.023864,0 6.133312,45.023866,0 6.133458,45.024370,0 6.132821,45.024539,0 6.132544,45.024765,0 6.133064,45.024771,0 6.131575,45.025422,0 6.130999,45.025220,0 6.130930,45.025640,0 6.131119,45.025869,0 6.130847,45.025790,0 6.130759,45.025867,0 6.131117,45.026211,0 6.130587,45.026124,0 6.130118,45.025764,0 6.130270,45.026477,0 6.130745,45.026824,0 6.131349,45.026967,0 6.130399,45.027051,0 6.129813,45.026876,0 6.128551,45.025225,0 6.127727,45.024434,0 6.127632,45.024586,0 6.127311,45.024272,0 6.127313,45.024456,0 6.127014,45.024374,0 6.125878,45.023507,0</coordinates>
    </LineString>
    <ExtendedData>
      <Data name="spot"><value>deuxalpes</value></Data>
      <Data name="tags"><value>beginner expert bikepark</value></Data>
    </ExtendedData>
  </Placemark>
  <Placemark>
    <name>Les 2 Alpes: Grand Nord</name>
    <description><![CDATA[1.9 km. Geometry from OpenStreetMap relation 14863382 (ODbL) - indicative only, follow the signs on the ground.]]></description>
    <styleUrl>#line-trail</styleUrl>
    <LineString><tessellate>1</tessellate>
      <coordinates>6.172313,44.996708,0 6.171394,44.997402,0 6.171404,44.998146,0 6.171629,44.998749,0 6.170409,44.997887,0 6.169935,44.997710,0 6.169194,44.997645,0 6.168902,44.998521,0 6.170104,44.998852,0 6.170278,44.999227,0 6.169895,44.999514,0 6.169075,44.999727,0 6.168795,45.000174,0 6.167572,45.001089,0 6.164888,45.002037,0 6.163978,45.001908,0 6.163706,45.002098,0 6.163099,45.003018,0 6.163040,45.002033,0 6.162602,45.002425,0 6.162039,45.002441,0 6.161900,45.002942,0 6.161744,45.002603,0 6.161364,45.002635,0 6.160728,45.002362,0</coordinates>
    </LineString>
    <ExtendedData>
      <Data name="spot"><value>deuxalpes</value></Data>
      <Data name="tags"><value>beginner expert bikepark</value></Data>
    </ExtendedData>
  </Placemark>
  <Placemark>
    <name>Les 2 Alpes: Fury</name>
    <description><![CDATA[2.1 km. Geometry from OpenStreetMap relation 14863383 (ODbL) - indicative only, follow the signs on the ground.]]></description>
    <styleUrl>#line-trail</styleUrl>
    <LineString><tessellate>1</tessellate>
      <coordinates>6.148037,44.998779,0 6.147505,44.999881,0 6.146035,45.000416,0 6.145518,45.000189,0 6.145275,44.999792,0 6.145088,45.000213,0 6.144689,45.000506,0 6.144606,45.000925,0 6.143755,45.000516,0 6.143809,45.000807,0 6.143357,45.001069,0 6.143168,45.001569,0 6.142807,45.001251,0 6.142499,45.001276,0 6.142201,45.000934,0 6.141694,45.000676,0 6.141375,45.000753,0 6.141124,45.001351,0 6.140757,45.001428,0 6.140582,45.001745,0 6.140234,45.001117,0 6.139780,45.000827,0 6.139415,45.000790,0 6.139409,45.001141,0 6.138526,45.000907,0 6.137710,45.000875,0 6.137897,45.001201,0 6.137345,45.001157,0 6.137216,45.001504,0 6.136650,45.001343,0 6.135982,45.001377,0 6.136033,45.001550,0 6.135870,45.001642,0 6.136302,45.001966,0 6.135736,45.002363,0 6.134512,45.002892,0 6.133968,45.003415,0 6.133560,45.003306,0 6.133126,45.003506,0 6.133018,45.003388,0 6.132768,45.003429,0 6.132690,45.003058,0 6.132375,45.003063,0</coordinates>
    </LineString>
    <ExtendedData>
      <Data name="spot"><value>deuxalpes</value></Data>
      <Data name="tags"><value>beginner expert bikepark</value></Data>
    </ExtendedData>
  </Placemark>
  <Placemark>
    <name>Les 2 Alpes: Venosc</name>
    <description><![CDATA[3.0 km. Geometry from OpenStreetMap relation 14866449 (ODbL) - indicative only, follow the signs on the ground.]]></description>
    <styleUrl>#line-trail</styleUrl>
    <LineString><tessellate>1</tessellate>
      <coordinates>6.126511,44.999651,0 6.126670,44.999549,0 6.126123,44.999527,0 6.125487,44.999940,0 6.125310,44.999809,0 6.125444,44.999654,0 6.125233,44.999597,0 6.125468,44.999266,0 6.125209,44.998963,0 6.125095,44.998333,0 6.124834,44.998084,0 6.124808,44.997841,0 6.124952,44.997534,0 6.125278,44.997377,0 6.125083,44.996848,0 6.125271,44.996462,0 6.124785,44.996688,0 6.124828,44.996540,0 6.124706,44.996563,0 6.124398,44.996913,0 6.124354,44.996400,0 6.124097,44.996375,0 6.124141,44.996253,0 6.123919,44.996316,0 6.124130,44.996067,0 6.123926,44.995786,0 6.123908,44.995224,0 6.123741,44.995170,0 6.123739,44.995384,0 6.123410,44.995216,0 6.123592,44.994938,0 6.123299,44.995054,0 6.123397,44.994854,0 6.123254,44.994813,0 6.122890,44.995128,0 6.122806,44.994982,0 6.122467,44.995124,0 6.122491,44.995424,0 6.122742,44.995613,0 6.122527,44.995866,0 6.122606,44.996190,0 6.122410,44.996081,0 6.122286,44.996254,0 6.122197,44.996122,0 6.121875,44.996272,0 6.121689,44.996026,0 6.121255,44.996419,0 6.120906,44.996246,0 6.121005,44.995932,0 6.120288,44.996195,0 6.119999,44.995941,0 6.120058,44.995783,0 6.119583,44.995769,0 6.119602,44.995539,0 6.119349,44.995721,0 6.119218,44.995624,0 6.119134,44.994778,0 6.118839,44.994737,0 6.118890,44.994611,0 6.118563,44.994660,0 6.118813,44.994411,0 6.118672,44.994311,0 6.118871,44.994285,0 6.119151,44.993987,0 6.119160,44.993424,0 6.119971,44.992705,0 6.120200,44.992263,0 6.120002,44.992134,0 6.119554,44.992102,0 6.118863,44.992500,0 6.118721,44.992181,0 6.118120,44.991947,0 6.117708,44.991919,0 6.117744,44.991632,0 6.116870,44.991031,0 6.116706,44.989428,0 6.116362,44.988200,0 6.116100,44.988052,0 6.115784,44.987386,0</coordinates>
    </LineString>
    <ExtendedData>
      <Data name="spot"><value>deuxalpes</value></Data>
      <Data name="tags"><value>beginner expert bikepark</value></Data>
    </ExtendedData>
  </Placemark>
  <Placemark>
    <name>Les 2 Alpes: Super Venosc</name>
    <description><![CDATA[2.1 km. Geometry from OpenStreetMap relation 14541452 (ODbL) - indicative only, follow the signs on the ground.]]></description>
    <styleUrl>#line-trail</styleUrl>
    <LineString><tessellate>1</tessellate>
      <coordinates>6.107907,45.008760,0 6.108321,45.008587,0 6.108208,45.008171,0 6.108490,45.007572,0 6.108737,45.007473,0 6.108709,45.007283,0 6.109945,45.007329,0 6.110596,45.007710,0 6.110885,45.007741,0 6.110904,45.007362,0 6.111074,45.007327,0 6.111683,45.007825,0 6.112324,45.009191,0 6.112909,45.009213,0 6.113660,45.008726,0 6.114350,45.008777,0 6.114425,45.008450,0 6.114897,45.008683,0 6.115132,45.009373,0 6.115732,45.009985,0 6.116468,45.010074,0 6.116802,45.010298,0 6.117194,45.009838,0 6.117934,45.010908,0 6.118415,45.010385,0 6.118779,45.010813,0 6.118993,45.010767,0 6.119082,45.010513,0 6.119456,45.010841,0 6.119410,45.010305,0 6.119597,45.010314,0 6.119681,45.010133,0 6.119135,45.009325,0 6.118860,45.008152,0 6.119071,45.008160,0 6.119116,45.007115,0 6.119610,45.006458,0</coordinates>
    </LineString>
    <ExtendedData>
      <Data name="spot"><value>deuxalpes</value></Data>
      <Data name="tags"><value>beginner expert bikepark</value></Data>
    </ExtendedData>
  </Placemark>
  <Placemark>
    <name>Les 2 Alpes: Sapins</name>
    <description><![CDATA[1.5 km. Geometry from OpenStreetMap relation 14866453 (ODbL) - indicative only, follow the signs on the ground.]]></description>
    <styleUrl>#line-trail</styleUrl>
    <LineString><tessellate>1</tessellate>
      <coordinates>6.140400,45.010696,0 6.139948,45.010514,0 6.139732,45.010577,0 6.139458,45.010132,0 6.138878,45.010676,0 6.138532,45.010047,0 6.138136,45.010339,0 6.138117,45.010770,0 6.137597,45.010114,0 6.137447,45.010342,0 6.137307,45.010131,0 6.137158,45.010356,0 6.136891,45.010154,0 6.136692,45.010332,0 6.136639,45.010177,0 6.136430,45.010305,0 6.136159,45.009835,0 6.135722,45.010235,0 6.135268,45.009587,0 6.135054,45.009681,0 6.134954,45.009574,0 6.134870,45.009129,0 6.135113,45.008774,0 6.134170,45.008986,0 6.133739,45.009228,0 6.133414,45.009667,0 6.132803,45.010061,0 6.132588,45.010571,0 6.132367,45.010456,0 6.132128,45.010543,0 6.131915,45.010968,0 6.131476,45.010834,0 6.131258,45.010889,0 6.130975,45.010681,0 6.130614,45.011120,0 6.130181,45.010535,0 6.129942,45.010529,0</coordinates>
    </LineString>
    <ExtendedData>
      <Data name="spot"><value>deuxalpes</value></Data>
      <Data name="tags"><value>beginner expert bikepark</value></Data>
    </ExtendedData>
  </Placemark>
  <Placemark>
    <name>Les 2 Alpes: Pied Moutet</name>
    <description><![CDATA[3.2 km. Geometry from OpenStreetMap relation 14541453 (ODbL) - indicative only, follow the signs on the ground.]]></description>
    <styleUrl>#line-trail</styleUrl>
    <LineString><tessellate>1</tessellate>
      <coordinates>6.105961,45.008291,0 6.106853,45.008325,0 6.107871,45.008735,0 6.108760,45.009506,0 6.108712,45.010377,0 6.108920,45.010798,0 6.109469,45.011064,0 6.109495,45.010840,0 6.109772,45.010802,0 6.111272,45.011806,0 6.111320,45.011535,0 6.111451,45.011518,0 6.112454,45.012718,0 6.112932,45.012450,0 6.113216,45.012775,0 6.113527,45.012633,0 6.113574,45.012900,0 6.113844,45.012527,0 6.113947,45.011875,0 6.114380,45.011716,0 6.114695,45.011963,0 6.115254,45.011851,0 6.115204,45.011456,0 6.115490,45.011187,0 6.115474,45.010790,0 6.116063,45.010992,0 6.116276,45.010788,0 6.116728,45.011192,0 6.117538,45.012685,0 6.117455,45.013032,0 6.116545,45.013544,0 6.117535,45.013504,0 6.117516,45.013758,0 6.117798,45.013747,0 6.117886,45.013925,0 6.118278,45.013714,0 6.118511,45.013779,0 6.119109,45.014789,0 6.119547,45.015009,0 6.119692,45.015391,0 6.119995,45.015531,0 6.120156,45.015992,0 6.119989,45.016941,0 6.120237,45.016896,0 6.120926,45.016322,0 6.120948,45.016558,0 6.121304,45.016463,0 6.121225,45.017225,0 6.121355,45.017282,0 6.121550,45.017010,0 6.122593,45.016422,0 6.122536,45.017033,0 6.122715,45.017356,0 6.122322,45.017951,0 6.122286,45.018315,0 6.122884,45.017995,0 6.123183,45.018420,0 6.123740,45.018370,0 6.124171,45.018184,0</coordinates>
    </LineString>
    <ExtendedData>
      <Data name="spot"><value>deuxalpes</value></Data>
      <Data name="tags"><value>beginner expert bikepark</value></Data>
    </ExtendedData>
  </Placemark>
  <Placemark>
    <name>Lenzerheide - Bike Kingdom Park [from 53 CHF]</name>
    <description><![CDATA[<b>Parpaner Rothorn 2861 m - top of the Rothorn gondola</b><br/><br/><b>Trails</b><br/>Switzerland's most serious bike destination, and a UCI World Cup venue - the 2026 round is 19-21 June. The Bike Kingdom Park runs five parallel lines off the same lift so you can pick your level and lap all day: FLOWline (green, wide and rolling), PRIMEline and SHOREline in the middle, STYLEline for jumps, and STRAIGHTline, the steep, fast World Cup track. Beyond the park, the Biketicket to RIDE network and the Bike Attack race line drop the full 1400 m off the Rothorn. Big Skill Centre at the Rothorn valley station for a warm-up.<br/><br/><b>Getting up / price</b><br/>Bike Kingdom day ticket from 53 CHF, about 6% less booked online. One ticket covers Lenzerheide, Arosa and Chur, and bike carriage is included on every lift. Multi-day tickets and the Gravity Card season pass are the sensible options if you stay.<br/><br/><b>Open season</b><br/>Open from 1 June; closed from 26 October (typical window; check the operator and conditions).<br/>Daily opening hours: 09:00-17:00<br/><small>Typical daily estimate; check the operator schedule.</small><br/><br/><b>Access</b><table class="access"><tr><th>From</th><th>Transport</th><th>Duration</th></tr><tr><td>Lausanne</td><td>Train + bus</td><td>~4h30</td></tr></table><br/><i>Source: <a href="https://www.bikekingdom.ch/en">Bike Kingdom</a>. Prices, schedules, trail status and access can change; verify before travel.</i>]]></description>
    <styleUrl>#placemark-blue</styleUrl>
    <Point><coordinates>9.597404,46.742630,0</coordinates></Point>
    <ExtendedData xmlns:mwm="https://omaps.app">
      <Data name="spot"><value>lenzerheide</value></Data>
      <Data name="tags"><value>beginner expert bikepark</value></Data>
      <Data name="open_from"><value>06-01</value></Data>
      <Data name="closed_from"><value>10-26</value></Data>
      <Data name="price_day"><value>53 CHF</value></Data>
      <mwm:icon>Mountain</mwm:icon>
      <mwm:visibility>1</mwm:visibility>
    </ExtendedData>
  </Placemark>
  <Placemark>
    <name>Lenzerheide: Lai Canols</name>
    <description><![CDATA[Valley station of the Rothorn gondola and the base of the Bike Kingdom Park - the five park lines all finish here.]]></description>
    <styleUrl>#placemark-gray</styleUrl>
    <Point><coordinates>9.556581,46.740208,0</coordinates></Point>
    <ExtendedData xmlns:mwm="https://omaps.app">
      <Data name="spot"><value>lenzerheide</value></Data>
      <Data name="tags"><value>beginner expert bikepark</value></Data>
      <mwm:icon>Transport</mwm:icon>
      <mwm:visibility>1</mwm:visibility>
    </ExtendedData>
  </Placemark>
  <Placemark>
    <name>Lenzerheide: Tgantieni / Piz Scalottas</name>
    <description><![CDATA[The quieter west-facing side of the valley, and the way across to the Scalottas trails.]]></description>
    <styleUrl>#placemark-gray</styleUrl>
    <Point><coordinates>9.530588,46.722009,0</coordinates></Point>
    <ExtendedData xmlns:mwm="https://omaps.app">
      <Data name="spot"><value>lenzerheide</value></Data>
      <Data name="tags"><value>beginner expert bikepark</value></Data>
      <mwm:icon>Transport</mwm:icon>
      <mwm:visibility>1</mwm:visibility>
    </ExtendedData>
  </Placemark>
  <Placemark>
    <name>Lenzerheide: FLOWline (green)</name>
    <description><![CDATA[3.3 km. Geometry from OpenStreetMap relation 16158794 (ODbL) - indicative only, follow the signs on the ground.]]></description>
    <styleUrl>#line-trail</styleUrl>
    <LineString><tessellate>1</tessellate>
      <coordinates>9.572886,46.742553,0 9.572906,46.742314,0 9.572680,46.742379,0 9.572603,46.741793,0 9.572327,46.742035,0 9.572403,46.741609,0 9.572139,46.741809,0 9.572224,46.741521,0 9.571981,46.741650,0 9.572063,46.740973,0 9.572399,46.740450,0 9.572111,46.739999,0 9.571716,46.740369,0 9.571686,46.740648,0 9.571460,46.740264,0 9.570658,46.740705,0 9.570005,46.739557,0 9.569583,46.739370,0 9.568733,46.739521,0 9.568774,46.739312,0 9.568577,46.739316,0 9.568478,46.739096,0 9.568511,46.738606,0 9.568176,46.738880,0 9.567907,46.738558,0 9.567720,46.738821,0 9.567152,46.738385,0 9.567004,46.738853,0 9.566421,46.738828,0 9.566142,46.738968,0 9.566223,46.738746,0 9.565882,46.738616,0 9.565506,46.738554,0 9.565400,46.738828,0 9.564651,46.738695,0 9.564203,46.738064,0 9.564105,46.738121,0 9.564022,46.738030,0 9.563986,46.737759,0 9.563856,46.737848,0 9.563606,46.737328,0 9.563101,46.737130,0 9.562811,46.737094,0 9.562744,46.737260,0 9.562395,46.737041,0 9.562430,46.737261,0 9.561930,46.737152,0 9.562005,46.737980,0 9.562421,46.738902,0 9.561974,46.739807,0 9.562183,46.740418,0 9.561940,46.740473,0 9.561794,46.740288,0 9.561796,46.740594,0 9.561453,46.740169,0 9.561543,46.740545,0 9.561310,46.740381,0 9.561260,46.740642,0 9.560975,46.740405,0 9.561062,46.740065,0 9.560836,46.740206,0 9.560808,46.739841,0 9.560716,46.740008,0 9.560570,46.739901,0 9.560470,46.740245,0 9.560304,46.740237,0 9.560312,46.740408,0 9.560165,46.740441,0 9.560034,46.739961,0 9.559787,46.740046,0 9.559793,46.739829,0 9.558953,46.739051,0 9.558964,46.739250,0 9.558732,46.739148,0 9.558907,46.739432,0 9.558780,46.739419,0 9.558830,46.739567,0 9.558565,46.739325,0 9.558613,46.739549,0 9.558432,46.739393,0 9.558340,46.739520,0 9.558211,46.739035,0 9.558079,46.739091,0 9.557833,46.738603,0 9.557641,46.738829,0</coordinates>
    </LineString>
    <ExtendedData>
      <Data name="spot"><value>lenzerheide</value></Data>
      <Data name="tags"><value>beginner expert bikepark</value></Data>
    </ExtendedData>
  </Placemark>
  <Placemark>
    <name>Lenzerheide: FLOWline (green) (part 2)</name>
    <description><![CDATA[0.4 km. Geometry from OpenStreetMap relation 16158794 (ODbL) - indicative only, follow the signs on the ground.]]></description>
    <styleUrl>#line-trail</styleUrl>
    <LineString><tessellate>1</tessellate>
      <coordinates>9.564433,46.738317,0 9.564064,46.738415,0 9.563695,46.737673,0 9.563313,46.737765,0 9.563399,46.737393,0 9.563070,46.737539,0 9.562815,46.737333,0 9.562542,46.737514,0 9.562163,46.737271,0 9.562042,46.737623,0</coordinates>
    </LineString>
    <ExtendedData>
      <Data name="spot"><value>lenzerheide</value></Data>
      <Data name="tags"><value>beginner expert bikepark</value></Data>
    </ExtendedData>
  </Placemark>
  <Placemark>
    <name>Lenzerheide: PRIMEline</name>
    <description><![CDATA[2.5 km. Geometry from OpenStreetMap relation 16158795 (ODbL) - indicative only, follow the signs on the ground.]]></description>
    <styleUrl>#line-trail</styleUrl>
    <LineString><tessellate>1</tessellate>
      <coordinates>9.572886,46.742553,0 9.572641,46.742488,0 9.572577,46.742033,0 9.572344,46.742203,0 9.572219,46.742078,0 9.572045,46.742193,0 9.571947,46.742030,0 9.571489,46.742396,0 9.571623,46.741173,0 9.571313,46.741082,0 9.571322,46.740440,0 9.570881,46.740650,0 9.570679,46.740919,0 9.570381,46.740906,0 9.570278,46.741047,0 9.569946,46.740949,0 9.569778,46.741048,0 9.569678,46.741611,0 9.569307,46.741810,0 9.569163,46.742360,0 9.568713,46.742252,0 9.568474,46.742508,0 9.568263,46.742406,0 9.567570,46.743089,0 9.567338,46.742072,0 9.566631,46.741904,0 9.565128,46.741950,0 9.564808,46.741572,0 9.564560,46.741650,0 9.564561,46.740826,0 9.564072,46.741150,0 9.564171,46.740716,0 9.564031,46.740305,0 9.563907,46.740313,0 9.563804,46.740810,0 9.563687,46.740810,0 9.563732,46.740687,0 9.563341,46.740801,0 9.563421,46.740515,0 9.563148,46.740191,0 9.562297,46.739669,0 9.562303,46.739481,0 9.562014,46.739683,0 9.561560,46.739288,0 9.561557,46.738765,0 9.561163,46.738403,0 9.560927,46.738493,0 9.560873,46.738918,0 9.560667,46.738964,0 9.560635,46.739175,0 9.560080,46.738912,0 9.560000,46.739332,0 9.559613,46.739023,0 9.559332,46.739084,0 9.559121,46.738752,0 9.558794,46.738849,0 9.558437,46.738093,0 9.558157,46.738105,0 9.558185,46.738408,0</coordinates>
    </LineString>
    <ExtendedData>
      <Data name="spot"><value>lenzerheide</value></Data>
      <Data name="tags"><value>beginner expert bikepark</value></Data>
    </ExtendedData>
  </Placemark>
  <Placemark>
    <name>Lenzerheide: PRIMEline (part 2)</name>
    <description><![CDATA[0.1 km. Geometry from OpenStreetMap relation 16158795 (ODbL) - indicative only, follow the signs on the ground.]]></description>
    <styleUrl>#line-trail</styleUrl>
    <LineString><tessellate>1</tessellate>
      <coordinates>9.569256,46.741934,0 9.568997,46.742152,0 9.569112,46.742315,0 9.568713,46.742252,0</coordinates>
    </LineString>
    <ExtendedData>
      <Data name="spot"><value>lenzerheide</value></Data>
      <Data name="tags"><value>beginner expert bikepark</value></Data>
    </ExtendedData>
  </Placemark>
  <Placemark>
    <name>Lenzerheide: SHOREline</name>
    <description><![CDATA[0.6 km. Geometry from OpenStreetMap relation 16158797 (ODbL) - indicative only, follow the signs on the ground.]]></description>
    <styleUrl>#line-trail</styleUrl>
    <LineString><tessellate>1</tessellate>
      <coordinates>9.569649,46.741260,0 9.568945,46.741939,0 9.568502,46.741982,0 9.567004,46.741045,0 9.566685,46.740628,0 9.566458,46.741272,0 9.565932,46.740990,0 9.565514,46.741654,0 9.565247,46.741794,0 9.564909,46.741365,0 9.564706,46.741607,0</coordinates>
    </LineString>
    <ExtendedData>
      <Data name="spot"><value>lenzerheide</value></Data>
      <Data name="tags"><value>beginner expert bikepark</value></Data>
    </ExtendedData>
  </Placemark>
  <Placemark>
    <name>Lenzerheide: STYLEline</name>
    <description><![CDATA[0.6 km. Geometry from OpenStreetMap relation 16158798 (ODbL) - indicative only, follow the signs on the ground.]]></description>
    <styleUrl>#line-trail</styleUrl>
    <LineString><tessellate>1</tessellate>
      <coordinates>9.569649,46.741260,0 9.568945,46.741939,0 9.568502,46.741982,0 9.567004,46.741045,0 9.566685,46.740628,0 9.566458,46.741272,0 9.565932,46.740990,0 9.565514,46.741654,0 9.565247,46.741794,0 9.564909,46.741365,0 9.564706,46.741607,0</coordinates>
    </LineString>
    <ExtendedData>
      <Data name="spot"><value>lenzerheide</value></Data>
      <Data name="tags"><value>beginner expert bikepark</value></Data>
    </ExtendedData>
  </Placemark>
  <Placemark>
    <name>Lenzerheide: STRAIGHTline (World Cup)</name>
    <description><![CDATA[1.8 km. Geometry from OpenStreetMap relation 16158796 (ODbL) - indicative only, follow the signs on the ground.]]></description>
    <styleUrl>#line-trail</styleUrl>
    <LineString><tessellate>1</tessellate>
      <coordinates>9.572805,46.742543,0 9.572541,46.742487,0 9.572519,46.742248,0 9.572038,46.742291,0 9.571319,46.742925,0 9.571035,46.742681,0 9.571071,46.742488,0 9.570717,46.742556,0 9.570666,46.742362,0 9.570404,46.742509,0 9.570116,46.742239,0 9.569190,46.742464,0 9.568392,46.742200,0 9.568160,46.742256,0 9.567767,46.742731,0 9.567508,46.742796,0 9.567338,46.742072,0 9.566631,46.741904,0 9.565128,46.741950,0 9.564808,46.741572,0 9.564526,46.741621,0 9.564538,46.741387,0 9.564376,46.741592,0 9.564318,46.741316,0 9.564157,46.741453,0 9.563999,46.741323,0 9.563776,46.741446,0 9.563591,46.740990,0 9.563051,46.741101,0 9.562452,46.741015,0 9.562335,46.741107,0 9.561834,46.740716,0 9.561599,46.740985,0 9.561363,46.741033,0 9.560975,46.740704,0 9.560649,46.740684,0 9.560410,46.740938,0 9.560191,46.740729,0 9.559459,46.740479,0 9.559129,46.740699,0 9.558805,46.740492,0 9.558220,46.740450,0 9.558805,46.740492,0 9.559129,46.740699,0 9.559403,46.740470,0 9.559790,46.740624,0</coordinates>
    </LineString>
    <ExtendedData>
      <Data name="spot"><value>lenzerheide</value></Data>
      <Data name="tags"><value>beginner expert bikepark</value></Data>
    </ExtendedData>
  </Placemark>
  <Placemark>
    <name>Lenzerheide: Biketicket to RIDE (red)</name>
    <description><![CDATA[14.5 km. Geometry from OpenStreetMap relation 16129507 (ODbL) - indicative only, follow the signs on the ground.]]></description>
    <styleUrl>#line-trail</styleUrl>
    <LineString><tessellate>1</tessellate>
      <coordinates>9.549791,46.796207,0 9.550360,46.795505,0 9.549332,46.795570,0 9.548566,46.795175,0 9.548299,46.794755,0 9.547638,46.794517,0 9.546990,46.793086,0 9.546992,46.792325,0 9.547446,46.791292,0 9.548177,46.788401,0 9.548728,46.788003,0 9.548378,46.787815,0 9.548592,46.787676,0 9.548443,46.787465,0 9.548788,46.787105,0 9.549416,46.786937,0 9.549463,46.786338,0 9.551937,46.786873,0 9.552374,46.786772,0 9.553356,46.786155,0 9.553737,46.785685,0 9.554578,46.785200,0 9.555015,46.784638,0 9.553198,46.783902,0 9.555847,46.782273,0 9.557011,46.781409,0 9.557772,46.781038,0 9.558351,46.780298,0 9.558702,46.779146,0 9.559105,46.778687,0 9.559654,46.778380,0 9.560644,46.778154,0 9.560588,46.777668,0 9.560988,46.776815,0 9.561733,46.775893,0 9.561286,46.775470,0 9.561102,46.774135,0 9.561590,46.771600,0 9.562123,46.770478,0 9.562292,46.768925,0 9.563347,46.767674,0 9.563641,46.766665,0 9.563555,46.766126,0 9.562589,46.764825,0 9.561586,46.762900,0 9.560984,46.762292,0 9.560167,46.760932,0 9.558372,46.760496,0 9.557722,46.760018,0 9.556306,46.760533,0 9.555805,46.760968,0 9.554662,46.760782,0 9.553557,46.760452,0 9.552578,46.759496,0 9.551525,46.759493,0 9.550752,46.759353,0 9.550288,46.759604,0 9.550034,46.759375,0 9.549703,46.759327,0 9.547967,46.759798,0 9.547234,46.760307,0 9.546898,46.760397,0 9.546369,46.760282,0 9.545598,46.760481,0 9.545315,46.760355,0 9.544787,46.760399,0 9.544783,46.760669,0 9.544205,46.761208,0 9.543728,46.761008,0 9.542809,46.761009,0 9.542106,46.760866,0 9.541145,46.761256,0 9.540527,46.761321,0 9.539379,46.760691,0 9.537679,46.760631,0 9.537347,46.760214,0 9.536395,46.759880,0 9.536020,46.759555,0 9.536025,46.759377,0 9.535097,46.758971,0 9.535009,46.758635,0 9.534686,46.758926,0 9.534726,46.759318,0 9.533749,46.759972,0 9.533903,46.760661,0 9.533679,46.760842,0 9.532781,46.760655,0 9.532304,46.760318,0 9.532268,46.760045,0 9.531935,46.759777,0 9.531002,46.759403,0 9.530893,46.758704,0 9.531030,46.757468,0 9.530892,46.757143,0 9.531873,46.756706,0 9.531592,46.756161,0 9.531870,46.755860,0 9.531653,46.755624,0 9.532812,46.754724,0 9.532593,46.754001,0 9.532330,46.753803,0 9.531735,46.753837,0 9.530902,46.754075,0 9.530558,46.752721,0 9.530030,46.752326,0 9.529745,46.752268,0 9.529722,46.751901,0 9.528946,46.751779,0 9.528283,46.751422,0 9.528271,46.751143,0 9.527399,46.750023,0 9.525070,46.748295,0 9.524180,46.747175,0 9.522695,46.746715,0 9.521502,46.746076,0 9.519495,46.745893,0 9.518873,46.745111,0 9.518230,46.744853,0 9.518167,46.744243,0 9.518831,46.743965,0 9.519177,46.743581,0 9.519870,46.742507,0 9.520326,46.742165,0 9.520335,46.741765,0 9.519871,46.741212,0 9.519536,46.740265,0 9.519501,46.739278,0 9.519158,46.738722,0 9.518908,46.737237,0 9.517678,46.735732,0 9.517674,46.734966,0 9.517916,46.734127,0 9.517558,46.733757,0 9.517684,46.733443,0 9.517461,46.733236,0 9.517145,46.733441,0 9.516714,46.733289,0 9.516375,46.732813,0 9.516758,46.731620,0 9.516461,46.730805,0 9.516180,46.731285,0 9.516189,46.730962,0 9.515847,46.730447,0 9.515787,46.729602,0 9.516256,46.728850,0 9.516208,46.728616,0 9.516059,46.728579,0 9.515943,46.728917,0 9.515561,46.729195,0 9.515551,46.728557,0 9.515207,46.728153,0 9.515253,46.727348,0 9.515019,46.727736,0 9.514826,46.727291,0 9.514139,46.726780,0 9.513860,46.726352,0 9.514303,46.725840,0 9.513726,46.725471,0 9.513659,46.725220,0 9.514085,46.724589,0 9.513873,46.724261,0 9.513199,46.723834,0 9.513043,46.723264,0 9.513238,46.722914,0 9.513831,46.722641,0 9.513882,46.721932,0 9.514118,46.721729,0 9.514205,46.721014,0 9.513902,46.720731,0 9.513830,46.721009,0 9.513399,46.720401,0 9.513370,46.720639,0 9.513173,46.720524,0 9.513139,46.720725,0 9.512582,46.720477,0 9.512398,46.720223,0 9.512399,46.720595,0 9.512671,46.720858,0 9.512659,46.721108,0 9.511875,46.720746,0 9.511345,46.720341,0 9.511164,46.720737,0 9.511493,46.720976,0 9.511026,46.720923,0 9.511288,46.721183,0 9.510589,46.720970,0 9.510434,46.721038,0 9.510504,46.721627,0 9.510803,46.721796,0</coordinates>
    </LineString>
    <ExtendedData>
      <Data name="spot"><value>lenzerheide</value></Data>
      <Data name="tags"><value>beginner expert bikepark</value></Data>
    </ExtendedData>
  </Placemark>
  <Placemark>
    <name>Lenzerheide: Biketicket to RIDE (red) (part 2)</name>
    <description><![CDATA[7.0 km. Geometry from OpenStreetMap relation 16129507 (ODbL) - indicative only, follow the signs on the ground.]]></description>
    <styleUrl>#line-trail</styleUrl>
    <LineString><tessellate>1</tessellate>
      <coordinates>9.516157,46.828993,0 9.516032,46.829024,0 9.515734,46.828188,0 9.514904,46.825192,0 9.514886,46.823071,0 9.514714,46.822371,0 9.515950,46.821025,0 9.516197,46.817925,0 9.517286,46.817040,0 9.517633,46.816349,0 9.517948,46.816253,0 9.518662,46.815528,0 9.518715,46.815657,0 9.518798,46.815587,0 9.518869,46.814982,0 9.520388,46.813878,0 9.521103,46.813147,0 9.520900,46.812475,0 9.521349,46.811537,0 9.521738,46.811086,0 9.522393,46.810733,0 9.522631,46.810335,0 9.522808,46.809838,0 9.522650,46.809506,0 9.522814,46.808501,0 9.522286,46.807269,0 9.522273,46.806895,0 9.522028,46.806664,0 9.521433,46.806432,0 9.521842,46.804683,0 9.521926,46.804530,0 9.524019,46.804806,0 9.524585,46.804216,0 9.525401,46.804013,0 9.526173,46.803629,0 9.526048,46.803168,0 9.526305,46.802938,0 9.526858,46.802914,0 9.526819,46.802041,0 9.526419,46.801231,0 9.526452,46.800299,0 9.525765,46.799910,0 9.526583,46.799601,0 9.527038,46.798568,0 9.529273,46.795408,0 9.529487,46.794666,0 9.530028,46.793684,0 9.530993,46.792908,0 9.532254,46.791233,0 9.532750,46.790903,0 9.534676,46.788952,0 9.535317,46.788613,0 9.535623,46.788915,0 9.536717,46.788000,0 9.537220,46.787194,0 9.537442,46.786162,0 9.537665,46.785816,0 9.540935,46.784468,0 9.541818,46.783659,0 9.542097,46.782937,0 9.543441,46.780997,0 9.543997,46.777678,0 9.542759,46.777534,0 9.542674,46.777651,0 9.541963,46.777594,0</coordinates>
    </LineString>
    <ExtendedData>
      <Data name="spot"><value>lenzerheide</value></Data>
      <Data name="tags"><value>beginner expert bikepark</value></Data>
    </ExtendedData>
  </Placemark>
  <Placemark>
    <name>Lenzerheide: Biketicket to RIDE (red) (part 3)</name>
    <description><![CDATA[4.1 km. Geometry from OpenStreetMap relation 16129507 (ODbL) - indicative only, follow the signs on the ground.]]></description>
    <styleUrl>#line-trail</styleUrl>
    <LineString><tessellate>1</tessellate>
      <coordinates>9.530851,46.721860,0 9.529403,46.721843,0 9.529205,46.721612,0 9.528728,46.721450,0 9.527757,46.720385,0 9.527893,46.720707,0 9.527407,46.720635,0 9.527011,46.720399,0 9.526622,46.719904,0 9.526060,46.719726,0 9.525297,46.719166,0 9.524733,46.718563,0 9.524344,46.717541,0 9.524357,46.717097,0 9.523945,46.717073,0 9.523775,46.717295,0 9.523580,46.716910,0 9.523248,46.716725,0 9.521534,46.716306,0 9.521394,46.715616,0 9.521145,46.715297,0 9.521279,46.714966,0 9.520839,46.714636,0 9.520956,46.714818,0 9.520749,46.715014,0 9.520478,46.714650,0 9.520630,46.714477,0 9.520257,46.714667,0 9.520334,46.714826,0 9.520165,46.714594,0 9.520685,46.714166,0 9.519854,46.714569,0 9.519706,46.714975,0 9.519270,46.715337,0 9.519352,46.715572,0 9.519086,46.715204,0 9.518959,46.715388,0 9.519070,46.715711,0 9.518792,46.715321,0 9.518690,46.715504,0 9.518722,46.715043,0 9.518478,46.715529,0 9.518513,46.714913,0 9.518170,46.715369,0 9.518172,46.714945,0 9.517553,46.715792,0 9.517743,46.714851,0 9.517100,46.715573,0 9.516767,46.716746,0 9.516485,46.716974,0 9.516685,46.716334,0 9.516220,46.715524,0 9.516003,46.715471,0 9.515962,46.715220,0 9.515715,46.715869,0 9.515828,46.716446,0 9.515211,46.717493,0 9.515728,46.717954,0 9.515142,46.717812,0 9.514969,46.718244,0 9.515639,46.719015,0 9.514657,46.718496,0 9.515130,46.719274,0 9.515003,46.719827,0 9.515508,46.720095,0 9.514606,46.719878,0 9.515076,46.720396,0 9.514955,46.720449,0 9.514777,46.720280,0 9.514818,46.720614,0 9.514149,46.721563,0</coordinates>
    </LineString>
    <ExtendedData>
      <Data name="spot"><value>lenzerheide</value></Data>
      <Data name="tags"><value>beginner expert bikepark</value></Data>
    </ExtendedData>
  </Placemark>
  <Placemark>
    <name>Lenzerheide: Bike Attack race line</name>
    <description><![CDATA[7.2 km. Geometry from OpenStreetMap relation 6450415 (ODbL) - indicative only, follow the signs on the ground.]]></description>
    <styleUrl>#line-trail</styleUrl>
    <LineString><tessellate>1</tessellate>
      <coordinates>9.597404,46.742630,0 9.597544,46.742677,0 9.597590,46.742546,0 9.598180,46.742316,0 9.599255,46.742144,0 9.600137,46.742619,0 9.599479,46.742702,0 9.600844,46.743530,0 9.601300,46.743994,0 9.601366,46.744333,0 9.601145,46.744783,0 9.601361,46.745117,0 9.601327,46.745345,0 9.600864,46.745510,0 9.600651,46.745880,0 9.599715,46.746481,0 9.599085,46.747270,0 9.599327,46.747761,0 9.599031,46.748477,0 9.599260,46.748793,0 9.601164,46.748788,0 9.601934,46.748995,0 9.602118,46.750029,0 9.602540,46.750737,0 9.602204,46.751219,0 9.602419,46.751930,0 9.602278,46.752085,0 9.601949,46.752134,0 9.601333,46.752831,0 9.600823,46.753175,0 9.599540,46.754722,0 9.599542,46.755268,0 9.598981,46.755665,0 9.599080,46.756159,0 9.599815,46.757247,0 9.599773,46.758035,0 9.599111,46.758496,0 9.598425,46.759967,0 9.598088,46.761117,0 9.598296,46.761707,0 9.599195,46.762496,0 9.599396,46.762938,0 9.599201,46.763186,0 9.598660,46.763395,0 9.596378,46.763707,0 9.596246,46.763917,0 9.596361,46.764437,0 9.595951,46.764954,0 9.595482,46.765143,0 9.595164,46.764648,0 9.594113,46.765050,0 9.593797,46.764748,0 9.591560,46.764736,0 9.591948,46.764560,0 9.592024,46.764370,0 9.591197,46.764099,0 9.590634,46.763755,0 9.589767,46.761325,0 9.589006,46.760126,0 9.589001,46.759677,0 9.588366,46.759274,0 9.588823,46.758460,0 9.587906,46.758005,0 9.587243,46.757218,0 9.586948,46.755968,0 9.586130,46.754229,0 9.585999,46.753619,0 9.585697,46.753546,0 9.585078,46.753717,0 9.584994,46.752768,0 9.585610,46.752485,0 9.585714,46.752220,0 9.585478,46.751150,0 9.584731,46.750051,0 9.583711,46.749544,0 9.582661,46.748326,0 9.582257,46.747635,0 9.581617,46.747230,0 9.581032,46.747115,0 9.579664,46.746118,0 9.578434,46.744760,0 9.578364,46.744441,0 9.577813,46.744417,0 9.577007,46.744595,0 9.576631,46.744141,0 9.576035,46.744226,0 9.575721,46.744138,0 9.574797,46.742442,0 9.574110,46.742248,0 9.573470,46.742843,0</coordinates>
    </LineString>
    <ExtendedData>
      <Data name="spot"><value>lenzerheide</value></Data>
      <Data name="tags"><value>beginner expert bikepark</value></Data>
    </ExtendedData>
  </Placemark>
  <Placemark>
    <name>Arosa (Graubunden) [from 53 CHF]</name>
    <description><![CDATA[<b>Hoernligrat 2496 m - top of the Hoernli-Express</b><br/><br/><b>Trails</b><br/>The high, open, quieter half of the Bike Kingdom. The Hoernli Trail is the classic - over 6 km of flowing alpine singletrack from the Hoernligrat back to the village - with the Aelplisee and Schwellisee trails threading past the lakes below the Weisshorn. Less built and more mountain than Lenzerheide; the Arosa Lenzerheide Rundtour ties the two resorts into one big day.<br/><br/><b>Getting up / price</b><br/>Same Bike Kingdom ticket as Lenzerheide, from 53 CHF, and the Urdenbahn links the two sides so you can ride both on one pass. Note the Arosa Card discount is only sold at Arosa counters.<br/><br/><b>Open season</b><br/>Open from 15 June; closed from 26 October (typical window; check the operator and conditions).<br/>Daily opening hours: 09:00-17:00<br/><small>Typical daily estimate; check the operator schedule.</small><br/><br/><b>Access</b><table class="access"><tr><th>From</th><th>Transport</th><th>Duration</th></tr><tr><td>Lausanne</td><td>Train</td><td>~4h45</td></tr></table><br/><i>Source: <a href="https://arosalenzerheide.swiss/en/Arosa/Summer/Biking">Arosa Lenzerheide</a>. Prices, schedules, trail status and access can change; verify before travel.</i>]]></description>
    <styleUrl>#placemark-blue</styleUrl>
    <Point><coordinates>9.620701,46.766233,0</coordinates></Point>
    <ExtendedData xmlns:mwm="https://omaps.app">
      <Data name="spot"><value>arosa</value></Data>
      <Data name="tags"><value>beginner expert bikepark</value></Data>
      <Data name="open_from"><value>06-15</value></Data>
      <Data name="closed_from"><value>10-26</value></Data>
      <Data name="price_day"><value>53 CHF</value></Data>
      <mwm:icon>Mountain</mwm:icon>
      <mwm:visibility>1</mwm:visibility>
    </ExtendedData>
  </Placemark>
  <Placemark>
    <name>Arosa: Weisshorn 2653 m</name>
    <description><![CDATA[Top of the Weisshornbahn, the high point above the village and the start of the long alpine descents.]]></description>
    <styleUrl>#placemark-gray</styleUrl>
    <Point><coordinates>9.639157,46.789284,0</coordinates></Point>
    <ExtendedData xmlns:mwm="https://omaps.app">
      <Data name="spot"><value>arosa</value></Data>
      <Data name="tags"><value>beginner expert bikepark</value></Data>
      <mwm:icon>Transport</mwm:icon>
      <mwm:visibility>1</mwm:visibility>
    </ExtendedData>
  </Placemark>
  <Placemark>
    <name>Arosa: village lift hub</name>
    <description><![CDATA[Arosa station is the end of the RhB rack line from Chur - step off the train and you are at the lifts.]]></description>
    <styleUrl>#placemark-gray</styleUrl>
    <Point><coordinates>9.678332,46.782947,0</coordinates></Point>
    <ExtendedData xmlns:mwm="https://omaps.app">
      <Data name="spot"><value>arosa</value></Data>
      <Data name="tags"><value>beginner expert bikepark</value></Data>
      <mwm:icon>Transport</mwm:icon>
      <mwm:visibility>1</mwm:visibility>
    </ExtendedData>
  </Placemark>
  <Placemark>
    <name>Arosa: Hoernli Trail</name>
    <description><![CDATA[6.3 km. Geometry from OpenStreetMap relation 13184056 (ODbL) - indicative only, follow the signs on the ground.]]></description>
    <styleUrl>#line-trail</styleUrl>
    <LineString><tessellate>1</tessellate>
      <coordinates>9.621469,46.767478,0 9.621418,46.767063,0 9.621686,46.766560,0 9.621334,46.766090,0 9.621821,46.766258,0 9.621701,46.766072,0 9.622130,46.766170,0 9.621456,46.765790,0 9.621826,46.765888,0 9.621675,46.765777,0 9.622070,46.765815,0 9.621998,46.765692,0 9.622124,46.765667,0 9.622560,46.765927,0 9.623079,46.765878,0 9.623510,46.765586,0 9.623274,46.765579,0 9.623349,46.765487,0 9.623766,46.765541,0 9.624847,46.765338,0 9.625475,46.765151,0 9.625727,46.764838,0 9.625808,46.764899,0 9.626221,46.764721,0 9.626328,46.765208,0 9.625095,46.766428,0 9.624517,46.766779,0 9.625283,46.766785,0 9.625965,46.766317,0 9.625881,46.766652,0 9.626147,46.767200,0 9.626334,46.767219,0 9.626489,46.766992,0 9.626559,46.767295,0 9.626721,46.767346,0 9.627008,46.767098,0 9.626925,46.767371,0 9.627049,46.767488,0 9.627312,46.767473,0 9.627507,46.767103,0 9.627760,46.767288,0 9.627397,46.766390,0 9.627528,46.766146,0 9.627813,46.766366,0 9.627804,46.766084,0 9.628097,46.766294,0 9.628086,46.766020,0 9.628292,46.766130,0 9.628295,46.765994,0 9.628510,46.766115,0 9.628530,46.765980,0 9.628698,46.765980,0 9.629147,46.766753,0 9.629194,46.766592,0 9.629424,46.766685,0 9.629204,46.766425,0 9.629200,46.766114,0 9.629489,46.766409,0 9.630129,46.766426,0 9.631024,46.766099,0 9.631313,46.766194,0 9.631813,46.766129,0 9.631802,46.766249,0 9.632007,46.766272,0 9.632511,46.766059,0 9.632684,46.766118,0 9.633464,46.765953,0 9.633195,46.766200,0 9.633285,46.766330,0 9.633454,46.766213,0 9.633447,46.766353,0 9.633055,46.766517,0 9.633370,46.766607,0 9.633285,46.766752,0 9.633487,46.766787,0 9.633799,46.766533,0 9.633864,46.766890,0 9.634066,46.766751,0 9.634130,46.766945,0 9.634292,46.766694,0 9.634292,46.767139,0 9.634949,46.767243,0 9.635223,46.767441,0 9.635370,46.767395,0 9.635418,46.767639,0 9.635566,46.767562,0 9.635616,46.767678,0 9.635745,46.767534,0 9.636050,46.767752,0 9.636316,46.767688,0 9.636135,46.767861,0 9.636437,46.767846,0 9.636368,46.767981,0 9.636569,46.768002,0 9.636922,46.768308,0 9.636490,46.768323,0 9.636378,46.768508,0 9.637245,46.768567,0 9.638050,46.768404,0 9.637451,46.768660,0 9.638084,46.768644,0 9.637778,46.769051,0 9.638099,46.768917,0 9.638032,46.769087,0 9.638308,46.769047,0 9.638732,46.768728,0 9.638831,46.768985,0 9.639198,46.768519,0 9.639154,46.769146,0 9.639458,46.769010,0 9.639584,46.769154,0 9.639871,46.768714,0 9.639965,46.769134,0 9.640088,46.769000,0 9.640488,46.769004,0 9.640578,46.768875,0 9.640912,46.768901,0 9.640906,46.768689,0 9.641228,46.768810,0 9.640816,46.769517,0 9.640538,46.769683,0 9.641143,46.770269,0 9.641597,46.769995,0 9.642950,46.770115,0 9.643424,46.769802,0 9.643812,46.770065,0 9.644052,46.769808,0 9.644107,46.769965,0 9.644304,46.769967,0 9.643960,46.770275,0 9.644019,46.770379,0 9.644254,46.770426,0 9.645021,46.770225,0 9.645668,46.770347,0 9.646242,46.770297,0 9.646419,46.770164,0 9.646311,46.770640,0 9.647151,46.770273,0 9.647110,46.770679,0 9.647735,46.770451,0 9.647693,46.770293,0 9.647876,46.770343,0 9.648351,46.769822,0 9.648463,46.770066,0 9.649128,46.769605,0 9.649196,46.769366,0 9.649311,46.769668,0 9.648850,46.770475,0 9.649118,46.770305,0 9.649100,46.770511,0 9.648475,46.771074,0 9.648844,46.770903,0 9.648703,46.771045,0 9.649242,46.770893,0 9.649664,46.770641,0 9.649635,46.770975,0 9.650226,46.770380,0 9.650248,46.770650,0 9.650445,46.770537,0 9.650972,46.769879,0 9.650857,46.770245,0 9.651327,46.769876,0 9.651373,46.770189,0 9.651560,46.770040,0 9.651818,46.770269,0 9.651759,46.770575,0 9.651370,46.770900,0</coordinates>
    </LineString>
    <ExtendedData>
      <Data name="spot"><value>arosa</value></Data>
      <Data name="tags"><value>beginner expert bikepark</value></Data>
    </ExtendedData>
  </Placemark>
  <Placemark>
    <name>Arosa: Aelplisee Trail</name>
    <description><![CDATA[3.9 km. Geometry from OpenStreetMap relation 16133422 (ODbL) - indicative only, follow the signs on the ground.]]></description>
    <styleUrl>#line-trail</styleUrl>
    <LineString><tessellate>1</tessellate>
      <coordinates>9.641468,46.755603,0 9.641862,46.755779,0 9.642269,46.755718,0 9.642717,46.756103,0 9.642914,46.755933,0 9.643154,46.756495,0 9.643603,46.756616,0 9.643116,46.757029,0 9.643311,46.757051,0 9.643155,46.757122,0 9.643265,46.757188,0 9.642588,46.757522,0 9.642427,46.757754,0 9.642622,46.758334,0 9.642535,46.759172,0 9.642861,46.759950,0 9.642709,46.760128,0 9.642803,46.760421,0 9.642709,46.760128,0 9.642861,46.759950,0 9.642535,46.759172,0 9.642622,46.758334,0 9.642427,46.757754,0 9.642588,46.757522,0 9.643265,46.757188,0 9.643155,46.757122,0 9.643311,46.757051,0 9.643116,46.757029,0 9.643603,46.756616,0 9.643154,46.756495,0 9.642914,46.755933,0 9.642717,46.756103,0 9.642269,46.755718,0 9.641862,46.755779,0 9.641468,46.755603,0 9.641439,46.755352,0 9.641105,46.755213,0 9.640006,46.753777,0 9.639297,46.753509,0 9.640006,46.753777,0 9.641105,46.755213,0 9.641439,46.755352,0 9.641468,46.755603,0 9.641862,46.755779,0 9.642269,46.755718,0 9.642717,46.756103,0 9.642914,46.755933,0 9.643154,46.756495,0 9.643603,46.756616,0 9.643116,46.757029,0 9.643311,46.757051,0 9.643155,46.757122,0 9.643265,46.757188,0 9.642933,46.757364,0 9.643265,46.757188,0 9.643155,46.757122,0 9.643311,46.757051,0 9.643116,46.757029,0 9.643603,46.756616,0 9.643154,46.756495,0 9.642914,46.755933,0 9.642717,46.756103,0 9.642269,46.755718,0 9.641862,46.755779,0 9.641468,46.755603,0 9.641439,46.755352,0 9.641105,46.755213,0 9.640006,46.753777,0 9.639297,46.753509,0 9.640006,46.753777,0 9.641105,46.755213,0 9.641439,46.755352,0 9.641468,46.755603,0 9.641439,46.755352,0 9.641105,46.755213,0 9.640006,46.753777,0 9.639409,46.753527,0 9.637692,46.753232,0 9.637414,46.753044,0 9.636843,46.752915,0</coordinates>
    </LineString>
    <ExtendedData>
      <Data name="spot"><value>arosa</value></Data>
      <Data name="tags"><value>beginner expert bikepark</value></Data>
    </ExtendedData>
  </Placemark>
  <Placemark>
    <name>Arosa: Aelplisee Trail (part 2)</name>
    <description><![CDATA[3.4 km. Geometry from OpenStreetMap relation 16133422 (ODbL) - indicative only, follow the signs on the ground.]]></description>
    <styleUrl>#line-trail</styleUrl>
    <LineString><tessellate>1</tessellate>
      <coordinates>9.599438,46.755371,0 9.599630,46.755408,0 9.599752,46.755888,0 9.600079,46.756138,0 9.600506,46.756252,0 9.601522,46.756022,0 9.602521,46.756082,0 9.602796,46.756211,0 9.603351,46.756168,0 9.604437,46.755804,0 9.605143,46.755354,0 9.606294,46.755304,0 9.607535,46.755456,0 9.607828,46.755374,0 9.610872,46.755380,0 9.612226,46.755464,0 9.612707,46.755595,0 9.614618,46.755611,0 9.615913,46.755895,0 9.616457,46.755635,0 9.617350,46.755483,0 9.618512,46.754899,0 9.619216,46.754761,0 9.620249,46.754123,0 9.623121,46.753915,0 9.624214,46.754067,0 9.624420,46.753918,0 9.624977,46.753926,0 9.625065,46.753814,0 9.626629,46.753884,0 9.627265,46.753793,0 9.627945,46.753535,0 9.628258,46.753577,0 9.628666,46.753340,0 9.630573,46.753268,0 9.632105,46.753023,0 9.633386,46.753144,0 9.635028,46.753016,0 9.635993,46.753158,0 9.636843,46.752915,0 9.635993,46.753158,0 9.635028,46.753016,0 9.633386,46.753144,0 9.632105,46.753023,0</coordinates>
    </LineString>
    <ExtendedData>
      <Data name="spot"><value>arosa</value></Data>
      <Data name="tags"><value>beginner expert bikepark</value></Data>
    </ExtendedData>
  </Placemark>
  <Placemark>
    <name>Arosa: Aelplisee Trail (part 3)</name>
    <description><![CDATA[1.6 km. Geometry from OpenStreetMap relation 16133422 (ODbL) - indicative only, follow the signs on the ground.]]></description>
    <styleUrl>#line-trail</styleUrl>
    <LineString><tessellate>1</tessellate>
      <coordinates>9.642803,46.760421,0 9.642763,46.761357,0 9.642482,46.761622,0 9.642382,46.762201,0 9.642073,46.762545,0 9.642011,46.764026,0 9.642132,46.764701,0 9.642727,46.764951,0 9.643332,46.765481,0 9.642727,46.764951,0 9.642132,46.764701,0 9.641947,46.763299,0 9.642073,46.762545,0 9.642382,46.762201,0 9.642359,46.761860,0 9.642763,46.761357,0 9.642865,46.760861,0 9.642709,46.760128,0 9.642861,46.759950,0 9.642535,46.759172,0 9.642622,46.758334,0 9.642427,46.757754,0 9.642933,46.757364,0</coordinates>
    </LineString>
    <ExtendedData>
      <Data name="spot"><value>arosa</value></Data>
      <Data name="tags"><value>beginner expert bikepark</value></Data>
    </ExtendedData>
  </Placemark>
  <Placemark>
    <name>Arosa: Schwellisee Trail</name>
    <description><![CDATA[18.9 km. Geometry from OpenStreetMap relation 13362654 (ODbL) - indicative only, follow the signs on the ground.]]></description>
    <styleUrl>#line-trail</styleUrl>
    <LineString><tessellate>1</tessellate>
      <coordinates>9.676769,46.794608,0 9.675618,46.793962,0 9.674598,46.794008,0 9.673953,46.793712,0 9.672534,46.793531,0 9.671655,46.792559,0 9.671159,46.792227,0 9.670390,46.791126,0 9.669883,46.790943,0 9.668899,46.790880,0 9.667534,46.790275,0 9.666745,46.790418,0 9.666503,46.790062,0 9.665917,46.789651,0 9.665379,46.789366,0 9.664758,46.789312,0 9.664465,46.788941,0 9.664598,46.788690,0 9.664333,46.788296,0 9.664316,46.787786,0 9.663951,46.787028,0 9.663536,46.786755,0 9.662658,46.786492,0 9.662153,46.786146,0 9.662336,46.785316,0 9.662194,46.785012,0 9.660798,46.784850,0 9.660478,46.784712,0 9.657139,46.784364,0 9.656938,46.784132,0 9.656941,46.783453,0 9.655720,46.782819,0 9.654847,46.782730,0 9.654975,46.782341,0 9.654443,46.781801,0 9.654357,46.781407,0 9.654828,46.780807,0 9.654740,46.780591,0 9.654190,46.780431,0 9.653873,46.779964,0 9.653415,46.779738,0 9.652657,46.779695,0 9.652018,46.779366,0 9.649700,46.778981,0 9.649245,46.778571,0 9.648976,46.778220,0 9.648991,46.777940,0 9.650179,46.777021,0 9.650715,46.776866,0 9.651210,46.776993,0 9.651917,46.776760,0 9.652430,46.776959,0 9.652481,46.776822,0 9.651281,46.775901,0 9.650852,46.775766,0 9.650583,46.775085,0 9.649904,46.774920,0 9.649899,46.774735,0 9.650445,46.774273,0 9.650506,46.773868,0 9.650270,46.773468,0 9.649402,46.772961,0 9.651108,46.773402,0 9.648394,46.771783,0 9.648348,46.771323,0 9.649224,46.770559,0 9.649623,46.769557,0 9.648666,46.767812,0 9.648016,46.767425,0 9.646496,46.767270,0 9.646202,46.766397,0 9.645663,46.766139,0 9.644663,46.766026,0 9.644293,46.765751,0 9.643325,46.765433,0 9.642333,46.764638,0 9.642082,46.763173,0 9.642528,46.762297,0 9.642494,46.761809,0 9.643045,46.760829,0 9.642820,46.760211,0 9.643291,46.759809,0 9.642831,46.758037,0 9.643657,46.757513,0 9.644087,46.757400,0 9.644282,46.757083,0 9.644671,46.756968,0 9.644885,46.757070,0 9.645295,46.756881,0 9.645705,46.756373,0 9.646287,46.756278,0 9.646402,46.756775,0 9.646636,46.756920,0 9.647032,46.757609,0 9.646922,46.758039,0 9.647026,46.758198,0 9.646611,46.758528,0 9.646397,46.759012,0 9.646491,46.759926,0 9.647688,46.760478,0 9.648360,46.761202,0 9.648400,46.761568,0 9.649056,46.762327,0 9.649730,46.763530,0 9.650461,46.765605,0 9.651642,46.766508,0 9.651671,46.766970,0 9.652593,46.767484,0 9.652919,46.767856,0 9.652921,46.768019,0 9.652500,46.768316,0 9.652557,46.768949,0 9.651845,46.769879,0 9.651840,46.770515,0 9.651274,46.770987,0 9.653282,46.771870,0 9.654118,46.771860,0 9.654823,46.772048,0 9.655500,46.772018,0 9.655505,46.771915,0 9.656801,46.771571,0 9.657089,46.771635,0 9.658026,46.771498,0 9.660573,46.772108,0 9.661844,46.771953,0 9.662384,46.772079,0 9.662997,46.772005,0 9.663204,46.771874,0 9.663282,46.772227,0 9.663753,46.772166,0 9.664198,46.772313,0 9.664668,46.772193,0 9.665045,46.772273,0 9.665717,46.772630,0 9.666591,46.772853,0 9.667175,46.773271,0 9.668830,46.773781,0 9.669251,46.774066,0 9.670609,46.774426,0 9.671017,46.774671,0 9.670966,46.774100,0 9.670735,46.773982,0 9.671152,46.773734,0 9.672219,46.773554,0 9.672588,46.773261,0 9.673822,46.773222,0 9.674498,46.773348,0 9.675682,46.773143,0 9.676389,46.773264,0 9.678946,46.773122,0 9.679194,46.773026,0 9.679330,46.772665,0 9.680250,46.772277,0 9.680709,46.771614,0 9.681218,46.771354,0 9.681363,46.771033,0 9.681205,46.770835,0 9.682087,46.770276,0 9.682585,46.769316,0 9.683711,46.769012,0 9.683976,46.768458,0 9.684574,46.767981,0 9.686348,46.767648,0 9.686014,46.766714,0 9.686327,46.765759,0 9.686730,46.765333,0 9.686820,46.766014,0 9.686502,46.766767,0 9.686947,46.767806,0 9.686824,46.768494,0 9.687198,46.769364,0 9.687188,46.769965,0 9.687445,46.770585,0 9.687374,46.770845,0 9.687838,46.772713,0 9.687690,46.773716,0 9.687805,46.773965,0 9.688422,46.774150,0 9.688715,46.775177,0 9.688708,46.776253,0 9.688857,46.776409,0 9.692373,46.777200,0 9.693105,46.777755,0 9.693838,46.778059,0 9.693943,46.778319,0 9.692604,46.778586,0 9.691520,46.778342,0 9.690325,46.778304,0 9.689446,46.778570,0 9.688510,46.777662,0 9.687119,46.777104,0 9.685882,46.777134,0 9.685609,46.776886,0 9.685062,46.776706,0 9.683807,46.776651,0 9.683067,46.776807,0 9.681895,46.776701,0 9.684004,46.778037,0 9.683798,46.778883,0 9.681070,46.780857,0 9.680673,46.781027,0 9.680278,46.780981,0 9.680263,46.781283,0 9.679924,46.781835,0 9.680115,46.782454,0 9.679539,46.783207,0 9.679752,46.785524,0 9.679959,46.786049,0 9.680242,46.786315,0 9.680179,46.786617,0 9.679881,46.786711,0 9.679446,46.786686,0 9.679073,46.786509,0 9.678654,46.785992,0 9.678612,46.785770,0 9.678931,46.785292,0 9.678885,46.784700,0 9.678140,46.784045,0 9.677707,46.783451,0 9.676952,46.782995,0 9.676835,46.782336,0 9.676198,46.781851,0 9.676091,46.781599,0 9.675510,46.781452,0 9.675220,46.781508,0 9.674986,46.782045,0 9.675051,46.783259,0 9.675128,46.783651,0 9.675513,46.784086,0 9.674696,46.784540,0 9.673944,46.785469,0 9.674080,46.786428,0 9.674768,46.787030,0 9.673794,46.787650,0 9.674228,46.787966,0 9.674055,46.788342,0 9.674436,46.789234,0 9.674341,46.789646,0 9.675014,46.790333,0 9.675280,46.790901,0 9.675119,46.791544,0 9.675516,46.791813,0 9.675811,46.792299,0 9.675631,46.793122,0 9.676293,46.793646,0 9.676410,46.794264,0 9.676799,46.794585,0</coordinates>
    </LineString>
    <ExtendedData>
      <Data name="spot"><value>arosa</value></Data>
      <Data name="tags"><value>beginner expert bikepark</value></Data>
    </ExtendedData>
  </Placemark>
  <Placemark>
    <name>Chur - Brambrueesch [from 53 CHF]</name>
    <description><![CDATA[<b>Brambrueesch 1600 m - top of the Chur cable car</b><br/><br/><b>Trails</b><br/>The valley-floor member of the Bike Kingdom, and the one to pick if the weather up high looks bad. Four built flow trails drop off Brambrueesch back into town: Brambi Flow and Chur Flow are the easy, jumpy ones, Alpen Ride is longer and more natural, and Rock'n'Roll is the rough one. Around 1000 m of descent, straight into a city with trains home.<br/><br/><b>Getting up / price</b><br/>Covered by the same Bike Kingdom ticket, from 53 CHF. The cable car starts inside the city, so there is no bus and no transfer at the far end.<br/><br/><b>Open season</b><br/>Open from 15 May; closed from 2 November (typical window; check the operator and conditions).<br/>Daily opening hours: 09:00-17:00<br/><small>Typical daily estimate; check the operator schedule.</small><br/><br/><b>Access</b><table class="access"><tr><th>From</th><th>Transport</th><th>Duration</th></tr><tr><td>Lausanne</td><td>Train</td><td>~3h45</td></tr></table><br/><i>Source: <a href="https://www.chur.graubuenden.ch/en/activities/summer/mountain-biking">Chur tourism</a>. Prices, schedules, trail status and access can change; verify before travel.</i>]]></description>
    <styleUrl>#placemark-blue</styleUrl>
    <Point><coordinates>9.516227,46.828967,0</coordinates></Point>
    <ExtendedData xmlns:mwm="https://omaps.app">
      <Data name="spot"><value>chur</value></Data>
      <Data name="tags"><value>beginner expert bikepark</value></Data>
      <Data name="open_from"><value>05-15</value></Data>
      <Data name="closed_from"><value>11-02</value></Data>
      <Data name="price_day"><value>53 CHF</value></Data>
      <mwm:icon>Mountain</mwm:icon>
      <mwm:visibility>1</mwm:visibility>
    </ExtendedData>
  </Placemark>
  <Placemark>
    <name>Chur: Brambrueeschbahn valley station</name>
    <description><![CDATA[In the middle of Chur, ten minutes' walk from the main railway station. Probably the easiest lift-served riding to reach by train in Switzerland.]]></description>
    <styleUrl>#placemark-gray</styleUrl>
    <Point><coordinates>9.525755,46.847324,0</coordinates></Point>
    <ExtendedData xmlns:mwm="https://omaps.app">
      <Data name="spot"><value>chur</value></Data>
      <Data name="tags"><value>beginner expert bikepark</value></Data>
      <mwm:icon>Transport</mwm:icon>
      <mwm:visibility>1</mwm:visibility>
    </ExtendedData>
  </Placemark>
  <Placemark>
    <name>Chur: Brambi Flow</name>
    <description><![CDATA[2.5 km. Geometry from OpenStreetMap relation 16741742 (ODbL) - indicative only, follow the signs on the ground.]]></description>
    <styleUrl>#line-trail</styleUrl>
    <LineString><tessellate>1</tessellate>
      <coordinates>9.516242,46.829469,0 9.515446,46.829924,0 9.515846,46.829898,0 9.515878,46.829997,0 9.516293,46.829898,0 9.516047,46.830179,0 9.516684,46.829886,0 9.516755,46.829992,0 9.517017,46.829872,0 9.516526,46.830892,0 9.517230,46.830491,0 9.517240,46.830697,0 9.517639,46.830543,0 9.517527,46.831119,0 9.517769,46.831246,0 9.517190,46.831585,0 9.517306,46.831633,0 9.517134,46.831846,0 9.517317,46.831843,0 9.517338,46.832010,0 9.517696,46.831849,0 9.517479,46.832344,0 9.517604,46.832359,0 9.517516,46.832728,0 9.518240,46.832828,0 9.518351,46.832615,0 9.518451,46.832682,0 9.518679,46.832527,0 9.518900,46.832887,0 9.519130,46.832784,0 9.519385,46.832997,0 9.519619,46.833013,0 9.519348,46.833444,0 9.519883,46.834114,0 9.519990,46.834739,0 9.520407,46.835273,0 9.521038,46.835531,0 9.521649,46.836195,0 9.521892,46.836013,0 9.522058,46.836292,0 9.521762,46.836500,0 9.522786,46.836722,0 9.522986,46.836463,0 9.523190,46.836620,0 9.523305,46.836455,0 9.523608,46.836740,0 9.523716,46.836325,0 9.523932,46.836640,0 9.524161,46.836674,0 9.524562,46.836210,0 9.525107,46.836682,0 9.525417,46.836007,0 9.526059,46.836757,0 9.526260,46.837476,0 9.525822,46.838712,0</coordinates>
    </LineString>
    <ExtendedData>
      <Data name="spot"><value>chur</value></Data>
      <Data name="tags"><value>beginner expert bikepark</value></Data>
    </ExtendedData>
  </Placemark>
  <Placemark>
    <name>Chur: Chur Flow</name>
    <description><![CDATA[3.7 km. Geometry from OpenStreetMap relation 16741744 (ODbL) - indicative only, follow the signs on the ground.]]></description>
    <styleUrl>#line-trail</styleUrl>
    <LineString><tessellate>1</tessellate>
      <coordinates>9.526281,46.838365,0 9.526443,46.838373,0 9.526345,46.838660,0 9.526646,46.838510,0 9.526497,46.838799,0 9.526858,46.838615,0 9.526928,46.838759,0 9.526388,46.839272,0 9.527518,46.839136,0 9.528253,46.838851,0 9.530022,46.837829,0 9.531538,46.836527,0 9.532048,46.836268,0 9.532185,46.835663,0 9.532652,46.835397,0 9.532539,46.835080,0 9.533138,46.835340,0 9.533105,46.835713,0 9.533274,46.835645,0 9.533278,46.835769,0 9.533838,46.835359,0 9.534010,46.835571,0 9.534258,46.835510,0 9.534367,46.835785,0 9.534636,46.835683,0 9.534674,46.835936,0 9.534938,46.835943,0 9.534941,46.836370,0 9.535277,46.836379,0 9.535576,46.836230,0 9.535320,46.836753,0 9.535694,46.837392,0 9.535627,46.837746,0 9.534951,46.838216,0 9.534965,46.838338,0 9.535303,46.838355,0 9.534780,46.839130,0 9.534250,46.839668,0 9.533030,46.840536,0 9.532575,46.841097,0 9.533233,46.840967,0 9.533558,46.840751,0 9.533415,46.841274,0 9.533041,46.841454,0 9.532865,46.841725,0 9.534024,46.841470,0 9.533410,46.842042,0 9.534318,46.841816,0 9.534610,46.841622,0 9.534594,46.841789,0 9.535475,46.841469,0 9.534770,46.842236,0 9.534127,46.842525,0 9.533924,46.842752,0 9.533111,46.843115,0 9.531604,46.843452,0 9.529985,46.844208,0 9.527390,46.844618,0 9.524940,46.844587,0 9.523879,46.844697,0 9.525257,46.845090,0</coordinates>
    </LineString>
    <ExtendedData>
      <Data name="spot"><value>chur</value></Data>
      <Data name="tags"><value>beginner expert bikepark</value></Data>
    </ExtendedData>
  </Placemark>
  <Placemark>
    <name>Chur: Alpen Ride</name>
    <description><![CDATA[2.0 km. Geometry from OpenStreetMap relation 16741743 (ODbL) - indicative only, follow the signs on the ground.]]></description>
    <styleUrl>#line-trail</styleUrl>
    <LineString><tessellate>1</tessellate>
      <coordinates>9.516242,46.829469,0 9.515442,46.829901,0 9.515936,46.830090,0 9.515667,46.830327,0 9.515762,46.830430,0 9.515559,46.830861,0 9.516232,46.830785,0 9.516382,46.830946,0 9.516677,46.830994,0 9.517064,46.830714,0 9.517230,46.830969,0 9.518044,46.830593,0 9.518133,46.830825,0 9.518576,46.830600,0 9.519177,46.830791,0 9.519772,46.830696,0 9.519862,46.830813,0 9.520038,46.830720,0 9.520214,46.830855,0 9.520675,46.830641,0 9.521122,46.830607,0 9.521726,46.831154,0 9.522324,46.831215,0 9.522305,46.831504,0 9.522460,46.831465,0 9.522519,46.831563,0 9.522782,46.831444,0 9.522574,46.832036,0 9.522859,46.832149,0 9.522799,46.832360,0 9.523178,46.832078,0 9.523613,46.832550,0 9.523566,46.832701,0 9.523230,46.832847,0 9.523402,46.832946,0 9.522993,46.833272,0 9.523912,46.833344,0 9.523679,46.833736,0 9.523877,46.834741,0 9.525284,46.835628,0 9.525740,46.836497,0 9.526059,46.836757,0 9.526256,46.837534,0 9.525822,46.838712,0</coordinates>
    </LineString>
    <ExtendedData>
      <Data name="spot"><value>chur</value></Data>
      <Data name="tags"><value>beginner expert bikepark</value></Data>
    </ExtendedData>
  </Placemark>
  <Placemark>
    <name>Chur: Rock'n'Roll</name>
    <description><![CDATA[1.8 km. Geometry from OpenStreetMap relation 16741741 (ODbL) - indicative only, follow the signs on the ground.]]></description>
    <styleUrl>#line-trail</styleUrl>
    <LineString><tessellate>1</tessellate>
      <coordinates>9.516242,46.829469,0 9.515442,46.829901,0 9.515936,46.830090,0 9.515667,46.830327,0 9.515762,46.830430,0 9.515519,46.830846,0 9.516296,46.830814,0 9.515745,46.831226,0 9.515728,46.831494,0 9.516048,46.831465,0 9.515823,46.831927,0 9.516329,46.831938,0 9.517082,46.832226,0 9.517254,46.832443,0 9.517147,46.832543,0 9.517418,46.832572,0 9.517912,46.833074,0 9.518873,46.833037,0 9.518842,46.833218,0 9.519083,46.833191,0 9.519115,46.833422,0 9.519883,46.834114,0 9.519990,46.834739,0 9.520275,46.835158,0 9.521038,46.835531,0 9.521649,46.836195,0 9.521852,46.836008,0 9.522013,46.836158,0 9.522049,46.836309,0 9.521762,46.836500,0 9.522810,46.836939,0 9.523287,46.836913,0 9.523505,46.837204,0 9.523754,46.837040,0 9.523983,46.837217,0 9.524167,46.837143,0 9.524109,46.837517,0 9.524469,46.837518,0 9.524492,46.837736,0 9.524734,46.837832,0 9.524630,46.838073,0 9.525008,46.838131,0 9.524895,46.838315,0 9.525279,46.838257,0 9.525331,46.838362,0 9.525513,46.838278,0 9.525570,46.838363,0 9.525885,46.838262,0 9.525915,46.838368,0</coordinates>
    </LineString>
    <ExtendedData>
      <Data name="spot"><value>chur</value></Data>
      <Data name="tags"><value>beginner expert bikepark</value></Data>
    </ExtendedData>
  </Placemark>
  <Placemark>
    <name>Chamrousse (Belledonne) [23.50 EUR]</name>
    <description><![CDATA[<b>Croix de Chamrousse 2253 m - top of the gondola</b><br/><br/><b>Trails</b><br/>The closest lift-served riding to Grenoble and the cheapest on this map by some margin. Six marked trails and around 20 km of descent off the Croix de Chamrousse: one green, three blue, one red and one black, so it works for a mixed group. Tetras and Transhumance are the long flowing ones, the DH de Chamrousse and Mange tes morts are where it gets serious. Granite, roots and alpenrose, with the whole Vercors laid out across the valley.<br/><br/><b>Getting up / price</b><br/>Day pass 23.50 EUR adult, 19.50 EUR youth; a 4-hour ticket is 10.50 EUR, and in June and September weekends the day pass is sold at the 4-hour price. Two lifts run: the Croix gondola and the Berangere chairlift. Weekends 5-28 June, then daily 4 July to 30 August 2026.<br/><br/><b>Open season</b><br/>Open from 4 July; closed from 31 August (published 2026 dates).<br/>Daily opening hours: 09:00-17:00<br/><small>Typical daily estimate; check the operator schedule.</small><br/><br/><b>Access</b><table class="access"><tr><th>From</th><th>Transport</th><th>Duration</th></tr><tr><td>Grenoble</td><td>Car</td><td>~45 min</td></tr></table><br/><i>Source: <a href="https://en.chamrousse.com/bike-park.html">Chamrousse</a>. Prices, schedules, trail status and access can change; verify before travel.</i>]]></description>
    <styleUrl>#placemark-blue</styleUrl>
    <Point><coordinates>5.903012,45.125592,0</coordinates></Point>
    <ExtendedData xmlns:mwm="https://omaps.app">
      <Data name="spot"><value>chamrousse</value></Data>
      <Data name="tags"><value>beginner expert bikepark</value></Data>
      <Data name="open_from"><value>07-04</value></Data>
      <Data name="closed_from"><value>08-31</value></Data>
      <Data name="price_day"><value>23.50 EUR</value></Data>
      <mwm:icon>Mountain</mwm:icon>
      <mwm:visibility>1</mwm:visibility>
    </ExtendedData>
  </Placemark>
  <Placemark>
    <name>Chamrousse: Recoin 1750</name>
    <description><![CDATA[Resort base, gondola valley station and the finish of most of the descents.]]></description>
    <styleUrl>#placemark-gray</styleUrl>
    <Point><coordinates>5.879622,45.125927,0</coordinates></Point>
    <ExtendedData xmlns:mwm="https://omaps.app">
      <Data name="spot"><value>chamrousse</value></Data>
      <Data name="tags"><value>beginner expert bikepark</value></Data>
      <mwm:icon>Transport</mwm:icon>
      <mwm:visibility>1</mwm:visibility>
    </ExtendedData>
  </Placemark>
  <Placemark>
    <name>Chamrousse: Tetras</name>
    <description><![CDATA[3.7 km. Geometry from OpenStreetMap relation 14522784 (ODbL) - indicative only, follow the signs on the ground.]]></description>
    <styleUrl>#line-trail</styleUrl>
    <LineString><tessellate>1</tessellate>
      <coordinates>5.903226,45.125742,0 5.903260,45.125478,0 5.902421,45.125174,0 5.902409,45.125013,0 5.901919,45.124979,0 5.901547,45.125150,0 5.901756,45.124658,0 5.901044,45.124425,0 5.900850,45.124127,0 5.900495,45.124109,0 5.900321,45.123752,0 5.899982,45.123717,0 5.899727,45.123404,0 5.899477,45.123346,0 5.899099,45.123525,0 5.898493,45.123372,0 5.897898,45.123007,0 5.898033,45.122664,0 5.897582,45.122625,0 5.897541,45.122418,0 5.897040,45.122416,0 5.896416,45.122711,0 5.895332,45.122027,0 5.895307,45.121712,0 5.895112,45.121627,0 5.894367,45.121601,0 5.894517,45.121833,0 5.894398,45.121912,0 5.893753,45.121941,0 5.893518,45.121830,0 5.893095,45.121109,0 5.893020,45.120484,0 5.891881,45.119975,0 5.890725,45.119968,0 5.889413,45.119217,0 5.888592,45.119043,0 5.888240,45.119489,0 5.887820,45.119371,0 5.887540,45.119495,0 5.887409,45.119430,0 5.887261,45.119624,0 5.886376,45.118750,0 5.885060,45.118596,0 5.884891,45.118448,0 5.884450,45.118374,0 5.884333,45.118217,0 5.881809,45.118313,0 5.881256,45.118529,0 5.880778,45.118250,0 5.879601,45.118444,0 5.878514,45.118336,0 5.878143,45.118185,0 5.877919,45.117846,0 5.877006,45.117588,0 5.876761,45.118162,0 5.877019,45.119222,0 5.877471,45.120006,0 5.877265,45.121477,0 5.879116,45.124212,0 5.879192,45.125234,0 5.879033,45.125386,0</coordinates>
    </LineString>
    <ExtendedData>
      <Data name="spot"><value>chamrousse</value></Data>
      <Data name="tags"><value>beginner expert bikepark</value></Data>
    </ExtendedData>
  </Placemark>
  <Placemark>
    <name>Chamrousse: Transhumance</name>
    <description><![CDATA[2.9 km. Geometry from OpenStreetMap relation 14522788 (ODbL) - indicative only, follow the signs on the ground.]]></description>
    <styleUrl>#line-trail</styleUrl>
    <LineString><tessellate>1</tessellate>
      <coordinates>5.892917,45.115650,0 5.892560,45.115252,0 5.892047,45.115187,0 5.891954,45.114526,0 5.891692,45.114213,0 5.891395,45.114103,0 5.891457,45.113819,0 5.890795,45.113745,0 5.890712,45.113562,0 5.890120,45.113311,0 5.889934,45.113383,0 5.889818,45.113657,0 5.889107,45.113782,0 5.889166,45.114081,0 5.888967,45.114292,0 5.887848,45.114423,0 5.887453,45.114833,0 5.886762,45.115108,0 5.886654,45.115349,0 5.886192,45.115113,0 5.886139,45.115351,0 5.885492,45.115817,0 5.884778,45.115751,0 5.884605,45.115623,0 5.884469,45.115806,0 5.884071,45.115391,0 5.883900,45.115459,0 5.883840,45.115760,0 5.882320,45.115905,0 5.881909,45.116830,0 5.882013,45.117366,0 5.881840,45.117472,0 5.881201,45.117288,0 5.880979,45.117463,0 5.881327,45.117933,0 5.881048,45.118642,0 5.881218,45.119445,0 5.881646,45.119956,0 5.881722,45.120369,0 5.881600,45.120914,0 5.881225,45.121296,0 5.881193,45.121560,0 5.880539,45.121759,0 5.880584,45.121864,0 5.880422,45.121917,0 5.880506,45.122232,0 5.880287,45.122416,0 5.878745,45.121866,0 5.878449,45.121659,0 5.878449,45.121024,0 5.878074,45.121020,0 5.877816,45.120880,0 5.877262,45.121311,0 5.879090,45.124159,0 5.879163,45.124800,0</coordinates>
    </LineString>
    <ExtendedData>
      <Data name="spot"><value>chamrousse</value></Data>
      <Data name="tags"><value>beginner expert bikepark</value></Data>
    </ExtendedData>
  </Placemark>
  <Placemark>
    <name>Chamrousse: Panoramique</name>
    <description><![CDATA[4.1 km. Geometry from OpenStreetMap relation 14522789 (ODbL) - indicative only, follow the signs on the ground.]]></description>
    <styleUrl>#line-trail</styleUrl>
    <LineString><tessellate>1</tessellate>
      <coordinates>5.903226,45.125742,0 5.903260,45.125478,0 5.902421,45.125174,0 5.902409,45.125013,0 5.901919,45.124979,0 5.901547,45.125150,0 5.901756,45.124658,0 5.901044,45.124425,0 5.900850,45.124127,0 5.900467,45.124092,0 5.900321,45.123752,0 5.899951,45.123689,0 5.899901,45.123237,0 5.899578,45.123199,0 5.899342,45.122924,0 5.899275,45.122583,0 5.899760,45.122068,0 5.899709,45.121149,0 5.899383,45.120531,0 5.898534,45.119867,0 5.898307,45.119231,0 5.898085,45.119045,0 5.897861,45.118198,0 5.897496,45.117763,0 5.897466,45.117351,0 5.897098,45.117067,0 5.896739,45.117032,0 5.897172,45.116811,0 5.896858,45.116780,0 5.897196,45.116580,0 5.896856,45.116597,0 5.897271,45.116415,0 5.897169,45.116318,0 5.897293,45.116099,0 5.896402,45.116358,0 5.896773,45.115847,0 5.896091,45.115885,0 5.895994,45.115610,0 5.895704,45.115555,0 5.895163,45.115676,0 5.895127,45.115384,0 5.894691,45.115241,0 5.894512,45.114956,0 5.893992,45.114722,0 5.894360,45.114226,0 5.894010,45.113776,0 5.892424,45.113161,0 5.892316,45.112893,0 5.892024,45.112865,0 5.891727,45.113069,0 5.890266,45.112532,0 5.889300,45.112733,0 5.888225,45.113227,0 5.887970,45.113227,0 5.887899,45.113051,0 5.887474,45.112973,0 5.886518,45.112045,0 5.885602,45.111790,0 5.885486,45.111648,0 5.885861,45.111113,0 5.885902,45.110666,0 5.886528,45.110459,0 5.885070,45.109179,0 5.884211,45.108651,0 5.884397,45.108535,0 5.884276,45.108312,0 5.883272,45.107737,0 5.883189,45.107393,0 5.881561,45.106502,0 5.880912,45.106392,0 5.880496,45.106528,0 5.879614,45.106334,0 5.879482,45.106209,0 5.877566,45.105995,0 5.877023,45.105740,0 5.875995,45.105673,0 5.875695,45.105876,0</coordinates>
    </LineString>
    <ExtendedData>
      <Data name="spot"><value>chamrousse</value></Data>
      <Data name="tags"><value>beginner expert bikepark</value></Data>
    </ExtendedData>
  </Placemark>
  <Placemark>
    <name>Chamrousse: Rhodos</name>
    <description><![CDATA[1.9 km. Geometry from OpenStreetMap relation 14522786 (ODbL) - indicative only, follow the signs on the ground.]]></description>
    <styleUrl>#line-trail</styleUrl>
    <LineString><tessellate>1</tessellate>
      <coordinates>5.892917,45.115650,0 5.892594,45.115277,0 5.892351,45.115217,0 5.891995,45.115546,0 5.891799,45.116057,0 5.890989,45.116666,0 5.890417,45.116461,0 5.890193,45.116619,0 5.889789,45.116641,0 5.889017,45.116515,0 5.888510,45.116560,0 5.888054,45.116151,0 5.887788,45.115604,0 5.887271,45.115209,0 5.887051,45.115054,0 5.886279,45.114987,0 5.885987,45.114677,0 5.885478,45.114837,0 5.884627,45.114726,0 5.883716,45.114893,0 5.883506,45.114837,0 5.883273,45.115248,0 5.882785,45.115251,0 5.882742,45.114426,0 5.882065,45.114323,0 5.881952,45.113700,0 5.880481,45.113340,0 5.878546,45.110526,0 5.877526,45.110047,0 5.876923,45.109985,0 5.876739,45.110376,0 5.876903,45.110491,0</coordinates>
    </LineString>
    <ExtendedData>
      <Data name="spot"><value>chamrousse</value></Data>
      <Data name="tags"><value>beginner expert bikepark</value></Data>
    </ExtendedData>
  </Placemark>
  <Placemark>
    <name>Chamrousse: Tasse</name>
    <description><![CDATA[2.8 km. Geometry from OpenStreetMap relation 14522785 (ODbL) - indicative only, follow the signs on the ground.]]></description>
    <styleUrl>#line-trail</styleUrl>
    <LineString><tessellate>1</tessellate>
      <coordinates>5.892917,45.115650,0 5.892594,45.115277,0 5.892351,45.115217,0 5.891995,45.115546,0 5.891799,45.116057,0 5.891400,45.116262,0 5.891284,45.116159,0 5.891068,45.116264,0 5.890451,45.115959,0 5.890064,45.115929,0 5.890205,45.115677,0 5.889698,45.115483,0 5.889381,45.115682,0 5.888907,45.115427,0 5.888663,45.115689,0 5.888343,45.115469,0 5.888170,45.115104,0 5.887956,45.115453,0 5.887864,45.115143,0 5.887614,45.115258,0 5.887593,45.115064,0 5.886959,45.115145,0 5.886998,45.115378,0 5.886699,45.115565,0 5.886517,45.115283,0 5.886192,45.115113,0 5.886139,45.115351,0 5.885464,45.115826,0 5.885171,45.115715,0 5.884778,45.115751,0 5.884605,45.115623,0 5.884469,45.115806,0 5.884117,45.115391,0 5.883900,45.115459,0 5.883947,45.115673,0 5.883743,45.115782,0 5.883015,45.115823,0 5.882656,45.115433,0 5.882148,45.115662,0 5.882181,45.115230,0 5.881899,45.115442,0 5.881825,45.115059,0 5.882091,45.114911,0 5.881596,45.114831,0 5.881245,45.114945,0 5.881199,45.114694,0 5.880674,45.114620,0 5.880846,45.114218,0 5.880520,45.113850,0 5.880448,45.113241,0 5.879876,45.112608,0 5.878546,45.110526,0 5.877639,45.110105,0 5.877341,45.109732,0 5.877047,45.109027,0 5.877171,45.107777,0 5.876377,45.106432,0 5.876555,45.106101,0 5.876162,45.105573,0</coordinates>
    </LineString>
    <ExtendedData>
      <Data name="spot"><value>chamrousse</value></Data>
      <Data name="tags"><value>beginner expert bikepark</value></Data>
    </ExtendedData>
  </Placemark>
  <Placemark>
    <name>Chamrousse: La Chamroussienne</name>
    <description><![CDATA[5.0 km. Geometry from OpenStreetMap relation 14522787 (ODbL) - indicative only, follow the signs on the ground.]]></description>
    <styleUrl>#line-trail</styleUrl>
    <LineString><tessellate>1</tessellate>
      <coordinates>5.903226,45.125742,0 5.903260,45.125478,0 5.902421,45.125174,0 5.902409,45.125013,0 5.901919,45.124979,0 5.901547,45.125150,0 5.901756,45.124658,0 5.901044,45.124425,0 5.900850,45.124127,0 5.900467,45.124092,0 5.900321,45.123752,0 5.899951,45.123689,0 5.899901,45.123237,0 5.899578,45.123199,0 5.899342,45.122924,0 5.899275,45.122583,0 5.899760,45.122068,0 5.899693,45.121107,0 5.899383,45.120531,0 5.897945,45.119337,0 5.897950,45.118473,0 5.897441,45.117778,0 5.895959,45.117596,0 5.895061,45.116983,0 5.894981,45.117245,0 5.895176,45.117605,0 5.894533,45.117243,0 5.894073,45.116618,0 5.893892,45.116934,0 5.893956,45.117245,0 5.893441,45.116606,0 5.893255,45.116920,0 5.892897,45.116354,0 5.892299,45.117135,0 5.892413,45.117901,0 5.891958,45.117686,0 5.891965,45.118111,0 5.891339,45.118179,0 5.891207,45.117975,0 5.890912,45.117913,0 5.890806,45.117442,0 5.890556,45.117663,0 5.890561,45.118134,0 5.890228,45.118302,0 5.889762,45.117811,0 5.889029,45.117399,0 5.888988,45.117005,0 5.888754,45.117288,0 5.888463,45.116953,0 5.888258,45.117182,0 5.887989,45.117090,0 5.887917,45.117303,0 5.887453,45.116991,0 5.886749,45.116813,0 5.886154,45.116346,0 5.885510,45.116236,0 5.885566,45.115923,0 5.885190,45.115718,0 5.884778,45.115751,0 5.884582,45.115625,0 5.884442,45.115796,0 5.884117,45.115391,0 5.883900,45.115459,0 5.883947,45.115673,0 5.883791,45.115774,0 5.882320,45.115905,0 5.881909,45.116830,0 5.882013,45.117366,0 5.881840,45.117472,0 5.881201,45.117288,0 5.880991,45.117435,0 5.881327,45.117933,0 5.881048,45.118642,0 5.881218,45.119445,0 5.881646,45.119956,0 5.881719,45.120419,0 5.881193,45.121560,0 5.880715,45.121635,0 5.880422,45.121917,0 5.880403,45.122380,0 5.878686,45.121826,0 5.878407,45.121597,0 5.878514,45.121098,0 5.878404,45.121008,0 5.878074,45.121020,0 5.877816,45.120880,0 5.877262,45.121311,0 5.879090,45.124159,0 5.879163,45.124800,0</coordinates>
    </LineString>
    <ExtendedData>
      <Data name="spot"><value>chamrousse</value></Data>
      <Data name="tags"><value>beginner expert bikepark</value></Data>
    </ExtendedData>
  </Placemark>
  <Placemark>
    <name>Chamrousse: Blanchon</name>
    <description><![CDATA[4.7 km. Geometry from OpenStreetMap relation 14520503 (ODbL) - indicative only, follow the signs on the ground.]]></description>
    <styleUrl>#line-trail</styleUrl>
    <LineString><tessellate>1</tessellate>
      <coordinates>5.903226,45.125742,0 5.903428,45.125683,0 5.903775,45.125161,0 5.902703,45.124860,0 5.902308,45.124664,0 5.902434,45.124514,0 5.902275,45.124375,0 5.901743,45.124291,0 5.901901,45.123917,0 5.901518,45.123885,0 5.901444,45.123717,0 5.901073,45.123784,0 5.901233,45.123573,0 5.900941,45.123548,0 5.901060,45.123403,0 5.900808,45.123358,0 5.900880,45.123155,0 5.900722,45.122959,0 5.900446,45.122772,0 5.900021,45.122855,0 5.900184,45.122525,0 5.899286,45.122657,0 5.899741,45.122150,0 5.899693,45.121107,0 5.899383,45.120531,0 5.897945,45.119337,0 5.897977,45.118569,0 5.897497,45.117835,0 5.897486,45.117388,0 5.897098,45.117067,0 5.896739,45.117032,0 5.897172,45.116811,0 5.896858,45.116780,0 5.897196,45.116580,0 5.896856,45.116597,0 5.897271,45.116415,0 5.897169,45.116318,0 5.897293,45.116099,0 5.896377,45.116334,0 5.896780,45.115863,0 5.896364,45.115841,0 5.896583,45.115681,0 5.896319,45.115598,0 5.896538,45.115344,0 5.896190,45.115190,0 5.896279,45.114976,0 5.895964,45.114941,0 5.896076,45.114662,0 5.895597,45.114653,0 5.894959,45.115030,0 5.892917,45.115650,0 5.892594,45.115277,0 5.892351,45.115217,0 5.891995,45.115546,0 5.891799,45.116057,0 5.891400,45.116262,0 5.891284,45.116159,0 5.891068,45.116264,0 5.890451,45.115959,0 5.890064,45.115929,0 5.890205,45.115677,0 5.889670,45.115476,0 5.889381,45.115682,0 5.888907,45.115427,0 5.888589,45.115672,0 5.888170,45.115104,0 5.887956,45.115453,0 5.887864,45.115143,0 5.887614,45.115258,0 5.887593,45.115064,0 5.886959,45.115145,0 5.886998,45.115378,0 5.886699,45.115565,0 5.886517,45.115283,0 5.886192,45.115113,0 5.886139,45.115351,0 5.885464,45.115826,0 5.885171,45.115715,0 5.884778,45.115751,0 5.884605,45.115623,0 5.884469,45.115806,0 5.884117,45.115391,0 5.883900,45.115459,0 5.883947,45.115673,0 5.883743,45.115782,0 5.883015,45.115823,0 5.882656,45.115433,0 5.882173,45.115673,0 5.882181,45.115230,0 5.881899,45.115442,0 5.881825,45.115059,0 5.882091,45.114911,0 5.881596,45.114831,0 5.881245,45.114945,0 5.881199,45.114694,0 5.880658,45.114599,0 5.880839,45.114190,0 5.880458,45.113696,0 5.880470,45.113276,0 5.879917,45.112652,0 5.880315,45.112223,0 5.880667,45.112104,0 5.879858,45.112095,0 5.879837,45.111724,0 5.879383,45.111848,0 5.878662,45.110678,0 5.878275,45.110343,0 5.877397,45.110013,0 5.876923,45.109985,0 5.876739,45.110376,0 5.876903,45.110491,0</coordinates>
    </LineString>
    <ExtendedData>
      <Data name="spot"><value>chamrousse</value></Data>
      <Data name="tags"><value>beginner expert bikepark</value></Data>
    </ExtendedData>
  </Placemark>
  <Placemark>
    <name>Chamrousse: DH de Chamrousse</name>
    <description><![CDATA[1.3 km. Geometry from OpenStreetMap relation 16637010 (ODbL) - indicative only, follow the signs on the ground.]]></description>
    <styleUrl>#line-trail</styleUrl>
    <LineString><tessellate>1</tessellate>
      <coordinates>5.877006,45.143907,0 5.876468,45.143995,0 5.875886,45.143736,0 5.875406,45.144107,0 5.874735,45.144088,0 5.874391,45.144754,0 5.873885,45.144763,0 5.873732,45.145507,0 5.872917,45.145999,0 5.872627,45.146506,0 5.872160,45.146702,0 5.870889,45.146850,0 5.870143,45.148450,0 5.869280,45.148863,0 5.868668,45.149037,0 5.868244,45.149025,0 5.867751,45.149453,0 5.867402,45.149582,0 5.867021,45.150119,0 5.865994,45.150872,0</coordinates>
    </LineString>
    <ExtendedData>
      <Data name="spot"><value>chamrousse</value></Data>
      <Data name="tags"><value>beginner expert bikepark</value></Data>
    </ExtendedData>
  </Placemark>
  <Placemark>
    <name>Chamrousse: Mange tes morts</name>
    <description><![CDATA[1.3 km. Geometry from OpenStreetMap relation 16637013 (ODbL) - indicative only, follow the signs on the ground.]]></description>
    <styleUrl>#line-trail</styleUrl>
    <LineString><tessellate>1</tessellate>
      <coordinates>5.879668,45.146109,0 5.880604,45.146483,0 5.880754,45.147066,0 5.881677,45.147504,0 5.882127,45.148102,0 5.882100,45.148360,0 5.881671,45.148643,0 5.881811,45.148995,0 5.881087,45.149495,0 5.881926,45.149826,0 5.882049,45.150166,0 5.881870,45.150664,0 5.881602,45.150925,0 5.880899,45.151083,0 5.880652,45.151314,0 5.880829,45.151560,0 5.881795,45.151893,0 5.881789,45.152483,0 5.881596,45.152949,0 5.881097,45.153240,0 5.880161,45.153603,0 5.879753,45.153911,0 5.878960,45.153959,0 5.878500,45.154196,0</coordinates>
    </LineString>
    <ExtendedData>
      <Data name="spot"><value>chamrousse</value></Data>
      <Data name="tags"><value>beginner expert bikepark</value></Data>
    </ExtendedData>
  </Placemark>
  <Placemark>
    <name>Chamrousse: Foack</name>
    <description><![CDATA[1.4 km. Geometry from OpenStreetMap relation 16637009 (ODbL) - indicative only, follow the signs on the ground.]]></description>
    <styleUrl>#line-trail</styleUrl>
    <LineString><tessellate>1</tessellate>
      <coordinates>5.878728,45.146251,0 5.878868,45.146490,0 5.878270,45.146786,0 5.878463,45.147059,0 5.877864,45.147538,0 5.877873,45.147811,0 5.877248,45.148027,0 5.877624,45.148453,0 5.877315,45.148526,0 5.876814,45.148450,0 5.876800,45.148564,0 5.876103,45.148851,0 5.875577,45.149230,0 5.875443,45.149464,0 5.874338,45.149846,0 5.873533,45.150251,0 5.873137,45.150599,0 5.872681,45.150569,0 5.872579,45.150463,0 5.871699,45.151027,0 5.871125,45.150993,0 5.870417,45.152056,0 5.869805,45.152146,0 5.868958,45.152075,0 5.868582,45.152196,0 5.867992,45.152060,0 5.867445,45.152075,0 5.867063,45.152339,0</coordinates>
    </LineString>
    <ExtendedData>
      <Data name="spot"><value>chamrousse</value></Data>
      <Data name="tags"><value>beginner expert bikepark</value></Data>
    </ExtendedData>
  </Placemark>
  <Placemark>
    <name>Chamrousse: Petit Faon</name>
    <description><![CDATA[1.4 km. Geometry from OpenStreetMap relation 16637011 (ODbL) - indicative only, follow the signs on the ground.]]></description>
    <styleUrl>#line-trail</styleUrl>
    <LineString><tessellate>1</tessellate>
      <coordinates>5.878619,45.145999,0 5.878728,45.146251,0 5.879472,45.146672,0 5.879542,45.147119,0 5.878909,45.147410,0 5.878898,45.147906,0 5.878539,45.148269,0 5.877342,45.148761,0 5.877374,45.148999,0 5.876787,45.149549,0 5.876693,45.149896,0 5.876119,45.150187,0 5.877189,45.150743,0 5.877329,45.151074,0 5.878308,45.151636,0 5.878345,45.151992,0 5.878667,45.152217,0 5.878061,45.152568,0 5.878198,45.152799,0 5.877889,45.153028,0 5.877836,45.153334,0 5.878302,45.154072,0 5.879552,45.154901,0 5.879488,45.155374,0 5.879064,45.155703,0 5.879296,45.155977,0</coordinates>
    </LineString>
    <ExtendedData>
      <Data name="spot"><value>chamrousse</value></Data>
      <Data name="tags"><value>beginner expert bikepark</value></Data>
    </ExtendedData>
  </Placemark>
  <Placemark>
    <name>Les 7 Laux - Prapoutel (Belledonne) [21.50 EUR online]</name>
    <description><![CDATA[<b>Chamois - top of the chairlift</b><br/><br/><b>Trails</b><br/>The other side of the Belledonne from Chamrousse, and the rowdier of the two. A dense set of numbered descents - Or'Anjina, Bel'Dina, Jasse and Cortillets for flow, Bloody Roots and Bloody Rock for the rough stuff, Mini Shore and Chevre Shore for woodwork. Steep, rooty and often damp under the trees, with a long run-out all the way to Froges in the valley if you want the full 1100 m.<br/><br/><b>Getting up / price</b><br/>Day pass 21.50 EUR online, 23.50 EUR at the window; 4 hours 18 EUR, two days 37.50 EUR, six days 67 EUR. Lifts run 4 July to 30 August 2026, and the Bouquetins and Chamois chairlifts alternate rather than both running every day.<br/><br/><b>Open season</b><br/>Open from 4 July; closed from 31 August (published 2026 dates).<br/>Daily opening hours: 09:00-17:00<br/><small>Typical daily estimate; check the operator schedule.</small><br/><br/><b>Access</b><table class="access"><tr><th>From</th><th>Transport</th><th>Duration</th></tr><tr><td>Grenoble</td><td>Car</td><td>~50 min</td></tr></table><br/><i>Source: <a href="https://www.les7laux.com/en/summer/bike-park/">Les 7 Laux</a>. Prices, schedules, trail status and access can change; verify before travel.</i>]]></description>
    <styleUrl>#placemark-blue</styleUrl>
    <Point><coordinates>6.018802,45.247142,0</coordinates></Point>
    <ExtendedData xmlns:mwm="https://omaps.app">
      <Data name="spot"><value>sept-laux</value></Data>
      <Data name="tags"><value>beginner expert bikepark</value></Data>
      <Data name="open_from"><value>07-04</value></Data>
      <Data name="closed_from"><value>08-31</value></Data>
      <Data name="price_day"><value>21.50 EUR</value></Data>
      <mwm:icon>Mountain</mwm:icon>
      <mwm:visibility>1</mwm:visibility>
    </ExtendedData>
  </Placemark>
  <Placemark>
    <name>7 Laux: Bouquetins</name>
    <description><![CDATA[Second chairlift. The two do not always run on the same days - check which one is turning before you drive up.]]></description>
    <styleUrl>#placemark-gray</styleUrl>
    <Point><coordinates>6.001611,45.251177,0</coordinates></Point>
    <ExtendedData xmlns:mwm="https://omaps.app">
      <Data name="spot"><value>sept-laux</value></Data>
      <Data name="tags"><value>beginner expert bikepark</value></Data>
      <mwm:icon>Transport</mwm:icon>
      <mwm:visibility>1</mwm:visibility>
    </ExtendedData>
  </Placemark>
  <Placemark>
    <name>7 Laux: Prapoutel 1350</name>
    <description><![CDATA[Resort base and lift ticket office.]]></description>
    <styleUrl>#placemark-gray</styleUrl>
    <Point><coordinates>5.995404,45.256216,0</coordinates></Point>
    <ExtendedData xmlns:mwm="https://omaps.app">
      <Data name="spot"><value>sept-laux</value></Data>
      <Data name="tags"><value>beginner expert bikepark</value></Data>
      <mwm:icon>Transport</mwm:icon>
      <mwm:visibility>1</mwm:visibility>
    </ExtendedData>
  </Placemark>
  <Placemark>
    <name>7 Laux: Or'Anjina</name>
    <description><![CDATA[1.6 km. Geometry from OpenStreetMap relation 14528440 (ODbL) - indicative only, follow the signs on the ground.]]></description>
    <styleUrl>#line-trail</styleUrl>
    <LineString><tessellate>1</tessellate>
      <coordinates>6.001732,45.250276,0 6.001626,45.249883,0 6.001444,45.250039,0 6.001291,45.249911,0 6.000811,45.250023,0 6.000723,45.249753,0 5.999845,45.250231,0 5.999757,45.249951,0 5.998519,45.250993,0 5.998367,45.250625,0 5.998538,45.249949,0 5.998205,45.250183,0 5.997918,45.250116,0 5.997586,45.250302,0 5.997562,45.250160,0 5.997390,45.250144,0 5.997465,45.249811,0 5.997323,45.249872,0 5.997634,45.249517,0 5.998078,45.247941,0 5.997940,45.248185,0 5.996861,45.248931,0 5.996788,45.248770,0 5.996100,45.249220,0 5.995732,45.249681,0 5.995630,45.250248,0 5.994772,45.251913,0 5.994853,45.253130,0</coordinates>
    </LineString>
    <ExtendedData>
      <Data name="spot"><value>sept-laux</value></Data>
      <Data name="tags"><value>beginner expert bikepark</value></Data>
    </ExtendedData>
  </Placemark>
  <Placemark>
    <name>7 Laux: Bel'Dina</name>
    <description><![CDATA[1.2 km. Geometry from OpenStreetMap relation 14528439 (ODbL) - indicative only, follow the signs on the ground.]]></description>
    <styleUrl>#line-trail</styleUrl>
    <LineString><tessellate>1</tessellate>
      <coordinates>6.005432,45.246488,0 6.004678,45.246969,0 6.004374,45.248340,0 6.003465,45.249405,0 6.002918,45.249835,0 6.002199,45.249431,0 6.001863,45.249670,0 6.001480,45.249475,0 6.001207,45.249572,0 6.000866,45.249136,0 6.000308,45.249476,0 5.999935,45.249543,0 5.998849,45.250371,0 5.998527,45.250205,0 5.998492,45.249928,0 5.998205,45.250183,0 5.997918,45.250116,0 5.997586,45.250302,0 5.997562,45.250160,0 5.997390,45.250144,0 5.997465,45.249811,0 5.997323,45.249872,0 5.997256,45.249675,0 5.997088,45.249722,0 5.997134,45.249180,0 5.996935,45.248874,0</coordinates>
    </LineString>
    <ExtendedData>
      <Data name="spot"><value>sept-laux</value></Data>
      <Data name="tags"><value>beginner expert bikepark</value></Data>
    </ExtendedData>
  </Placemark>
  <Placemark>
    <name>7 Laux: Jasse</name>
    <description><![CDATA[2.3 km. Geometry from OpenStreetMap relation 14528448 (ODbL) - indicative only, follow the signs on the ground.]]></description>
    <styleUrl>#line-trail</styleUrl>
    <LineString><tessellate>1</tessellate>
      <coordinates>6.018802,45.247142,0 6.019857,45.246576,0 6.019592,45.246578,0 6.019796,45.246433,0 6.019361,45.246449,0 6.020125,45.246005,0 6.019433,45.246055,0 6.019910,45.245685,0 6.020250,45.244761,0 6.019910,45.245030,0 6.019049,45.244846,0 6.016635,45.243431,0 6.016597,45.243585,0 6.015308,45.243395,0 6.014612,45.243479,0 6.014765,45.243636,0 6.013736,45.244288,0 6.013732,45.244550,0 6.014203,45.244864,0 6.013793,45.244963,0 6.013925,45.245223,0 6.013820,45.245311,0 6.013328,45.245346,0 6.013489,45.245448,0 6.013189,45.245503,0 6.012930,45.245409,0 6.012825,45.245722,0 6.012175,45.245803,0 6.012067,45.245558,0 6.011769,45.245566,0 6.010761,45.244964,0 6.009621,45.245202,0 6.007041,45.246269,0 6.005590,45.247416,0 6.005142,45.248336,0 6.004895,45.248477,0 6.004647,45.248455,0 6.004455,45.248233,0 6.004374,45.248340,0</coordinates>
    </LineString>
    <ExtendedData>
      <Data name="spot"><value>sept-laux</value></Data>
      <Data name="tags"><value>beginner expert bikepark</value></Data>
    </ExtendedData>
  </Placemark>
  <Placemark>
    <name>7 Laux: Cortillets</name>
    <description><![CDATA[1.2 km. Geometry from OpenStreetMap relation 14528441 (ODbL) - indicative only, follow the signs on the ground.]]></description>
    <styleUrl>#line-trail</styleUrl>
    <LineString><tessellate>1</tessellate>
      <coordinates>6.001732,45.250276,0 6.001488,45.250246,0 6.000693,45.250489,0 6.000394,45.250439,0 5.999530,45.250879,0 5.999184,45.251244,0 5.998552,45.251210,0 5.998197,45.250803,0 5.997928,45.250888,0 5.997603,45.250722,0 5.997446,45.250998,0 5.997055,45.251196,0 5.996789,45.252118,0 5.996240,45.252188,0 5.996172,45.252725,0 5.995991,45.252714,0 5.995474,45.252253,0 5.995216,45.252639,0 5.994881,45.252602,0 5.994853,45.253130,0 5.995440,45.254171,0 5.995717,45.254378,0 5.996677,45.254668,0 5.997419,45.254705,0</coordinates>
    </LineString>
    <ExtendedData>
      <Data name="spot"><value>sept-laux</value></Data>
      <Data name="tags"><value>beginner expert bikepark</value></Data>
    </ExtendedData>
  </Placemark>
  <Placemark>
    <name>7 Laux: Bloody Roots</name>
    <description><![CDATA[1.0 km. Geometry from OpenStreetMap relation 14528444 (ODbL) - indicative only, follow the signs on the ground.]]></description>
    <styleUrl>#line-trail</styleUrl>
    <LineString><tessellate>1</tessellate>
      <coordinates>6.004893,45.248581,0 6.004787,45.248925,0 6.004294,45.249463,0 6.004263,45.250133,0 6.003923,45.250647,0 6.003220,45.251152,0 6.003505,45.251992,0 6.003339,45.252461,0 6.003516,45.252949,0 6.003034,45.253226,0 6.002810,45.253806,0 6.002365,45.253695,0 6.002387,45.254030,0 6.001800,45.254084,0 6.001532,45.254575,0 6.000800,45.254894,0 6.000963,45.255184,0 6.000787,45.255445,0 5.999530,45.255303,0</coordinates>
    </LineString>
    <ExtendedData>
      <Data name="spot"><value>sept-laux</value></Data>
      <Data name="tags"><value>beginner expert bikepark</value></Data>
    </ExtendedData>
  </Placemark>
  <Placemark>
    <name>7 Laux: Bloody Rock</name>
    <description><![CDATA[0.4 km. Geometry from OpenStreetMap relation 14528447 (ODbL) - indicative only, follow the signs on the ground.]]></description>
    <styleUrl>#line-trail</styleUrl>
    <LineString><tessellate>1</tessellate>
      <coordinates>6.017269,45.245166,0 6.017012,45.245259,0 6.016832,45.245871,0 6.016658,45.245767,0 6.016285,45.245873,0 6.016182,45.245639,0 6.016017,45.245718,0 6.015289,45.245530,0 6.014860,45.245553,0 6.014594,45.245391,0 6.014034,45.245652,0 6.013113,45.245719,0</coordinates>
    </LineString>
    <ExtendedData>
      <Data name="spot"><value>sept-laux</value></Data>
      <Data name="tags"><value>beginner expert bikepark</value></Data>
    </ExtendedData>
  </Placemark>
  <Placemark>
    <name>7 Laux: Marron</name>
    <description><![CDATA[1.3 km. Geometry from OpenStreetMap relation 14528445 (ODbL) - indicative only, follow the signs on the ground.]]></description>
    <styleUrl>#line-trail</styleUrl>
    <LineString><tessellate>1</tessellate>
      <coordinates>6.004893,45.248581,0 6.005248,45.248804,0 6.005635,45.248734,0 6.006006,45.248921,0 6.006299,45.249507,0 6.006052,45.250596,0 6.005632,45.251199,0 6.005564,45.251891,0 6.006047,45.252593,0 6.005562,45.254127,0 6.004382,45.254802,0 6.001859,45.255553,0 6.000686,45.255531,0 5.999434,45.255276,0 5.999141,45.255334,0 5.998597,45.255561,0 5.998853,45.255981,0</coordinates>
    </LineString>
    <ExtendedData>
      <Data name="spot"><value>sept-laux</value></Data>
      <Data name="tags"><value>beginner expert bikepark</value></Data>
    </ExtendedData>
  </Placemark>
  <Placemark>
    <name>7 Laux: Adretsnaline</name>
    <description><![CDATA[0.3 km. Geometry from OpenStreetMap relation 14528443 (ODbL) - indicative only, follow the signs on the ground.]]></description>
    <styleUrl>#line-trail</styleUrl>
    <LineString><tessellate>1</tessellate>
      <coordinates>5.997419,45.254705,0 5.997005,45.254725,0 5.997111,45.254931,0 5.996789,45.254886,0 5.996745,45.255257,0 5.996413,45.255257,0 5.996291,45.255599,0 5.995702,45.255564,0 5.995714,45.256432,0</coordinates>
    </LineString>
    <ExtendedData>
      <Data name="spot"><value>sept-laux</value></Data>
      <Data name="tags"><value>beginner expert bikepark</value></Data>
    </ExtendedData>
  </Placemark>
  <Placemark>
    <name>7 Laux: Mini Shore</name>
    <description><![CDATA[0.1 km. Geometry from OpenStreetMap relation 14528442 (ODbL) - indicative only, follow the signs on the ground.]]></description>
    <styleUrl>#line-trail</styleUrl>
    <LineString><tessellate>1</tessellate>
      <coordinates>5.996677,45.254668,0 5.996518,45.254761,0 5.996573,45.254982,0 5.996069,45.255464,0 5.995819,45.255522,0</coordinates>
    </LineString>
    <ExtendedData>
      <Data name="spot"><value>sept-laux</value></Data>
      <Data name="tags"><value>beginner expert bikepark</value></Data>
    </ExtendedData>
  </Placemark>
  <Placemark>
    <name>7 Laux: Chevre Shore</name>
    <description><![CDATA[0.6 km. Geometry from OpenStreetMap relation 14573021 (ODbL) - indicative only, follow the signs on the ground.]]></description>
    <styleUrl>#line-trail</styleUrl>
    <LineString><tessellate>1</tessellate>
      <coordinates>6.001581,45.250780,0 6.001130,45.250800,0 6.000118,45.251360,0 6.000005,45.251477,0 6.000069,45.252334,0 5.999211,45.252587,0 5.998868,45.252897,0 5.998862,45.253188,0 5.998449,45.253346,0 5.998272,45.253577,0 5.998347,45.254207,0 5.998015,45.254404,0 5.997972,45.254581,0 5.997419,45.254705,0</coordinates>
    </LineString>
    <ExtendedData>
      <Data name="spot"><value>sept-laux</value></Data>
      <Data name="tags"><value>beginner expert bikepark</value></Data>
    </ExtendedData>
  </Placemark>
  <Placemark>
    <name>7 Laux: La Crete</name>
    <description><![CDATA[1.8 km. Geometry from OpenStreetMap relation 14528449 (ODbL) - indicative only, follow the signs on the ground.]]></description>
    <styleUrl>#line-trail</styleUrl>
    <LineString><tessellate>1</tessellate>
      <coordinates>6.018869,45.246977,0 6.017855,45.246776,0 6.017550,45.246850,0 6.017956,45.246478,0 6.018356,45.246322,0 6.017962,45.246282,0 6.018239,45.246086,0 6.018172,45.245992,0 6.018383,45.245940,0 6.018050,45.245790,0 6.017722,45.245832,0 6.017861,45.245653,0 6.017616,45.245602,0 6.017758,45.245351,0 6.017406,45.245326,0 6.016821,45.244661,0 6.017532,45.244367,0 6.017068,45.243688,0 6.015852,45.243136,0 6.014223,45.242754,0 6.012794,45.242845,0 6.011203,45.243190,0 6.010380,45.243206,0 6.008857,45.243931,0 6.008630,45.243919,0 6.007967,45.244237,0 6.007645,45.244536,0 6.007101,45.244698,0 6.006648,45.245023,0 6.006605,45.245347,0 6.006310,45.245274,0 6.006161,45.245730,0 6.005432,45.246488,0</coordinates>
    </LineString>
    <ExtendedData>
      <Data name="spot"><value>sept-laux</value></Data>
      <Data name="tags"><value>beginner expert bikepark</value></Data>
    </ExtendedData>
  </Placemark>
  <Placemark>
    <name>7 Laux: Hard'Oisiere</name>
    <description><![CDATA[0.9 km. Geometry from OpenStreetMap relation 14528446 (ODbL) - indicative only, follow the signs on the ground.]]></description>
    <styleUrl>#line-trail</styleUrl>
    <LineString><tessellate>1</tessellate>
      <coordinates>6.005432,45.246488,0 6.003800,45.245508,0 6.003570,45.245672,0 6.003419,45.245548,0 6.003033,45.246076,0 6.002931,45.245991,0 6.002591,45.246316,0 6.002364,45.246384,0 6.002031,45.246128,0 6.001721,45.246565,0 6.001313,45.246716,0 6.001160,45.246664,0 6.000675,45.246957,0 6.000487,45.246926,0 5.999823,45.247203,0 5.999476,45.246962,0 5.998788,45.247376,0 5.998380,45.247383,0 5.997821,45.248261,0</coordinates>
    </LineString>
    <ExtendedData>
      <Data name="spot"><value>sept-laux</value></Data>
      <Data name="tags"><value>beginner expert bikepark</value></Data>
    </ExtendedData>
  </Placemark>
  <Placemark>
    <name>Alpe d'Huez (Grandes Rousses) [25 EUR]</name>
    <description><![CDATA[<b>Marmottes 3 - top station under the Pic Blanc</b><br/><br/><b>Trails</b><br/>Enormous: 45 routes over roughly 300 km of marked trail, 2610 m of vertical from the Pic Blanc at 3330 m down to 1450 m, and the start of the Megavalanche. The built lines around the resort cover everything - Marmotland and Easy Rider for beginners, the Rif Nel flow trail and Central Park for jumps, Hot Road and Run DMC when you want speed. Above them sits a high-alpine descent that is genuinely one of the longest in Europe.<br/><br/><b>Getting up / price</b><br/>MTB day pass 25 EUR adult, 21.50 EUR child, 21.50 EUR each on a family pass, 7.50 EUR over 72. Season 27 June - 30 August 2026, with a pre-opening on the weekend of 27-28 June.<br/><br/><b>Open season</b><br/>Open from 27 June; closed from 31 August (published 2026 dates).<br/>Daily opening hours: 09:00-17:00<br/><small>Typical daily estimate; check the operator schedule.</small><br/><br/><b>Access</b><table class="access"><tr><th>From</th><th>Transport</th><th>Duration</th></tr><tr><td>Grenoble</td><td>Car</td><td>~1h15</td></tr></table><br/><i>Source: <a href="https://skipass.alpedhuez.com/hiver/en/bike-park/">Alpe d'Huez</a>. Prices, schedules, trail status and access can change; verify before travel.</i>]]></description>
    <styleUrl>#placemark-blue</styleUrl>
    <Point><coordinates>6.119995,45.114380,0</coordinates></Point>
    <ExtendedData xmlns:mwm="https://omaps.app">
      <Data name="spot"><value>alpedhuez</value></Data>
      <Data name="tags"><value>beginner expert bikepark</value></Data>
      <Data name="open_from"><value>06-27</value></Data>
      <Data name="closed_from"><value>08-31</value></Data>
      <Data name="price_day"><value>25 EUR</value></Data>
      <mwm:icon>Mountain</mwm:icon>
      <mwm:visibility>1</mwm:visibility>
    </ExtendedData>
  </Placemark>
  <Placemark>
    <name>Alpe d'Huez: Huez Express</name>
    <description><![CDATA[Lower gondola from Huez village, useful for the valley-side trails.]]></description>
    <styleUrl>#placemark-gray</styleUrl>
    <Point><coordinates>6.058227,45.086706,0</coordinates></Point>
    <ExtendedData xmlns:mwm="https://omaps.app">
      <Data name="spot"><value>alpedhuez</value></Data>
      <Data name="tags"><value>beginner expert bikepark</value></Data>
      <mwm:icon>Transport</mwm:icon>
      <mwm:visibility>1</mwm:visibility>
    </ExtendedData>
  </Placemark>
  <Placemark>
    <name>Alpe d'Huez: Poutran</name>
    <description><![CDATA[Mid-mountain hub on the DMC line.]]></description>
    <styleUrl>#placemark-gray</styleUrl>
    <Point><coordinates>6.067374,45.110109,0</coordinates></Point>
    <ExtendedData xmlns:mwm="https://omaps.app">
      <Data name="spot"><value>alpedhuez</value></Data>
      <Data name="tags"><value>beginner expert bikepark</value></Data>
      <mwm:icon>Transport</mwm:icon>
      <mwm:visibility>1</mwm:visibility>
    </ExtendedData>
  </Placemark>
  <Placemark>
    <name>Alpe d'Huez: Marmotland</name>
    <description><![CDATA[2.3 km. Geometry from OpenStreetMap relation 19443384 (ODbL) - indicative only, follow the signs on the ground.]]></description>
    <styleUrl>#line-trail</styleUrl>
    <LineString><tessellate>1</tessellate>
      <coordinates>6.084327,45.104920,0 6.084433,45.104485,0 6.084194,45.104292,0 6.084572,45.104105,0 6.084371,45.103809,0 6.084525,45.103577,0 6.084290,45.103411,0 6.084368,45.103280,0 6.084102,45.103153,0 6.083822,45.103176,0 6.083921,45.102876,0 6.083542,45.102788,0 6.083837,45.102701,0 6.083873,45.102578,0 6.083298,45.102159,0 6.083137,45.101402,0 6.082413,45.101274,0 6.082461,45.101129,0 6.082071,45.101201,0 6.082126,45.101018,0 6.081816,45.101063,0 6.082086,45.100878,0 6.081694,45.100879,0 6.081864,45.100684,0 6.081353,45.100781,0 6.081335,45.100646,0 6.081064,45.100600,0 6.081016,45.100479,0 6.080685,45.100577,0 6.080673,45.100412,0 6.080469,45.100441,0 6.080415,45.100155,0 6.080701,45.099818,0 6.080463,45.099466,0 6.080664,45.098964,0 6.080162,45.098442,0 6.079361,45.098576,0 6.079111,45.098438,0 6.078488,45.098763,0 6.078456,45.098468,0 6.078053,45.098686,0 6.078052,45.098458,0 6.078251,45.098320,0 6.077867,45.098290,0 6.077909,45.097620,0 6.077552,45.097210,0 6.076913,45.096875,0 6.076479,45.096970,0 6.075901,45.096733,0 6.075422,45.096725,0 6.075400,45.096885,0 6.074438,45.097760,0 6.074288,45.098179,0 6.073423,45.098383,0 6.071796,45.098425,0 6.070324,45.098022,0</coordinates>
    </LineString>
    <ExtendedData>
      <Data name="spot"><value>alpedhuez</value></Data>
      <Data name="tags"><value>beginner expert bikepark</value></Data>
    </ExtendedData>
  </Placemark>
  <Placemark>
    <name>Alpe d'Huez: Easy Rider</name>
    <description><![CDATA[2.7 km. Geometry from OpenStreetMap relation 19443383 (ODbL) - indicative only, follow the signs on the ground.]]></description>
    <styleUrl>#line-trail</styleUrl>
    <LineString><tessellate>1</tessellate>
      <coordinates>6.084363,45.105367,0 6.083916,45.105111,0 6.083881,45.104921,0 6.083391,45.105172,0 6.083120,45.104846,0 6.082757,45.104878,0 6.082506,45.105068,0 6.082202,45.104979,0 6.081916,45.105166,0 6.081934,45.105597,0 6.081705,45.105805,0 6.080716,45.106060,0 6.080522,45.106338,0 6.080263,45.106193,0 6.079826,45.105585,0 6.079691,45.104968,0 6.079516,45.105192,0 6.079300,45.104982,0 6.079062,45.105357,0 6.078927,45.104644,0 6.077778,45.105829,0 6.077370,45.106661,0 6.077066,45.106734,0 6.076759,45.107044,0 6.076658,45.107385,0 6.076261,45.107347,0 6.076126,45.107644,0 6.075896,45.107635,0 6.075628,45.107171,0 6.075731,45.106289,0 6.075608,45.106015,0 6.075133,45.106267,0 6.074838,45.106234,0 6.074828,45.105638,0 6.073648,45.103298,0 6.073821,45.102274,0 6.074317,45.101253,0 6.074275,45.098688,0 6.073089,45.098422,0 6.071648,45.098407,0 6.070324,45.098022,0</coordinates>
    </LineString>
    <ExtendedData>
      <Data name="spot"><value>alpedhuez</value></Data>
      <Data name="tags"><value>beginner expert bikepark</value></Data>
    </ExtendedData>
  </Placemark>
  <Placemark>
    <name>Alpe d'Huez: Flow Trail du Rif Nel</name>
    <description><![CDATA[1.0 km. Geometry from OpenStreetMap relation 19445792 (ODbL) - indicative only, follow the signs on the ground.]]></description>
    <styleUrl>#line-trail</styleUrl>
    <LineString><tessellate>1</tessellate>
      <coordinates>6.069935,45.097039,0 6.071093,45.096773,0 6.072011,45.096376,0 6.071790,45.096236,0 6.071910,45.096106,0 6.071874,45.095899,0 6.071653,45.095805,0 6.071773,45.095656,0 6.071543,45.095576,0 6.071813,45.095297,0 6.071587,45.095022,0 6.071824,45.094806,0 6.071692,45.094631,0 6.072060,45.094509,0 6.071780,45.094294,0 6.072203,45.094211,0 6.071924,45.093940,0 6.072476,45.093778,0 6.072265,45.093395,0 6.072590,45.093135,0 6.072976,45.093060,0 6.072785,45.092791,0 6.072877,45.092574,0 6.073483,45.092570,0 6.073466,45.092107,0 6.073844,45.091928,0 6.074647,45.091002,0</coordinates>
    </LineString>
    <ExtendedData>
      <Data name="spot"><value>alpedhuez</value></Data>
      <Data name="tags"><value>beginner expert bikepark</value></Data>
    </ExtendedData>
  </Placemark>
  <Placemark>
    <name>Alpe d'Huez: Central Park</name>
    <description><![CDATA[0.7 km. Geometry from OpenStreetMap relation 19445745 (ODbL) - indicative only, follow the signs on the ground.]]></description>
    <styleUrl>#line-trail</styleUrl>
    <LineString><tessellate>1</tessellate>
      <coordinates>6.064828,45.093410,0 6.065515,45.093257,0 6.066653,45.093298,0 6.067029,45.092810,0 6.067002,45.092648,0 6.066421,45.092556,0 6.066570,45.092391,0 6.066341,45.092419,0 6.066382,45.092264,0 6.066025,45.092104,0 6.066019,45.091967,0 6.065538,45.091903,0 6.065715,45.091840,0 6.065376,45.091295,0 6.065453,45.090524,0 6.065857,45.089848,0</coordinates>
    </LineString>
    <ExtendedData>
      <Data name="spot"><value>alpedhuez</value></Data>
      <Data name="tags"><value>beginner expert bikepark</value></Data>
    </ExtendedData>
  </Placemark>
  <Placemark>
    <name>Alpe d'Huez: Hot Road</name>
    <description><![CDATA[2.8 km. Geometry from OpenStreetMap relation 19443343 (ODbL) - indicative only, follow the signs on the ground.]]></description>
    <styleUrl>#line-trail</styleUrl>
    <LineString><tessellate>1</tessellate>
      <coordinates>6.084217,45.105580,0 6.084017,45.105377,0 6.083713,45.105441,0 6.083333,45.105302,0 6.083170,45.105563,0 6.082496,45.105475,0 6.082351,45.105350,0 6.082310,45.105695,0 6.081987,45.105579,0 6.081708,45.106318,0 6.080791,45.106745,0 6.080462,45.106681,0 6.080528,45.106928,0 6.080054,45.106930,0 6.079599,45.106702,0 6.079665,45.106940,0 6.079990,45.107153,0 6.079817,45.107181,0 6.079056,45.106900,0 6.079205,45.107155,0 6.078948,45.107210,0 6.079160,45.107372,0 6.078333,45.107379,0 6.077040,45.108073,0 6.076595,45.108125,0 6.075820,45.108585,0 6.074973,45.108800,0 6.073703,45.109513,0 6.073029,45.109058,0 6.071331,45.108782,0 6.070756,45.108491,0 6.069772,45.107436,0 6.069235,45.107161,0 6.067583,45.105835,0 6.066864,45.104627,0 6.066710,45.104095,0 6.066556,45.103235,0 6.067460,45.101947,0 6.068522,45.098871,0 6.069035,45.098378,0</coordinates>
    </LineString>
    <ExtendedData>
      <Data name="spot"><value>alpedhuez</value></Data>
      <Data name="tags"><value>beginner expert bikepark</value></Data>
    </ExtendedData>
  </Placemark>
  <Placemark>
    <name>Alpe d'Huez: Run DMC</name>
    <description><![CDATA[1.8 km. Geometry from OpenStreetMap relation 19443391 (ODbL) - indicative only, follow the signs on the ground.]]></description>
    <styleUrl>#line-trail</styleUrl>
    <LineString><tessellate>1</tessellate>
      <coordinates>6.084305,45.104979,0 6.084101,45.104811,0 6.083748,45.104865,0 6.083537,45.104752,0 6.083317,45.104890,0 6.083181,45.104730,0 6.082874,45.104760,0 6.082704,45.104401,0 6.082195,45.104445,0 6.081953,45.104706,0 6.081737,45.104400,0 6.081474,45.104411,0 6.081517,45.104116,0 6.081202,45.104120,0 6.081100,45.103683,0 6.080743,45.103687,0 6.080823,45.103199,0 6.080190,45.103341,0 6.080187,45.102871,0 6.079979,45.102958,0 6.079871,45.102836,0 6.079292,45.103122,0 6.079339,45.102593,0 6.078751,45.102762,0 6.078692,45.102384,0 6.078155,45.102672,0 6.077905,45.102269,0 6.077658,45.102283,0 6.077777,45.101907,0 6.077026,45.102145,0 6.077133,45.101727,0 6.076668,45.101782,0 6.076681,45.101479,0 6.076144,45.101666,0 6.076098,45.101462,0 6.075685,45.101575,0 6.075722,45.101185,0 6.075314,45.101410,0 6.075245,45.101227,0 6.075010,45.101306,0 6.075015,45.101072,0 6.074614,45.101251,0 6.074741,45.100962,0 6.074551,45.100846,0 6.074655,45.100624,0 6.074379,45.100608,0 6.074536,45.100254,0 6.074320,45.100150,0 6.074421,45.099049,0 6.074298,45.098746,0</coordinates>
    </LineString>
    <ExtendedData>
      <Data name="spot"><value>alpedhuez</value></Data>
      <Data name="tags"><value>beginner expert bikepark</value></Data>
    </ExtendedData>
  </Placemark>
  <Placemark>
    <name>Alpe d'Huez: Rock &amp; Wood</name>
    <description><![CDATA[1.5 km. Geometry from OpenStreetMap relation 19443400 (ODbL) - indicative only, follow the signs on the ground.]]></description>
    <styleUrl>#line-trail</styleUrl>
    <LineString><tessellate>1</tessellate>
      <coordinates>6.086621,45.104102,0 6.086468,45.103395,0 6.085950,45.102940,0 6.085840,45.102558,0 6.085525,45.102586,0 6.085416,45.102737,0 6.084260,45.102127,0 6.083474,45.102330,0 6.082726,45.102112,0 6.082184,45.101481,0 6.082333,45.101239,0 6.081671,45.101114,0 6.081452,45.101396,0 6.080812,45.100755,0 6.080037,45.100852,0 6.079800,45.100455,0 6.078938,45.100431,0 6.078778,45.100081,0 6.078477,45.100123,0 6.078381,45.099897,0 6.077405,45.100023,0 6.077540,45.099586,0 6.076732,45.099630,0 6.076435,45.099317,0 6.075880,45.099439,0 6.075792,45.099263,0 6.075488,45.099352,0 6.075274,45.099000,0 6.074969,45.099039,0 6.074812,45.098861,0 6.074583,45.099028,0 6.074473,45.098760,0 6.074238,45.098655,0</coordinates>
    </LineString>
    <ExtendedData>
      <Data name="spot"><value>alpedhuez</value></Data>
      <Data name="tags"><value>beginner expert bikepark</value></Data>
    </ExtendedData>
  </Placemark>
  <Placemark>
    <name>Alpe d'Huez: Les Melezes</name>
    <description><![CDATA[2.2 km. Geometry from OpenStreetMap relation 19443366 (ODbL) - indicative only, follow the signs on the ground.]]></description>
    <styleUrl>#line-trail</styleUrl>
    <LineString><tessellate>1</tessellate>
      <coordinates>6.058743,45.093367,0 6.058138,45.093180,0 6.058324,45.093033,0 6.058071,45.092937,0 6.058440,45.092768,0 6.058023,45.092730,0 6.058200,45.092623,0 6.058056,45.092497,0 6.055345,45.091768,0 6.055083,45.091605,0 6.054576,45.090862,0 6.054553,45.090128,0 6.054190,45.089225,0 6.054255,45.088707,0 6.053626,45.088054,0 6.053965,45.088066,0 6.054064,45.087906,0 6.054640,45.088028,0 6.054912,45.087503,0 6.055404,45.087702,0 6.055751,45.088016,0 6.056609,45.088269,0 6.057492,45.087260,0 6.057192,45.087225,0 6.057621,45.086483,0 6.057702,45.085999,0 6.057270,45.085876,0 6.057533,45.085563,0 6.057252,45.085457,0 6.056967,45.085563,0 6.056818,45.085482,0 6.056156,45.084364,0 6.055781,45.084073,0 6.055972,45.084007,0 6.055241,45.083275,0 6.056315,45.083638,0 6.056644,45.083531,0 6.056695,45.083041,0 6.056241,45.082429,0</coordinates>
    </LineString>
    <ExtendedData>
      <Data name="spot"><value>alpedhuez</value></Data>
      <Data name="tags"><value>beginner expert bikepark</value></Data>
    </ExtendedData>
  </Placemark>
  <Placemark>
    <name>Alpe d'Huez: Huez Coast</name>
    <description><![CDATA[1.0 km. Geometry from OpenStreetMap relation 19445749 (ODbL) - indicative only, follow the signs on the ground.]]></description>
    <styleUrl>#line-trail</styleUrl>
    <LineString><tessellate>1</tessellate>
      <coordinates>6.063447,45.089670,0 6.063351,45.088109,0 6.063233,45.088063,0 6.063057,45.088323,0 6.062878,45.087874,0 6.062644,45.088212,0 6.062529,45.087801,0 6.062273,45.088079,0 6.062167,45.087799,0 6.061883,45.087987,0 6.061878,45.087714,0 6.061659,45.087919,0 6.061614,45.087642,0 6.061295,45.087316,0 6.061054,45.087527,0 6.060514,45.087709,0 6.060446,45.087859,0 6.059896,45.087882,0 6.059258,45.087716,0 6.059310,45.087468,0 6.058795,45.087402,0 6.058991,45.087128,0 6.058009,45.087346,0 6.057487,45.087208,0</coordinates>
    </LineString>
    <ExtendedData>
      <Data name="spot"><value>alpedhuez</value></Data>
      <Data name="tags"><value>beginner expert bikepark</value></Data>
    </ExtendedData>
  </Placemark>
  <Placemark>
    <name>Alpe d'Huez: Va rouler l'Agneau</name>
    <description><![CDATA[2.3 km. Geometry from OpenStreetMap relation 19445707 (ODbL) - indicative only, follow the signs on the ground.]]></description>
    <styleUrl>#line-trail</styleUrl>
    <LineString><tessellate>1</tessellate>
      <coordinates>6.082771,45.101300,0 6.082789,45.101082,0 6.082260,45.101098,0 6.082562,45.100985,0 6.082622,45.100565,0 6.082314,45.100768,0 6.081984,45.100769,0 6.082166,45.100648,0 6.082059,45.100498,0 6.082237,45.099805,0 6.081842,45.099719,0 6.082075,45.099331,0 6.081834,45.099183,0 6.081639,45.098722,0 6.082393,45.098235,0 6.082200,45.097871,0 6.081871,45.097941,0 6.082098,45.097577,0 6.081657,45.097577,0 6.081229,45.097410,0 6.080762,45.097442,0 6.080670,45.097319,0 6.080919,45.096961,0 6.080852,45.096767,0 6.081264,45.096666,0 6.081583,45.096896,0 6.082366,45.096673,0 6.082330,45.096477,0 6.082666,45.096373,0 6.082855,45.096001,0 6.083524,45.095599,0 6.082791,45.095503,0 6.083171,45.095280,0 6.082731,45.095171,0 6.083090,45.094946,0 6.081881,45.094782,0 6.082341,45.094475,0 6.081644,45.094338,0 6.081973,45.094126,0 6.081577,45.094015,0 6.082076,45.093674,0 6.081957,45.093548,0 6.082069,45.093345,0 6.081813,45.093286,0 6.081922,45.093112,0 6.081324,45.092867,0 6.081363,45.092344,0 6.081103,45.091918,0 6.080144,45.091831,0 6.079116,45.091467,0 6.078381,45.091549,0 6.078048,45.091386,0 6.078073,45.091020,0 6.077894,45.090812,0 6.076492,45.090836,0 6.076047,45.090740,0</coordinates>
    </LineString>
    <ExtendedData>
      <Data name="spot"><value>alpedhuez</value></Data>
      <Data name="tags"><value>beginner expert bikepark</value></Data>
    </ExtendedData>
  </Placemark>
  <Placemark>
    <name>Alpe d'Huez: Jacques C'lere</name>
    <description><![CDATA[1.7 km. Geometry from OpenStreetMap relation 19445716 (ODbL) - indicative only, follow the signs on the ground.]]></description>
    <styleUrl>#line-trail</styleUrl>
    <LineString><tessellate>1</tessellate>
      <coordinates>6.084327,45.104920,0 6.085130,45.104224,0 6.084861,45.104134,0 6.085303,45.103702,0 6.085333,45.103424,0 6.084986,45.102324,0 6.085361,45.101445,0 6.084705,45.100343,0 6.084517,45.099611,0 6.085500,45.099181,0 6.085750,45.098399,0 6.086944,45.098115,0 6.087434,45.097816,0 6.086931,45.097692,0 6.087277,45.097476,0 6.086682,45.097287,0 6.086494,45.097085,0 6.086614,45.096924,0 6.086492,45.096760,0 6.086106,45.096700,0 6.086375,45.096461,0 6.084084,45.096082,0 6.084434,45.095800,0 6.084086,45.095628,0 6.084480,45.095430,0 6.083816,45.095211,0 6.082860,45.095193,0</coordinates>
    </LineString>
    <ExtendedData>
      <Data name="spot"><value>alpedhuez</value></Data>
      <Data name="tags"><value>beginner expert bikepark</value></Data>
    </ExtendedData>
  </Placemark>
  <Placemark>
    <name>Alpe d'Huez: Dual Rookie</name>
    <description><![CDATA[0.4 km. Geometry from OpenStreetMap relation 19445746 (ODbL) - indicative only, follow the signs on the ground.]]></description>
    <styleUrl>#line-trail</styleUrl>
    <LineString><tessellate>1</tessellate>
      <coordinates>6.067604,45.088180,0 6.067005,45.088447,0 6.067507,45.088570,0 6.067247,45.088810,0 6.067806,45.089340,0 6.067605,45.089605,0 6.067240,45.089523,0 6.065857,45.089848,0</coordinates>
    </LineString>
    <ExtendedData>
      <Data name="spot"><value>alpedhuez</value></Data>
      <Data name="tags"><value>beginner expert bikepark</value></Data>
    </ExtendedData>
  </Placemark>
  <Placemark>
    <name>Lans-en-Vercors (Vercors) [check the lift]</name>
    <description><![CDATA[<b>Bachassons - Montagnes de Lans lift area</b><br/><br/><b>Trails</b><br/>A compact, friendly set of built descents in the trees on the Vercors plateau: La Bleue is the easy one, Bois Sigu and La Croix des Suifs step it up. Limestone rather than granite, so it rides fast when dry and greasy when not. Worth combining with the Via Vercors network if the lift is shut.<br/><br/><b>Getting up / price</b><br/>The nearest bike park to Grenoble as the crow flies, but the one to phone ahead about: summer chairlift operation at Lans is not guaranteed the way it is at Chamrousse, and the season is short. Worst case it is a pedal-up, and the climb is not long.<br/><br/><b>Open season</b><br/>Open from 1 July; closed from 1 September (typical window; check the operator and conditions).<br/>Daily opening hours: 09:00-17:00<br/><small>Typical daily estimate; check the operator schedule.</small><br/><br/><b>Access</b><table class="access"><tr><th>From</th><th>Transport</th><th>Duration</th></tr><tr><td>Grenoble</td><td>Car</td><td>~35 min</td></tr></table><br/><i>Source: <a href="https://www.lansenvercors.com/en/">Lans-en-Vercors tourism</a>. Prices, schedules, trail status and access can change; verify before travel.</i>]]></description>
    <styleUrl>#placemark-green</styleUrl>
    <Point><coordinates>5.608300,45.111100,0</coordinates></Point>
    <ExtendedData xmlns:mwm="https://omaps.app">
      <Data name="spot"><value>lans</value></Data>
      <Data name="tags"><value>beginner expert natural</value></Data>
      <Data name="open_from"><value>07-01</value></Data>
      <Data name="closed_from"><value>09-01</value></Data>
      <mwm:icon>Mountain</mwm:icon>
      <mwm:visibility>1</mwm:visibility>
    </ExtendedData>
  </Placemark>
  <Placemark>
    <name>Lans: La Bleue</name>
    <description><![CDATA[1.4 km. Geometry from OpenStreetMap relation 18273143 (ODbL) - indicative only, follow the signs on the ground.]]></description>
    <styleUrl>#line-trail</styleUrl>
    <LineString><tessellate>1</tessellate>
      <coordinates>5.599212,45.119554,0 5.599698,45.119542,0 5.599877,45.119731,0 5.599848,45.120095,0 5.600090,45.120159,0 5.600308,45.120020,0 5.600496,45.120117,0 5.600524,45.120596,0 5.600938,45.120659,0 5.600494,45.121703,0 5.600675,45.122056,0 5.600608,45.122804,0 5.600758,45.122932,0 5.600444,45.123442,0 5.600183,45.123387,0 5.600281,45.123912,0 5.599082,45.123398,0 5.598389,45.123343,0 5.598480,45.123628,0 5.597931,45.123533,0 5.598017,45.123758,0 5.597523,45.123640,0 5.597403,45.123780,0 5.597069,45.123674,0 5.596735,45.124297,0 5.596746,45.124608,0 5.596291,45.123885,0 5.595937,45.124718,0 5.596579,45.125374,0</coordinates>
    </LineString>
    <ExtendedData>
      <Data name="spot"><value>lans</value></Data>
      <Data name="tags"><value>beginner expert natural</value></Data>
    </ExtendedData>
  </Placemark>
  <Placemark>
    <name>Lans: Bois Sigu</name>
    <description><![CDATA[1.2 km. Geometry from OpenStreetMap relation 18273142 (ODbL) - indicative only, follow the signs on the ground.]]></description>
    <styleUrl>#line-trail</styleUrl>
    <LineString><tessellate>1</tessellate>
      <coordinates>5.598075,45.119086,0 5.597935,45.119552,0 5.597680,45.119467,0 5.597483,45.119903,0 5.596953,45.119695,0 5.596952,45.120022,0 5.596585,45.119923,0 5.596570,45.120024,0 5.595854,45.120012,0 5.595679,45.120334,0 5.595312,45.120406,0 5.595035,45.120900,0 5.595422,45.121380,0 5.595266,45.121482,0 5.595386,45.121817,0 5.595210,45.121850,0 5.594226,45.121525,0 5.594114,45.121779,0 5.594356,45.122226,0 5.595533,45.123197,0 5.596539,45.123485,0 5.595937,45.124718,0 5.596579,45.125374,0</coordinates>
    </LineString>
    <ExtendedData>
      <Data name="spot"><value>lans</value></Data>
      <Data name="tags"><value>beginner expert natural</value></Data>
    </ExtendedData>
  </Placemark>
  <Placemark>
    <name>Lans: La Croix des Suifs</name>
    <description><![CDATA[1.6 km. Geometry from OpenStreetMap relation 18273141 (ODbL) - indicative only, follow the signs on the ground.]]></description>
    <styleUrl>#line-trail</styleUrl>
    <LineString><tessellate>1</tessellate>
      <coordinates>5.599211,45.119506,0 5.599549,45.119178,0 5.599638,45.118702,0 5.598937,45.117066,0 5.598790,45.114973,0 5.599233,45.113104,0 5.598886,45.112433,0 5.598523,45.112270,0 5.598461,45.111954,0 5.599182,45.111569,0 5.598842,45.110410,0 5.599098,45.109969,0 5.598789,45.109682,0 5.598266,45.109639,0 5.598020,45.109266,0 5.597702,45.109164,0 5.597668,45.108982,0 5.597947,45.108190,0 5.598415,45.108074,0 5.598433,45.107946,0 5.599020,45.107979,0 5.599476,45.107870,0 5.599065,45.106950,0</coordinates>
    </LineString>
    <ExtendedData>
      <Data name="spot"><value>lans</value></Data>
      <Data name="tags"><value>beginner expert natural</value></Data>
    </ExtendedData>
  </Placemark>
  <Placemark>
    <name>Villard-de-Lans / Correncon (Vercors) [see operator]</name>
    <description><![CDATA[<b>Cote 2000 - top of the gondola</b><br/><br/><b>Trails</b><br/>A proper DH and enduro area on the Villard-Correncon domain, reached by the Cote 2000 gondola. Limestone plateau riding with big open pasture up top and steep wooded sections lower down - less alpine than Belledonne, more technical than it looks. The Vercors weather is its own thing: it can be clagged in here while Chamrousse bakes.<br/><br/><b>Getting up / price</b><br/>Usually the first bike park in France to open, in early June. Weekends in June and September, then daily 5 July to 31 August, 9:00-17:00. The operator publishes a summer price grid at villardcorrencon.com, budget in line with its neighbours, roughly 20-25 EUR a day.<br/><br/><b>Open season</b><br/>Open from 5 July; closed from 1 September (published 2026 dates).<br/>Daily opening hours: 09:00-17:00<br/><small>Published operating hours; check the operator schedule.</small><br/><br/><b>Access</b><table class="access"><tr><th>From</th><th>Transport</th><th>Duration</th></tr><tr><td>Grenoble</td><td>Car</td><td>~45 min</td></tr></table><br/><i>Source: <a href="https://www.villarddelans-correnconenvercors.com/en/summer/bike-park/">Villard-Correncon</a>. Prices, schedules, trail status and access can change; verify before travel.</i>]]></description>
    <styleUrl>#placemark-blue</styleUrl>
    <Point><coordinates>5.569300,45.029800,0</coordinates></Point>
    <ExtendedData xmlns:mwm="https://omaps.app">
      <Data name="spot"><value>villard</value></Data>
      <Data name="tags"><value>beginner expert bikepark</value></Data>
      <Data name="open_from"><value>07-05</value></Data>
      <Data name="closed_from"><value>09-01</value></Data>
      <mwm:icon>Mountain</mwm:icon>
      <mwm:visibility>1</mwm:visibility>
    </ExtendedData>
  </Placemark>
  <Placemark>
    <name>Villard: Cote 2000 valley station</name>
    <description><![CDATA[The gondola takes three bikes and riders per cabin, so expect a queue on a hot Sunday in August.]]></description>
    <styleUrl>#placemark-gray</styleUrl>
    <Point><coordinates>5.560000,45.044400,0</coordinates></Point>
    <ExtendedData xmlns:mwm="https://omaps.app">
      <Data name="spot"><value>villard</value></Data>
      <Data name="tags"><value>beginner expert bikepark</value></Data>
      <mwm:icon>Transport</mwm:icon>
      <mwm:visibility>1</mwm:visibility>
    </ExtendedData>
  </Placemark>
  <Placemark>
    <name>Villard: Glovettes</name>
    <description><![CDATA[Second lift sector above the village.]]></description>
    <styleUrl>#placemark-gray</styleUrl>
    <Point><coordinates>5.563000,45.049700,0</coordinates></Point>
    <ExtendedData xmlns:mwm="https://omaps.app">
      <Data name="spot"><value>villard</value></Data>
      <Data name="tags"><value>beginner expert bikepark</value></Data>
      <mwm:icon>Transport</mwm:icon>
      <mwm:visibility>1</mwm:visibility>
    </ExtendedData>
  </Placemark>
  <Placemark>
    <name>La Berra (Fribourg Prealps) [37 CHF / Magic Pass]</name>
    <description><![CDATA[<b>La Berra 1719 m - top of the gondola</b><br/><br/><b>Trails</b><br/>Berra Bike Park: two purpose-built descents totalling about 9 km. Les Allieres is the blue one, 5.6 km of berms, smooth sections and small jumps looking out over the Prealps - one of the best beginner-to-intermediate flow runs in French-speaking Switzerland. La Tschaka is the red: technical features, steeper banks and real jumps. Small, well kept, and rarely busy midweek.<br/><br/><b>Getting up / price</b><br/>Bike day pass 37 CHF, single ascent 17 CHF, pedestrian return 23 CHF. Free with the Magic Pass. Season 1 July to 31 October, daily from 09:00, with late evening running from mid-July to mid-September.<br/><br/><b>Open season</b><br/>Open from 1 July; closed from 1 November (published 2026 dates).<br/>Daily opening hours: 09:00-17:00<br/><small>Published opening time; closing time is estimated.</small><br/><br/><b>Access</b><table class="access"><tr><th>From</th><th>Transport</th><th>Duration</th></tr><tr><td>Lausanne</td><td>Train + bus</td><td>~1h50</td></tr></table><br/><i>Source: <a href="https://www.laberra.ch/en/bike-park/">La Berra</a>. Prices, schedules, trail status and access can change; verify before travel.</i>]]></description>
    <styleUrl>#placemark-blue</styleUrl>
    <Point><coordinates>7.178790,46.677656,0</coordinates></Point>
    <ExtendedData xmlns:mwm="https://omaps.app">
      <Data name="spot"><value>laberra</value></Data>
      <Data name="tags"><value>beginner expert magicpass bikepark</value></Data>
      <Data name="open_from"><value>07-01</value></Data>
      <Data name="closed_from"><value>11-01</value></Data>
      <Data name="price_day"><value>37 CHF</value></Data>
      <mwm:icon>Mountain</mwm:icon>
      <mwm:visibility>1</mwm:visibility>
    </ExtendedData>
  </Placemark>
  <Placemark>
    <name>La Berra: Le Brand valley station</name>
    <description><![CDATA[Base of the telemixte at La Roche. The cabins are equipped to carry bikes, so you can lap without pedalling up.]]></description>
    <styleUrl>#placemark-gray</styleUrl>
    <Point><coordinates>7.154978,46.686608,0</coordinates></Point>
    <ExtendedData xmlns:mwm="https://omaps.app">
      <Data name="spot"><value>laberra</value></Data>
      <Data name="tags"><value>beginner expert magicpass bikepark</value></Data>
      <mwm:icon>Transport</mwm:icon>
      <mwm:visibility>1</mwm:visibility>
    </ExtendedData>
  </Placemark>
  <Placemark>
    <name>Gurten (Bern) [city fare + 3.50 CHF bike]</name>
    <description><![CDATA[<b>Gurten Kulm 858 m - top of the funicular</b><br/><br/><b>Trails</b><br/>GurtenTrail 2.0, rebuilt from scratch in 2025: 2.5 km and 240 m of descent with around 40 jumps, endless berms and a lot of thought in the shaping. Every feature is rollable, so beginners can ride the whole thing, while the line choices and doubles keep it interesting if you can send. Free bike wash on the third floor of the car park at the bottom.<br/><br/><b>Getting up / price</b><br/>Bern's local hill, so it is city transport pricing: take the S-Bahn or tram to Wabern, then the Gurtenbahn funicular. A bike ticket is 3.50 CHF per ride on top of your own fare, and the trail itself is free. Runs all year, every 15 minutes, which is what makes this a genuine winter option.<br/><br/><b>Open season</b><br/>Open from 1 January with no seasonal closure (normally open year-round).<br/>Daily opening hours: 07:00-23:30<br/><small>Typical daily estimate; check the operator schedule.</small><br/><br/><b>Access</b><table class="access"><tr><th>From</th><th>Transport</th><th>Duration</th></tr><tr><td>Lausanne</td><td>Train + funicular</td><td>~1h20</td></tr></table><br/><i>Source: <a href="https://www.gurtenpark.ch/en/gurtenbahn">Gurtenbahn</a>. Prices, schedules, trail status and access can change; verify before travel.</i>]]></description>
    <styleUrl>#placemark-blue</styleUrl>
    <Point><coordinates>7.439742,46.919547,0</coordinates></Point>
    <ExtendedData xmlns:mwm="https://omaps.app">
      <Data name="spot"><value>gurten</value></Data>
      <Data name="tags"><value>beginner expert winter bikepark</value></Data>
      <Data name="open_from"><value>01-01</value></Data>
      <Data name="closed_from"><value>01-01</value></Data>
      <Data name="price_day"><value>3.50 CHF</value></Data>
      <mwm:icon>Mountain</mwm:icon>
      <mwm:visibility>1</mwm:visibility>
    </ExtendedData>
  </Placemark>
  <Placemark>
    <name>Gurten: GurtenTrail 2.0</name>
    <description><![CDATA[2.3 km. Geometry from OpenStreetMap relation 19584985 (ODbL) - indicative only, follow the signs on the ground.]]></description>
    <styleUrl>#line-trail</styleUrl>
    <LineString><tessellate>1</tessellate>
      <coordinates>7.440061,46.919364,0 7.440814,46.919547,0 7.441906,46.919458,0 7.441669,46.919674,0 7.442173,46.919707,0 7.442381,46.919927,0 7.442403,46.920119,0 7.441993,46.920372,0 7.440912,46.920625,0 7.441940,46.921009,0 7.442542,46.921107,0 7.441995,46.921262,0 7.442532,46.921411,0 7.442926,46.921370,0 7.442731,46.921569,0 7.443440,46.921498,0 7.442338,46.922194,0 7.443905,46.922223,0 7.444395,46.922077,0 7.444436,46.922171,0 7.443793,46.922384,0 7.443827,46.922481,0 7.445211,46.922458,0 7.445651,46.922572,0 7.445515,46.922704,0 7.445717,46.922772,0 7.445618,46.922971,0 7.445881,46.923227,0 7.445701,46.923345,0 7.445914,46.923322,0 7.446153,46.923601,0 7.445929,46.923845,0 7.446074,46.924594,0 7.445249,46.925082,0 7.444956,46.925093,0 7.445079,46.925230,0 7.445400,46.925256,0 7.444986,46.925527,0 7.445196,46.925606,0 7.445197,46.925764,0 7.446620,46.926308,0 7.446769,46.926611,0 7.446255,46.926802,0 7.446374,46.927071,0 7.447982,46.926825,0 7.447876,46.926954,0 7.448199,46.926976,0 7.447696,46.927241,0 7.448220,46.927231,0 7.447691,46.927441,0 7.448101,46.927445,0 7.448302,46.927290,0</coordinates>
    </LineString>
    <ExtendedData>
      <Data name="spot"><value>gurten</value></Data>
      <Data name="tags"><value>beginner expert winter bikepark</value></Data>
    </ExtendedData>
  </Placemark>
  <Placemark>
    <name>Wiriehorn - Diemtigtal [43 CHF]</name>
    <description><![CDATA[<b>Wiriehorn - top of the chairlift</b><br/><br/><b>Trails</b><br/>The bike park at the head of the Diemtigtal, in a nature park that most people drive straight past. Three downhill runs covering the full range: Alptrail is the gentle learning line, Old T-Bar the intermediate, and Weryhorny the challenging one. Two pumptracks and a kids' park at the bottom make it a good family base, and the valley itself is one of the quietest in the Oberland.<br/><br/><b>Getting up / price</b><br/>Day pass with trail access 43 CHF adult, 38 CHF youth and seniors; children 6-15 pay their age in francs. Long season - April through mid-November, daily in high summer, with Friday and Saturday evening running until 20:00 in July and August.<br/><br/><b>Open season</b><br/>Open from 1 April; closed from 16 November (typical window; check the operator and conditions).<br/>Daily opening hours: 09:00-17:00<br/><small>Typical daytime hours; published Friday and Saturday evening service runs until 20:00 in July and August.</small><br/><br/><b>Access</b><table class="access"><tr><th>From</th><th>Transport</th><th>Duration</th></tr><tr><td>Lausanne</td><td>Train + bus</td><td>~2h45</td></tr></table><br/><i>Source: <a href="https://www.wiriehorn.ch/en/summer/bikepark">Wiriehorn</a>. Prices, schedules, trail status and access can change; verify before travel.</i>]]></description>
    <styleUrl>#placemark-blue</styleUrl>
    <Point><coordinates>7.538733,46.589276,0</coordinates></Point>
    <ExtendedData xmlns:mwm="https://omaps.app">
      <Data name="spot"><value>wiriehorn</value></Data>
      <Data name="tags"><value>beginner expert bikepark</value></Data>
      <Data name="open_from"><value>04-01</value></Data>
      <Data name="closed_from"><value>11-16</value></Data>
      <Data name="price_day"><value>43 CHF</value></Data>
      <mwm:icon>Mountain</mwm:icon>
      <mwm:visibility>1</mwm:visibility>
    </ExtendedData>
  </Placemark>
  <Placemark>
    <name>Wiriehorn: Riedli valley station</name>
    <description><![CDATA[Base station, bike park entrance, pumptracks and kids' area.]]></description>
    <styleUrl>#placemark-gray</styleUrl>
    <Point><coordinates>7.536837,46.601000,0</coordinates></Point>
    <ExtendedData xmlns:mwm="https://omaps.app">
      <Data name="spot"><value>wiriehorn</value></Data>
      <Data name="tags"><value>beginner expert bikepark</value></Data>
      <mwm:icon>Transport</mwm:icon>
      <mwm:visibility>1</mwm:visibility>
    </ExtendedData>
  </Placemark>
  <Placemark>
    <name>Wiriehorn: Alptrail (easy)</name>
    <description><![CDATA[3.0 km. Geometry from OpenStreetMap relation 14196234 (ODbL) - indicative only, follow the signs on the ground.]]></description>
    <styleUrl>#line-trail</styleUrl>
    <LineString><tessellate>1</tessellate>
      <coordinates>7.539459,46.601977,0 7.539005,46.601983,0 7.538903,46.602338,0 7.538510,46.602520,0 7.538533,46.602654,0 7.538243,46.602524,0 7.538240,46.602757,0 7.538034,46.602710,0 7.537914,46.602891,0 7.538905,46.603690,0 7.539001,46.605209,0 7.539670,46.606170,0 7.538462,46.605655,0 7.538360,46.605716,0 7.539056,46.606473,0 7.540761,46.607439,0 7.543404,46.609651,0 7.545730,46.612543,0 7.546610,46.612983,0 7.547439,46.613163,0 7.546521,46.613426,0 7.545752,46.614010,0 7.545526,46.613688,0 7.544505,46.613256,0 7.543929,46.612783,0 7.542924,46.612335,0 7.541205,46.611167,0 7.539378,46.610196,0 7.537102,46.609324,0 7.535650,46.609053,0 7.534896,46.608735,0</coordinates>
    </LineString>
    <ExtendedData>
      <Data name="spot"><value>wiriehorn</value></Data>
      <Data name="tags"><value>beginner expert bikepark</value></Data>
    </ExtendedData>
  </Placemark>
  <Placemark>
    <name>Wiriehorn: Old T-Bar (medium)</name>
    <description><![CDATA[1.2 km. Geometry from OpenStreetMap relation 14196222 (ODbL) - indicative only, follow the signs on the ground.]]></description>
    <styleUrl>#line-trail</styleUrl>
    <LineString><tessellate>1</tessellate>
      <coordinates>7.539459,46.601977,0 7.539005,46.601983,0 7.538870,46.602370,0 7.538510,46.602520,0 7.538500,46.602666,0 7.538243,46.602524,0 7.538240,46.602757,0 7.538010,46.602723,0 7.537877,46.603020,0 7.537555,46.602809,0 7.537659,46.603211,0 7.538107,46.603601,0 7.537454,46.603545,0 7.537551,46.603787,0 7.536987,46.603703,0 7.537383,46.604073,0 7.537010,46.604077,0 7.536965,46.604351,0 7.536514,46.604403,0 7.536573,46.604615,0 7.536338,46.604602,0 7.536216,46.604865,0 7.535461,46.604540,0 7.534810,46.604718,0 7.534862,46.604901,0 7.534736,46.604941,0 7.533826,46.604951,0 7.533811,46.605201,0 7.533515,46.605409,0 7.533641,46.605516,0 7.533434,46.605516,0 7.533537,46.605673,0 7.533271,46.605673,0 7.533375,46.605861,0 7.533175,46.605958,0 7.533227,46.606278,0 7.533071,46.606263,0 7.533101,46.606517,0 7.532960,46.606492,0 7.533093,46.606710,0 7.532771,46.606655,0</coordinates>
    </LineString>
    <ExtendedData>
      <Data name="spot"><value>wiriehorn</value></Data>
      <Data name="tags"><value>beginner expert bikepark</value></Data>
    </ExtendedData>
  </Placemark>
  <Placemark>
    <name>Wiriehorn: Weryhorny (hard)</name>
    <description><![CDATA[2.4 km. Geometry from OpenStreetMap relation 14196215 (ODbL) - indicative only, follow the signs on the ground.]]></description>
    <styleUrl>#line-trail</styleUrl>
    <LineString><tessellate>1</tessellate>
      <coordinates>7.532551,46.595786,0 7.532457,46.596047,0 7.532058,46.596094,0 7.532183,46.596486,0 7.531743,46.596609,0 7.531526,46.596957,0 7.531554,46.597348,0 7.531300,46.597836,0 7.531474,46.598538,0 7.532406,46.599285,0 7.532510,46.599864,0 7.532238,46.600522,0 7.532512,46.601575,0 7.532387,46.602122,0 7.532514,46.602224,0 7.532379,46.602300,0 7.532589,46.602478,0 7.531750,46.602539,0 7.531416,46.602703,0 7.532397,46.603186,0 7.532952,46.603153,0 7.532463,46.603547,0 7.532169,46.604069,0 7.531888,46.604118,0 7.532149,46.604356,0 7.532013,46.604378,0 7.532130,46.604455,0 7.532059,46.604742,0 7.531772,46.604915,0 7.531892,46.605010,0 7.531651,46.605545,0 7.531733,46.605908,0 7.532201,46.605677,0 7.532512,46.605851,0 7.532771,46.606655,0 7.532787,46.607791,0 7.534896,46.608735,0 7.534144,46.610590,0 7.534241,46.610956,0 7.534100,46.611165,0 7.533785,46.611213,0 7.533368,46.611540,0 7.533825,46.611764,0 7.533589,46.611861,0 7.534048,46.612181,0 7.533976,46.612430,0</coordinates>
    </LineString>
    <ExtendedData>
      <Data name="spot"><value>wiriehorn</value></Data>
      <Data name="tags"><value>beginner expert bikepark</value></Data>
    </ExtendedData>
  </Placemark>
  <Placemark>
    <name>Kandersteg - Sunnbuel [cable car, price unverified]</name>
    <description><![CDATA[<b>Sunnbuel 1936 m - top of the cable car</b><br/><br/><b>Trails</b><br/>A marked freeride route rather than a bike park: the descent from Sunnbuel back down to Kandersteg, with an alternative variant lower down. High, rocky and exposed at the top, then a long technical drop through the gorge. Serious terrain in a serious place - the Gemmi and the Bluemlisalp are right there.<br/><br/><b>Getting up / price</b><br/>Sunnbuelbahn cable car. Check sunnbuel.ch for bike fare before travelling.<br/><br/><b>Open season</b><br/>Open from 15 June; closed from 19 October (typical window; check the operator and conditions).<br/>Daily opening hours: 09:00-17:00<br/><small>Typical daily estimate; check the operator schedule.</small><br/><br/><b>Access</b><table class="access"><tr><th>From</th><th>Transport</th><th>Duration</th></tr><tr><td>Lausanne</td><td>Train</td><td>~2h00</td></tr></table><br/><i>Source: <a href="https://www.sunnbuel.ch/en/">Sunnbuel cable car</a>. Prices, schedules, trail status and access can change; verify before travel.</i>]]></description>
    <styleUrl>#placemark-green</styleUrl>
    <Point><coordinates>7.650412,46.458025,0</coordinates></Point>
    <ExtendedData xmlns:mwm="https://omaps.app">
      <Data name="spot"><value>kandersteg</value></Data>
      <Data name="tags"><value>expert natural</value></Data>
      <Data name="open_from"><value>06-15</value></Data>
      <Data name="closed_from"><value>10-19</value></Data>
      <mwm:icon>Mountain</mwm:icon>
      <mwm:visibility>1</mwm:visibility>
    </ExtendedData>
  </Placemark>
  <Placemark>
    <name>Kandersteg: Sunnbuel valley station</name>
    <description><![CDATA[A few minutes from Kandersteg station on the Loetschberg line, so the whole trip is doable by train.]]></description>
    <styleUrl>#placemark-gray</styleUrl>
    <Point><coordinates>7.663554,46.476608,0</coordinates></Point>
    <ExtendedData xmlns:mwm="https://omaps.app">
      <Data name="spot"><value>kandersteg</value></Data>
      <Data name="tags"><value>expert natural</value></Data>
      <mwm:icon>Transport</mwm:icon>
      <mwm:visibility>1</mwm:visibility>
    </ExtendedData>
  </Placemark>
  <Placemark>
    <name>Kandersteg: MTB Freeride Kandersteg</name>
    <description><![CDATA[5.0 km. Geometry from OpenStreetMap relation 9849442 (ODbL) - indicative only, follow the signs on the ground.]]></description>
    <styleUrl>#line-trail</styleUrl>
    <LineString><tessellate>1</tessellate>
      <coordinates>7.649987,46.457864,0 7.650086,46.458050,0 7.649904,46.458061,0 7.650172,46.458343,0 7.650145,46.458843,0 7.650869,46.459798,0 7.651395,46.460217,0 7.651368,46.460304,0 7.650770,46.460313,0 7.650754,46.460400,0 7.651351,46.460816,0 7.651535,46.461181,0 7.652559,46.462157,0 7.653670,46.462980,0 7.654563,46.464564,0 7.655175,46.464901,0 7.654884,46.464924,0 7.655053,46.465117,0 7.654634,46.465069,0 7.654689,46.465327,0 7.654955,46.465412,0 7.654615,46.465450,0 7.654843,46.465638,0 7.654490,46.465744,0 7.654520,46.465895,0 7.654317,46.465902,0 7.654373,46.466125,0 7.654051,46.466136,0 7.653641,46.465958,0 7.653767,46.466207,0 7.653580,46.466217,0 7.653691,46.466328,0 7.653546,46.466469,0 7.653358,46.466462,0 7.653314,46.466751,0 7.653685,46.466853,0 7.653526,46.467052,0 7.653109,46.467180,0 7.652861,46.467823,0 7.653469,46.467646,0 7.653706,46.467412,0 7.653843,46.467474,0 7.653870,46.467337,0 7.654069,46.467403,0 7.654283,46.467199,0 7.654475,46.467365,0 7.654582,46.467220,0 7.654785,46.467276,0 7.655301,46.467801,0 7.655033,46.468403,0 7.654177,46.468883,0 7.654875,46.469254,0 7.654817,46.469412,0 7.655012,46.469494,0 7.654905,46.469689,0 7.655285,46.469772,0 7.655318,46.470076,0 7.655148,46.470293,0 7.655241,46.470527,0 7.655087,46.470455,0 7.655123,46.470569,0 7.654946,46.470544,0 7.654902,46.470661,0 7.654555,46.470628,0 7.654244,46.470405,0 7.654286,46.470619,0 7.654072,46.470495,0 7.654049,46.470635,0 7.653420,46.470413,0 7.651856,46.470756,0 7.652788,46.470822,0 7.651907,46.471142,0 7.652038,46.471511,0 7.651880,46.472105,0 7.650601,46.473482,0 7.651027,46.473580,0 7.652284,46.473536,0 7.652638,46.473341,0 7.653604,46.473437,0 7.653792,46.473622,0 7.653740,46.474168,0 7.653914,46.474387,0 7.654168,46.474501,0 7.654805,46.474486,0 7.656222,46.474865,0 7.656491,46.475450,0 7.657039,46.475827,0 7.658296,46.477087,0 7.658480,46.476996,0 7.658140,46.476657,0 7.658004,46.475923,0 7.657145,46.474416,0 7.657285,46.474176,0 7.657972,46.473806,0 7.658774,46.474011,0 7.659510,46.474465,0 7.660335,46.474658,0 7.661186,46.475557,0 7.662017,46.476897,0 7.662971,46.477203,0 7.662846,46.476902,0 7.663179,46.476893,0 7.663239,46.476736,0</coordinates>
    </LineString>
    <ExtendedData>
      <Data name="spot"><value>kandersteg</value></Data>
      <Data name="tags"><value>expert natural</value></Data>
    </ExtendedData>
  </Placemark>
  <Placemark>
    <name>Kandersteg: Freeride Kandersteg (variant)</name>
    <description><![CDATA[0.8 km. Geometry from OpenStreetMap relation 19590733 (ODbL) - indicative only, follow the signs on the ground.]]></description>
    <styleUrl>#line-trail</styleUrl>
    <LineString><tessellate>1</tessellate>
      <coordinates>7.658154,46.473808,0 7.658042,46.473559,0 7.656747,46.473067,0 7.655640,46.473228,0 7.655683,46.473039,0 7.656429,46.472565,0 7.656907,46.472471,0 7.656759,46.472378,0 7.654461,46.472149,0 7.653781,46.471758,0 7.652853,46.472007,0 7.652868,46.471583,0 7.651880,46.472105,0</coordinates>
    </LineString>
    <ExtendedData>
      <Data name="spot"><value>kandersteg</value></Data>
      <Data name="tags"><value>expert natural</value></Data>
    </ExtendedData>
  </Placemark>
  <Placemark>
    <name>Interlaken - Harder Kulm [funicular, price unverified]</name>
    <description><![CDATA[<b>Harder Kulm 1322 m - top of the funicular</b><br/><br/><b>Trails</b><br/>The Harder Downhill: a steep, relentless 700 m drop off Interlaken's local peak straight back into town. Tight, rooty switchbacks through the forest with a couple of genuinely exposed sections - not a first bike park, but the view over the Thunersee and Brienzersee on the way up is worth the ticket on its own.<br/><br/><b>Getting up / price</b><br/>The Harderbahn funicular leaves a few minutes' walk from Interlaken Ost. Bike carriage is limited and the 2026 fare is not confirmed here - check jungfrau.ch, and note the funicular is primarily a tourist ride, so expect queues at midday.<br/><br/><b>Open season</b><br/>Open from 1 April; closed from 1 December (typical window; check the operator and conditions).<br/>Daily opening hours: 09:00-21:00<br/><small>Typical daily estimate; check the operator schedule.</small><br/><br/><b>Access</b><table class="access"><tr><th>From</th><th>Transport</th><th>Duration</th></tr><tr><td>Lausanne</td><td>Train</td><td>~2h20</td></tr></table><br/><i>Source: <a href="https://www.jungfrau.ch/en-gb/harder-kulm/">Jungfrau Railways</a>. Prices, schedules, trail status and access can change; verify before travel.</i>]]></description>
    <styleUrl>#placemark-green</styleUrl>
    <Point><coordinates>7.855001,46.698232,0</coordinates></Point>
    <ExtendedData xmlns:mwm="https://omaps.app">
      <Data name="spot"><value>harder</value></Data>
      <Data name="tags"><value>expert natural</value></Data>
      <Data name="open_from"><value>04-01</value></Data>
      <Data name="closed_from"><value>12-01</value></Data>
      <mwm:icon>Mountain</mwm:icon>
      <mwm:visibility>1</mwm:visibility>
    </ExtendedData>
  </Placemark>
  <Placemark>
    <name>Harder: Harder Downhill</name>
    <description><![CDATA[2.7 km. Geometry from OpenStreetMap relation 5125967 (ODbL) - indicative only, follow the signs on the ground.]]></description>
    <styleUrl>#line-trail</styleUrl>
    <LineString><tessellate>1</tessellate>
      <coordinates>7.851582,46.697356,0 7.851426,46.697123,0 7.851098,46.697106,0 7.851257,46.696997,0 7.850799,46.696947,0 7.850925,46.696859,0 7.850715,46.696820,0 7.850656,46.696634,0 7.850214,46.696732,0 7.849897,46.696173,0 7.852884,46.696541,0 7.853538,46.696740,0 7.854493,46.696738,0 7.855602,46.696940,0 7.856394,46.696883,0 7.857414,46.697178,0 7.857867,46.697609,0 7.857721,46.696940,0 7.856877,46.696053,0 7.857136,46.696262,0 7.857982,46.696423,0 7.858994,46.696960,0 7.860576,46.697110,0 7.860929,46.697261,0 7.861889,46.697074,0 7.862801,46.697133,0 7.865054,46.696817,0 7.864257,46.696121,0 7.863486,46.695924,0 7.863859,46.695861,0 7.863824,46.695712,0 7.863265,46.695688,0 7.863002,46.695531,0 7.862520,46.694689,0 7.862726,46.694644,0 7.862402,46.694400,0 7.862833,46.694119,0 7.863234,46.694111,0 7.862993,46.693739,0 7.862256,46.693497,0 7.861843,46.693883,0 7.861545,46.693889,0 7.861196,46.693724,0 7.861623,46.693708,0 7.861239,46.693466,0 7.860998,46.693454,0 7.861046,46.693232,0 7.861390,46.693163,0 7.860989,46.692978,0 7.861557,46.692866,0 7.861752,46.692945,0</coordinates>
    </LineString>
    <ExtendedData>
      <Data name="spot"><value>harder</value></Data>
      <Data name="tags"><value>expert natural</value></Data>
    </ExtendedData>
  </Placemark>
  <Placemark>
    <name>Murren (Lauterbrunnen) [Jungfrau lifts, price unverified]</name>
    <description><![CDATA[<b>Murren - car-free village and lift hub</b><br/><br/><b>Trails</b><br/>Murren Bike, SuisseMobile route 450: a high balcony traverse and descent under the Eiger, Monch and Jungfrau, which is as good a backdrop as riding gets. More mountain route than bike park - alp tracks, some singletrack, and a long drop back to the Lauterbrunnen valley floor. Go for the setting rather than the trail features.<br/><br/><b>Getting up / price</b><br/>Reached by cable car and mountain railway from Lauterbrunnen - Murren has no road, so everything comes up by lift. Bike carriage is possible but capacity is tight and the 2026 fares are not confirmed here; check jungfrau.ch first.<br/><br/><b>Open season</b><br/>Open from 15 June; closed from 19 October (typical window; check the operator and conditions).<br/>Daily opening hours: 06:00-23:30<br/><small>Typical daily estimate; check the operator schedule.</small><br/><br/><b>Access</b><table class="access"><tr><th>From</th><th>Transport</th><th>Duration</th></tr><tr><td>Lausanne</td><td>Train</td><td>~3h00</td></tr></table><br/><i>Source: <a href="https://muerren.swiss/en/experiences/summer/biking/">Murren tourism</a>. Prices, schedules, trail status and access can change; verify before travel.</i>]]></description>
    <styleUrl>#placemark-green</styleUrl>
    <Point><coordinates>7.897119,46.563689,0</coordinates></Point>
    <ExtendedData xmlns:mwm="https://omaps.app">
      <Data name="spot"><value>murren</value></Data>
      <Data name="tags"><value>beginner expert natural</value></Data>
      <Data name="open_from"><value>06-15</value></Data>
      <Data name="closed_from"><value>10-19</value></Data>
      <mwm:icon>Mountain</mwm:icon>
      <mwm:visibility>1</mwm:visibility>
    </ExtendedData>
  </Placemark>
  <Placemark>
    <name>Murren: Grutschalp</name>
    <description><![CDATA[Top of the cable car from Lauterbrunnen; the mountain railway runs from here to Murren.]]></description>
    <styleUrl>#placemark-gray</styleUrl>
    <Point><coordinates>7.890707,46.596562,0</coordinates></Point>
    <ExtendedData xmlns:mwm="https://omaps.app">
      <Data name="spot"><value>murren</value></Data>
      <Data name="tags"><value>beginner expert natural</value></Data>
      <mwm:icon>Transport</mwm:icon>
      <mwm:visibility>1</mwm:visibility>
    </ExtendedData>
  </Placemark>
  <Placemark>
    <name>Murren: Schilthornbahn</name>
    <description><![CDATA[Onward cable car towards Birg and the Schilthorn.]]></description>
    <styleUrl>#placemark-gray</styleUrl>
    <Point><coordinates>7.891274,46.557838,0</coordinates></Point>
    <ExtendedData xmlns:mwm="https://omaps.app">
      <Data name="spot"><value>murren</value></Data>
      <Data name="tags"><value>beginner expert natural</value></Data>
      <mwm:icon>Transport</mwm:icon>
      <mwm:visibility>1</mwm:visibility>
    </ExtendedData>
  </Placemark>
  <Placemark>
    <name>Murren: Murren Bike (450)</name>
    <description><![CDATA[26.7 km. Geometry from OpenStreetMap relation 11290329 (ODbL) - indicative only, follow the signs on the ground.]]></description>
    <styleUrl>#line-trail</styleUrl>
    <LineString><tessellate>1</tessellate>
      <coordinates>7.900161,46.573478,0 7.900543,46.574639,0 7.900215,46.575448,0 7.899810,46.575811,0 7.899221,46.575835,0 7.898673,46.576261,0 7.897092,46.576203,0 7.896894,46.576723,0 7.896466,46.577234,0 7.896467,46.577803,0 7.896250,46.577933,0 7.895712,46.577938,0 7.895549,46.578068,0 7.895086,46.579539,0 7.895262,46.581309,0 7.895679,46.581952,0 7.896305,46.582056,0 7.895530,46.583593,0 7.895640,46.583983,0 7.895443,46.584398,0 7.894678,46.584896,0 7.894496,46.585242,0 7.895505,46.585248,0 7.896040,46.585086,0 7.896342,46.584790,0 7.896497,46.584826,0 7.896404,46.585504,0 7.895957,46.586549,0 7.896222,46.587046,0 7.896675,46.587390,0 7.896583,46.588404,0 7.897826,46.589241,0 7.897807,46.589694,0 7.898681,46.589591,0 7.899099,46.590029,0 7.898771,46.590505,0 7.897519,46.591584,0 7.896920,46.592408,0 7.897157,46.593202,0 7.896939,46.594107,0 7.895751,46.594823,0 7.894760,46.595176,0 7.894762,46.595584,0 7.894496,46.595858,0 7.894236,46.596569,0 7.894574,46.597411,0 7.895196,46.598140,0 7.895065,46.599411,0 7.894734,46.600524,0 7.895490,46.602066,0 7.895507,46.603318,0 7.895215,46.604065,0 7.895439,46.605005,0 7.895279,46.605273,0 7.895448,46.605755,0 7.895232,46.606494,0 7.895359,46.607358,0 7.895158,46.607849,0 7.895585,46.607409,0 7.895787,46.606544,0 7.896304,46.605866,0 7.896396,46.605386,0 7.896709,46.605139,0 7.897341,46.603693,0 7.898562,46.602373,0 7.898985,46.600751,0 7.899005,46.599886,0 7.899144,46.599678,0 7.899842,46.599292,0 7.899977,46.598957,0 7.900144,46.599014,0 7.900066,46.599705,0 7.900410,46.600066,0 7.900659,46.600748,0 7.900531,46.601231,0 7.900167,46.601576,0 7.900478,46.601546,0 7.901721,46.600889,0 7.901986,46.600542,0 7.902276,46.598988,0 7.902463,46.599061,0 7.902764,46.600069,0 7.902822,46.601156,0 7.901474,46.602474,0 7.901358,46.604247,0 7.901617,46.605778,0 7.902475,46.603822,0 7.902711,46.603570,0 7.904292,46.602976,0 7.904602,46.602694,0 7.904670,46.601754,0 7.905345,46.600839,0 7.905761,46.599229,0 7.906328,46.598538,0 7.906865,46.598495,0 7.907029,46.597863,0 7.907468,46.597718,0 7.907612,46.597042,0 7.907468,46.594751,0 7.907255,46.593813,0 7.907535,46.592113,0 7.907329,46.591057,0 7.907955,46.589871,0 7.908178,46.589050,0 7.908115,46.588665,0 7.909207,46.587498,0 7.910562,46.583976,0 7.910516,46.581737,0 7.909223,46.579320,0 7.908472,46.576527,0 7.906953,46.574114,0 7.906661,46.572900,0 7.906550,46.570831,0 7.906851,46.568649,0 7.906784,46.567078,0 7.906113,46.566105,0 7.905722,46.564966,0 7.905566,46.563586,0 7.905216,46.562582,0 7.904832,46.562196,0 7.905236,46.561997,0 7.904834,46.559798,0 7.903696,46.556183,0 7.902906,46.554915,0 7.902116,46.553210,0 7.902099,46.552258,0 7.901466,46.549343,0 7.901485,46.548480,0 7.901950,46.547429,0 7.902190,46.546190,0 7.902792,46.544955,0 7.901859,46.544108,0 7.901848,46.543784,0 7.902254,46.543602,0 7.903250,46.543639,0 7.903943,46.543244,0 7.904448,46.542630,0 7.904335,46.542551,0 7.903896,46.542624,0 7.903032,46.542309,0 7.902351,46.541787,0 7.901795,46.541815,0 7.901679,46.541716,0 7.902446,46.541624,0 7.903058,46.541787,0 7.903106,46.541668,0 7.902362,46.541484,0 7.903192,46.541388,0 7.903413,46.541527,0 7.903446,46.541994,0 7.903880,46.542078,0 7.904036,46.541683,0 7.904801,46.541474,0 7.905488,46.540796,0 7.905557,46.540565,0 7.904987,46.540092,0 7.904734,46.539191,0 7.904705,46.538286,0 7.904909,46.537769,0 7.905641,46.537231,0 7.905646,46.536443,0 7.904621,46.536367,0 7.904595,46.537201,0 7.904069,46.537436,0 7.903757,46.537374,0 7.902827,46.539143,0 7.902072,46.539912,0 7.901612,46.539880,0 7.899578,46.540154,0 7.898851,46.540341,0 7.897825,46.540902,0 7.895778,46.540269,0 7.895281,46.539886,0 7.893562,46.539919,0 7.893554,46.540441,0 7.892684,46.540652,0 7.892175,46.541025,0 7.891455,46.541010,0 7.891327,46.541211,0 7.889989,46.541423,0 7.889106,46.541428,0 7.888687,46.541215,0 7.888557,46.541300,0 7.888558,46.541499,0 7.889411,46.541837,0 7.892632,46.542333,0 7.893074,46.542285,0 7.894040,46.542420,0 7.894680,46.542929,0 7.895053,46.543623,0 7.895937,46.544462,0 7.896189,46.545829,0 7.895445,46.546642,0 7.895149,46.546529,0 7.894620,46.545709,0 7.893986,46.545100,0 7.893425,46.544633,0 7.892933,46.544454,0 7.892310,46.544452,0 7.891150,46.544220,0 7.889537,46.544425,0 7.888718,46.544349,0 7.886961,46.544505,0 7.888484,46.544859,0 7.888012,46.544916,0 7.888446,46.545118,0 7.889794,46.546179,0 7.890238,46.546714,0 7.891255,46.547529,0 7.891888,46.548908,0 7.892048,46.549748,0 7.891906,46.550006,0 7.892121,46.550419,0 7.891841,46.550784,0 7.891401,46.550828,0 7.891343,46.550931,0 7.891942,46.551357,0 7.892021,46.551910,0 7.891884,46.552394,0 7.892724,46.553640,0 7.892887,46.554738,0 7.893246,46.555114,0 7.893127,46.555159,0 7.892319,46.554472,0 7.891563,46.553435,0 7.891430,46.553422,0 7.891967,46.555278,0 7.892338,46.555987,0 7.892277,46.556256,0 7.891893,46.556653,0 7.892103,46.557116,0 7.892983,46.557580,0 7.893508,46.558174,0 7.893366,46.558398,0 7.892532,46.558562,0 7.892480,46.558662,0 7.894274,46.559479,0 7.894775,46.559988,0 7.892958,46.559602,0 7.892641,46.559440,0 7.890136,46.559987,0 7.889962,46.560134,0 7.889808,46.559888,0 7.889645,46.559877,0 7.889274,46.560080,0 7.888816,46.560086,0 7.888610,46.560458,0 7.888044,46.560456,0 7.887697,46.560680,0 7.887288,46.560701,0 7.887101,46.560951,0 7.886349,46.561266,0 7.886153,46.561529,0 7.885415,46.561500,0 7.884791,46.562009,0 7.881925,46.563089,0 7.880388,46.563007,0 7.880029,46.563280,0 7.879851,46.563641,0 7.879865,46.563858,0 7.880084,46.564035,0 7.881829,46.564483,0 7.882890,46.564503,0 7.884350,46.564275,0 7.884842,46.564310,0 7.884447,46.564419,0 7.884046,46.564713,0 7.884330,46.565115,0 7.884156,46.565415,0 7.883709,46.565697,0 7.883791,46.566050,0 7.884287,46.566500,0 7.885080,46.566591,0 7.888005,46.567802,0 7.889985,46.568975,0 7.890231,46.569744,0 7.890732,46.569994,0 7.891127,46.570719,0 7.891520,46.570968,0 7.891889,46.571596,0 7.891841,46.572386,0 7.890975,46.573341,0 7.891459,46.573399,0 7.891718,46.573636,0 7.892124,46.573759,0 7.893181,46.573668,0 7.894232,46.572567,0 7.895092,46.572359,0 7.895608,46.571916,0 7.895886,46.571896,0 7.896209,46.572201,0 7.896258,46.573138,0 7.896682,46.574224,0 7.897133,46.574697,0 7.898199,46.575052,0 7.899221,46.575033,0 7.899578,46.574744,0 7.899624,46.575141,0 7.899089,46.575410,0 7.899522,46.575701,0 7.899913,46.575744,0</coordinates>
    </LineString>
    <ExtendedData>
      <Data name="spot"><value>murren</value></Data>
      <Data name="tags"><value>beginner expert natural</value></Data>
    </ExtendedData>
  </Placemark>
  <Placemark>
    <name>Grindelwald - First [Firstbahn, price unverified]</name>
    <description><![CDATA[<b>First 2168 m - top of the Firstbahn</b><br/><br/><b>Trails</b><br/>15 km and 1100 m of descent from First back to Grindelwald on natural paths and tracks, under the north face of the Eiger the whole way. Not a built bike park - this is a big mountain descent with a gondola instead of a climb, and it splits naturally at Bort if you want a shorter day.<br/><br/><b>Getting up / price</b><br/>Firstbahn gondola. Bike carriage and the exact 2026 fare are not confirmed here - check jungfrau.ch. Adventure packages bundling unlimited gondola use with activities are usually the better value if you are staying.<br/><br/><b>Open season</b><br/>Open from 15 June; closed from 26 October (typical window; check the operator and conditions).<br/>Daily opening hours: 08:00-17:30<br/><small>Typical daily estimate; check the operator schedule.</small><br/><br/><b>Access</b><table class="access"><tr><th>From</th><th>Transport</th><th>Duration</th></tr><tr><td>Lausanne</td><td>Train</td><td>~3h00</td></tr></table><br/><i>Source: <a href="https://www.jungfrau.ch/en-gb/grindelwaldfirst/">Grindelwald-First</a>. Prices, schedules, trail status and access can change; verify before travel.</i>]]></description>
    <styleUrl>#placemark-green</styleUrl>
    <Point><coordinates>8.052960,46.661377,0</coordinates></Point>
    <ExtendedData xmlns:mwm="https://omaps.app">
      <Data name="spot"><value>grindelwald</value></Data>
      <Data name="tags"><value>beginner expert natural</value></Data>
      <Data name="open_from"><value>06-15</value></Data>
      <Data name="closed_from"><value>10-26</value></Data>
      <mwm:icon>Mountain</mwm:icon>
      <mwm:visibility>1</mwm:visibility>
    </ExtendedData>
  </Placemark>
  <Placemark>
    <name>Grindelwald: Bort</name>
    <description><![CDATA[Mid station. The short Bort-to-village descent is the easy option if the full 1100 m looks like too much.]]></description>
    <styleUrl>#placemark-gray</styleUrl>
    <Point><coordinates>8.051765,46.646756,0</coordinates></Point>
    <ExtendedData xmlns:mwm="https://omaps.app">
      <Data name="spot"><value>grindelwald</value></Data>
      <Data name="tags"><value>beginner expert natural</value></Data>
      <mwm:icon>Transport</mwm:icon>
      <mwm:visibility>1</mwm:visibility>
    </ExtendedData>
  </Placemark>
  <Placemark>
    <name>Grindelwald: Firstbahn valley station</name>
    <description><![CDATA[In the village, a few minutes from Grindelwald Terminal and the trains.]]></description>
    <styleUrl>#placemark-gray</styleUrl>
    <Point><coordinates>8.041783,46.625023,0</coordinates></Point>
    <ExtendedData xmlns:mwm="https://omaps.app">
      <Data name="spot"><value>grindelwald</value></Data>
      <Data name="tags"><value>beginner expert natural</value></Data>
      <mwm:icon>Transport</mwm:icon>
      <mwm:visibility>1</mwm:visibility>
    </ExtendedData>
  </Placemark>
  <Placemark>
    <name>Andermatt - Gemsstock / Gutsch [bike pass, price unverified]</name>
    <description><![CDATA[<b>Gutsch 2344 m - top of the Gutsch-Express</b><br/><br/><b>Trails</b><br/>High, bare and properly alpine - the SkiArena runs from the Gemsstock at nearly 3000 m across the Oberalp to Sedrun. The riding here is route-based rather than park-based: Oberalp Bike (205) is the classic loop over the pass, and Cavorgia Bike (207) carries on towards Sedrun. Add the Gottardo Bike and Furka Bike stages and you have a week of it. Little shelter and a short season: it can snow in August.<br/><br/><b>Getting up / price</b><br/>Andermatt+Sedrun+Disentis sells summer bike and hiking day passes; check andermatt-sedrun-disentis.ch for price. Their half-price card covers summer bike day passes as well as winter skiing if you go more than once.<br/><br/><b>Open season</b><br/>Open from 27 June; closed from 5 October (typical window; check the operator and conditions).<br/><br/><b>Access</b><table class="access"><tr><th>From</th><th>Transport</th><th>Duration</th></tr><tr><td>Lausanne</td><td>Train</td><td>~4h15</td></tr></table><br/><i>Source: <a href="https://www.andermatt-sedrun-disentis.ch/en/stories/bike">Andermatt</a>. Prices, schedules, trail status and access can change; verify before travel.</i>]]></description>
    <styleUrl>#placemark-green</styleUrl>
    <Point><coordinates>8.621960,46.656424,0</coordinates></Point>
    <ExtendedData xmlns:mwm="https://omaps.app">
      <Data name="spot"><value>andermatt</value></Data>
      <Data name="tags"><value>beginner expert natural</value></Data>
      <Data name="open_from"><value>06-27</value></Data>
      <Data name="closed_from"><value>10-05</value></Data>
      <mwm:icon>Mountain</mwm:icon>
      <mwm:visibility>1</mwm:visibility>
    </ExtendedData>
  </Placemark>
  <Placemark>
    <name>Andermatt: Gemsstock</name>
    <description><![CDATA[The high cable car, 2961 m. Bike carriage is not a given up here - ask before you queue.]]></description>
    <styleUrl>#placemark-gray</styleUrl>
    <Point><coordinates>8.611604,46.602310,0</coordinates></Point>
    <ExtendedData xmlns:mwm="https://omaps.app">
      <Data name="spot"><value>andermatt</value></Data>
      <Data name="tags"><value>beginner expert natural</value></Data>
      <mwm:icon>Transport</mwm:icon>
      <mwm:visibility>1</mwm:visibility>
    </ExtendedData>
  </Placemark>
  <Placemark>
    <name>Andermatt: railway station</name>
    <description><![CDATA[Matterhorn Gotthard Bahn and the Glacier Express. The Gutsch-Express valley station is a few minutes away.]]></description>
    <styleUrl>#placemark-gray</styleUrl>
    <Point><coordinates>8.593329,46.636840,0</coordinates></Point>
    <ExtendedData xmlns:mwm="https://omaps.app">
      <Data name="spot"><value>andermatt</value></Data>
      <Data name="tags"><value>beginner expert natural</value></Data>
      <mwm:icon>Transport</mwm:icon>
      <mwm:visibility>1</mwm:visibility>
    </ExtendedData>
  </Placemark>
  <Placemark>
    <name>Andermatt: Oberalp Bike (205)</name>
    <description><![CDATA[29.4 km. Geometry from OpenStreetMap relation 4254204 (ODbL) - indicative only, follow the signs on the ground.]]></description>
    <styleUrl>#line-trail</styleUrl>
    <LineString><tessellate>1</tessellate>
      <coordinates>8.671338,46.659829,0 8.671105,46.658965,0 8.671310,46.658595,0 8.673267,46.658314,0 8.674100,46.657194,0 8.676388,46.656360,0 8.677033,46.655918,0 8.677140,46.655611,0 8.676598,46.654972,0 8.676626,46.654753,0 8.677491,46.654561,0 8.678133,46.654279,0 8.679376,46.653367,0 8.679209,46.653290,0 8.678154,46.653835,0 8.677996,46.653805,0 8.678028,46.653696,0 8.679944,46.652740,0 8.681688,46.652291,0 8.681595,46.652168,0 8.680882,46.652316,0 8.679512,46.652182,0 8.679458,46.652044,0 8.681078,46.651900,0 8.684086,46.651152,0 8.684010,46.651027,0 8.683015,46.650902,0 8.681147,46.651044,0 8.681066,46.650904,0 8.683917,46.650161,0 8.685631,46.650268,0 8.685622,46.650137,0 8.684959,46.650135,0 8.683529,46.649849,0 8.683548,46.649657,0 8.684220,46.649811,0 8.686100,46.649768,0 8.687517,46.649977,0 8.687534,46.649849,0 8.686514,46.649616,0 8.686163,46.649362,0 8.686376,46.648754,0 8.686664,46.648589,0 8.686970,46.648623,0 8.687900,46.649205,0 8.691363,46.649029,0 8.693106,46.649329,0 8.693243,46.649456,0 8.693132,46.649911,0 8.693262,46.650122,0 8.695733,46.650866,0 8.696249,46.652018,0 8.698315,46.653408,0 8.699726,46.653832,0 8.700902,46.653843,0 8.702073,46.654624,0 8.703829,46.654823,0 8.706362,46.654893,0 8.708609,46.655182,0 8.710332,46.656042,0 8.711078,46.656223,0 8.711332,46.656433,0 8.711749,46.656506,0 8.711705,46.656336,0 8.711925,46.656549,0 8.713035,46.656867,0 8.712896,46.655970,0 8.713148,46.655738,0 8.713084,46.655366,0 8.713435,46.655370,0 8.713591,46.654964,0 8.714372,46.654766,0 8.715471,46.656386,0 8.719785,46.658746,0 8.720095,46.659167,0 8.720250,46.659010,0 8.720832,46.659040,0 8.721939,46.659725,0 8.722564,46.659753,0 8.723118,46.659920,0 8.723543,46.659830,0 8.723921,46.659528,0 8.724884,46.659650,0 8.725926,46.659470,0 8.726914,46.659533,0 8.728313,46.659977,0 8.728998,46.660544,0 8.730312,46.661246,0 8.733089,46.661821,0 8.733748,46.661851,0 8.735353,46.662255,0 8.736076,46.662088,0 8.736189,46.662516,0 8.736836,46.662461,0 8.737202,46.662650,0 8.737939,46.662623,0 8.739240,46.662792,0 8.739567,46.662713,0 8.739877,46.663165,0 8.740960,46.663413,0 8.741525,46.663424,0 8.742753,46.663836,0 8.744241,46.664140,0 8.744775,46.664120,0 8.744933,46.664551,0 8.746077,46.665359,0 8.746570,46.665515,0 8.746871,46.665895,0 8.748731,46.667086,0 8.749123,46.667740,0 8.749507,46.668068,0 8.750583,46.668659,0 8.752040,46.669170,0 8.753194,46.669995,0 8.753500,46.670611,0 8.754542,46.671059,0 8.755173,46.671492,0 8.758557,46.672710,0 8.762569,46.673748,0 8.764925,46.674007,0 8.765188,46.674181,0 8.765824,46.674089,0 8.766885,46.674178,0 8.767566,46.674502,0 8.768417,46.674554,0 8.773374,46.674639,0 8.775609,46.674489,0 8.779596,46.674962,0 8.780394,46.674795,0 8.780452,46.674295,0 8.780727,46.674218,0 8.780950,46.673876,0 8.781976,46.673658,0 8.782090,46.673814,0 8.781162,46.674582,0 8.781325,46.674932,0 8.780084,46.675375,0 8.782000,46.675446,0 8.782506,46.675667,0 8.782677,46.675931,0 8.780775,46.676869,0 8.779610,46.678863,0 8.777644,46.680315,0 8.777592,46.680732,0 8.778293,46.681262,0 8.778329,46.681494,0 8.777614,46.681408,0 8.776736,46.681075,0 8.776183,46.681191,0 8.775222,46.681120,0 8.774604,46.681304,0 8.773805,46.681182,0 8.773144,46.681872,0 8.772711,46.682029,0 8.772215,46.682436,0 8.771391,46.682673,0 8.770987,46.683210,0 8.770367,46.683687,0 8.769796,46.683915,0 8.769408,46.683931,0 8.768748,46.685096,0 8.768861,46.685565,0 8.768616,46.685810,0 8.768648,46.686045,0 8.768992,46.686351,0 8.768843,46.686620,0 8.769067,46.686943,0 8.768736,46.686954,0 8.768208,46.687415,0 8.768240,46.687215,0 8.768111,46.687168,0 8.767080,46.687849,0 8.766902,46.687785,0 8.766741,46.687384,0 8.765970,46.688444,0 8.765249,46.690299,0 8.765226,46.690920,0 8.764935,46.691262,0 8.764926,46.691773,0 8.764553,46.691743,0 8.764224,46.691930,0 8.764099,46.692382,0 8.763726,46.692812,0 8.763320,46.692903,0 8.763033,46.692750,0 8.763069,46.692352,0 8.762394,46.691411,0 8.762321,46.691524,0 8.762028,46.688596,0 8.761161,46.686762,0 8.760592,46.686130,0 8.759917,46.685977,0 8.759373,46.685556,0 8.757713,46.685027,0 8.756840,46.684907,0 8.756470,46.685026,0 8.755255,46.685098,0 8.753815,46.685832,0 8.753063,46.685925,0 8.753248,46.685965,0 8.752678,46.686048,0 8.751989,46.685964,0 8.751401,46.686087,0 8.750151,46.685376,0 8.750038,46.685159,0 8.750621,46.684773,0 8.751350,46.683963,0 8.750799,46.683022,0 8.749006,46.681769,0 8.748520,46.681699,0 8.747153,46.681079,0 8.746353,46.681153,0 8.744914,46.681714,0 8.743403,46.681928,0 8.742069,46.682366,0 8.741418,46.682315,0 8.740563,46.682736,0 8.740452,46.682639,0 8.740888,46.682146,0 8.741015,46.681709,0 8.742446,46.680130,0 8.742674,46.679337,0 8.742275,46.679369,0 8.742118,46.679115,0 8.740577,46.679389,0 8.739446,46.679431,0 8.740045,46.678256,0 8.739409,46.677654,0 8.738354,46.678069,0 8.737743,46.677226,0 8.737759,46.677515,0 8.736314,46.676879,0 8.736356,46.677150,0 8.735080,46.676528,0 8.734152,46.676286,0 8.733377,46.676232,0 8.733891,46.676570,0 8.734672,46.677457,0 8.733579,46.677067,0 8.733925,46.677533,0 8.733433,46.677396,0 8.733372,46.677508,0 8.733755,46.677924,0 8.733233,46.678088,0 8.732547,46.677945,0 8.729396,46.676689,0 8.728723,46.676611,0 8.728516,46.676469,0 8.727895,46.676450,0 8.727261,46.676585,0 8.725331,46.675912,0 8.724682,46.675841,0 8.723741,46.675394,0 8.720901,46.675189,0 8.719974,46.674954,0 8.719922,46.674565,0 8.720102,46.674421,0 8.721334,46.673707,0 8.723260,46.672917,0 8.722115,46.672801,0 8.720204,46.672928,0 8.719293,46.672360,0 8.718896,46.672245,0 8.718476,46.672264,0 8.716267,46.671822,0 8.717158,46.670668,0 8.717255,46.670040,0 8.718504,46.669017,0 8.718944,46.668218,0 8.718603,46.667374,0 8.718472,46.667375,0 8.718263,46.667063,0 8.718246,46.666703,0 8.717672,46.666216,0 8.717699,46.665730,0 8.716431,46.665658,0 8.715380,46.664650,0 8.714505,46.665229,0 8.714858,46.666057,0 8.714892,46.666573,0 8.714385,46.666797,0 8.714111,46.666700,0 8.713789,46.666311,0 8.713418,46.666550,0 8.712970,46.665844,0 8.712693,46.665748,0 8.712389,46.664707,0 8.711418,46.664897,0 8.710228,46.664655,0 8.710695,46.664965,0 8.710865,46.665348,0 8.710774,46.665529,0 8.710515,46.665606,0 8.709519,46.665060,0 8.707825,46.664720,0 8.706096,46.664149,0 8.705252,46.664055,0 8.704808,46.663862,0 8.703896,46.663891,0 8.703302,46.664060,0 8.701493,46.664270,0 8.701147,46.664545,0 8.699834,46.664429,0 8.698506,46.664682,0 8.698087,46.664673,0 8.698291,46.664466,0 8.697812,46.664513,0 8.697916,46.664307,0 8.697696,46.664324,0 8.697651,46.664217,0 8.696482,46.664666,0 8.696328,46.664877,0 8.696186,46.664619,0 8.695997,46.664911,0 8.697096,46.665893,0 8.697185,46.666133,0 8.695677,46.666183,0 8.694963,46.666636,0 8.694539,46.666607,0 8.693610,46.667244,0 8.693113,46.667860,0 8.691655,46.668588,0 8.691181,46.669134,0 8.689718,46.670183,0 8.688700,46.670388,0 8.686706,46.668675,0 8.686419,46.668142,0 8.684960,46.666404,0 8.685009,46.666160,0 8.684517,46.665755,0 8.683290,46.665126,0 8.681331,46.664834,0 8.681746,46.664494,0 8.681671,46.664309,0 8.679819,46.663157,0 8.677474,46.663061,0 8.675890,46.662617,0 8.673806,46.661581,0 8.673293,46.661125,0 8.672816,46.660308,0 8.672394,46.660927,0 8.672147,46.661809,0 8.671884,46.661860,0 8.671865,46.660245,0 8.671565,46.659967,0 8.671274,46.659967,0 8.671338,46.659829,0</coordinates>
    </LineString>
    <ExtendedData>
      <Data name="spot"><value>andermatt</value></Data>
      <Data name="tags"><value>beginner expert natural</value></Data>
    </ExtendedData>
  </Placemark>
  <Placemark>
    <name>Andermatt: Cavorgia Bike (207)</name>
    <description><![CDATA[18.6 km. Geometry from OpenStreetMap relation 4255015 (ODbL) - indicative only, follow the signs on the ground.]]></description>
    <styleUrl>#line-trail</styleUrl>
    <LineString><tessellate>1</tessellate>
      <coordinates>8.773710,46.679589,0 8.775066,46.680158,0 8.776736,46.681075,0 8.777614,46.681408,0 8.778329,46.681494,0 8.778293,46.681262,0 8.777592,46.680732,0 8.777644,46.680315,0 8.779610,46.678863,0 8.780775,46.676869,0 8.782677,46.675931,0 8.782506,46.675667,0 8.782000,46.675446,0 8.780084,46.675375,0 8.781325,46.674932,0 8.781162,46.674582,0 8.781721,46.674228,0 8.782080,46.673702,0 8.781011,46.673846,0 8.780727,46.674218,0 8.780452,46.674295,0 8.780462,46.673936,0 8.782754,46.672569,0 8.782949,46.671676,0 8.781520,46.670690,0 8.780701,46.670288,0 8.779939,46.669554,0 8.779554,46.668682,0 8.777868,46.668087,0 8.777518,46.667766,0 8.777424,46.666946,0 8.777654,46.666384,0 8.777321,46.665837,0 8.777290,46.664926,0 8.776724,46.664145,0 8.776768,46.663655,0 8.775888,46.663117,0 8.775928,46.662931,0 8.776787,46.662941,0 8.777552,46.663156,0 8.777845,46.663409,0 8.777904,46.663733,0 8.778745,46.663967,0 8.778943,46.664410,0 8.779633,46.665033,0 8.779835,46.665478,0 8.780864,46.665790,0 8.781614,46.666272,0 8.782563,46.666412,0 8.782818,46.666827,0 8.783697,46.667239,0 8.783853,46.667693,0 8.784249,46.668025,0 8.784845,46.668216,0 8.787132,46.669523,0 8.788352,46.669931,0 8.788958,46.670284,0 8.789382,46.670349,0 8.790465,46.670204,0 8.791894,46.670642,0 8.792931,46.670547,0 8.795332,46.671222,0 8.796023,46.671600,0 8.797040,46.671576,0 8.799275,46.671833,0 8.802497,46.672772,0 8.803129,46.672512,0 8.803473,46.672082,0 8.803418,46.671829,0 8.803836,46.670998,0 8.803894,46.670177,0 8.803578,46.669432,0 8.803769,46.669281,0 8.804341,46.669713,0 8.805205,46.671732,0 8.807980,46.672233,0 8.810019,46.671817,0 8.810661,46.671942,0 8.812541,46.671995,0 8.813542,46.672230,0 8.816078,46.672502,0 8.818450,46.672292,0 8.819688,46.671884,0 8.826364,46.672129,0 8.828059,46.671849,0 8.827847,46.670967,0 8.827963,46.670856,0 8.828375,46.671140,0 8.829080,46.671337,0 8.830431,46.671244,0 8.831083,46.671856,0 8.831071,46.672425,0 8.833089,46.673347,0 8.834570,46.673563,0 8.836385,46.674118,0 8.836790,46.674140,0 8.837147,46.673996,0 8.837491,46.674360,0 8.837583,46.675618,0 8.838038,46.676822,0 8.838543,46.677514,0 8.839878,46.678314,0 8.840732,46.678444,0 8.843148,46.679472,0 8.843763,46.680662,0 8.844855,46.681319,0 8.845692,46.682140,0 8.846463,46.682281,0 8.846941,46.682583,0 8.847389,46.682659,0 8.849674,46.682440,0 8.850319,46.681998,0 8.850726,46.682184,0 8.850727,46.682511,0 8.849178,46.683239,0 8.849096,46.683585,0 8.848518,46.683925,0 8.847498,46.683935,0 8.846859,46.684076,0 8.845631,46.683786,0 8.844758,46.683935,0 8.845496,46.684155,0 8.846756,46.685000,0 8.847226,46.685113,0 8.846225,46.686020,0 8.846993,46.687224,0 8.847727,46.687643,0 8.847523,46.687881,0 8.846361,46.687889,0 8.845915,46.687762,0 8.844620,46.686729,0 8.843834,46.685487,0 8.843085,46.684951,0 8.842944,46.684618,0 8.841655,46.683355,0 8.840555,46.682002,0 8.839685,46.681772,0 8.838719,46.681145,0 8.838689,46.681265,0 8.838327,46.681289,0 8.838246,46.681131,0 8.836999,46.680456,0 8.836126,46.679618,0 8.833727,46.678730,0 8.833169,46.678273,0 8.832248,46.677873,0 8.831103,46.678031,0 8.829837,46.677721,0 8.829022,46.677309,0 8.828286,46.677193,0 8.828494,46.677946,0 8.827967,46.678655,0 8.827764,46.677770,0 8.827580,46.677616,0 8.827189,46.677756,0 8.827065,46.677594,0 8.826617,46.678027,0 8.825596,46.677838,0 8.824526,46.677423,0 8.823063,46.677818,0 8.822889,46.677718,0 8.819576,46.677633,0 8.816881,46.678075,0 8.815423,46.677664,0 8.814763,46.677679,0 8.813046,46.677358,0 8.812639,46.677441,0 8.812105,46.677383,0 8.811567,46.677074,0 8.810546,46.676828,0 8.809900,46.676800,0 8.809434,46.676914,0 8.808737,46.676544,0 8.807032,46.676259,0 8.806090,46.675810,0 8.805010,46.675632,0 8.803966,46.675195,0 8.803471,46.674794,0 8.802894,46.674702,0 8.800829,46.675506,0 8.799292,46.675707,0 8.798425,46.675478,0 8.797606,46.675479,0 8.796880,46.675701,0 8.795995,46.675758,0 8.795204,46.675616,0 8.794816,46.675387,0 8.793531,46.675842,0 8.793188,46.675892,0 8.792851,46.675781,0 8.792020,46.675940,0 8.791296,46.675786,0 8.790491,46.675797,0 8.789122,46.675355,0 8.787715,46.675496,0 8.786864,46.675250,0 8.786606,46.675408,0 8.786713,46.675868,0 8.787423,46.676177,0 8.788211,46.676264,0 8.788878,46.676649,0 8.788884,46.676811,0 8.788683,46.676898,0 8.786546,46.676557,0 8.785557,46.676611,0 8.782677,46.675931,0</coordinates>
    </LineString>
    <ExtendedData>
      <Data name="spot"><value>andermatt</value></Data>
      <Data name="tags"><value>beginner expert natural</value></Data>
    </ExtendedData>
  </Placemark>
  <Placemark>
    <name>Andermatt: Cavorgia Bike (207) (part 2)</name>
    <description><![CDATA[7.9 km. Geometry from OpenStreetMap relation 4255015 (ODbL) - indicative only, follow the signs on the ground.]]></description>
    <styleUrl>#line-trail</styleUrl>
    <LineString><tessellate>1</tessellate>
      <coordinates>8.778329,46.681494,0 8.780000,46.681570,0 8.780186,46.681772,0 8.780653,46.681842,0 8.781109,46.681835,0 8.781790,46.681609,0 8.782784,46.681729,0 8.783059,46.682486,0 8.783891,46.682907,0 8.784387,46.683021,0 8.784885,46.682986,0 8.785517,46.682722,0 8.785577,46.682198,0 8.785763,46.682100,0 8.787897,46.682323,0 8.790575,46.682350,0 8.793280,46.682882,0 8.797316,46.682844,0 8.798681,46.683348,0 8.800195,46.683190,0 8.801275,46.683284,0 8.802119,46.683650,0 8.802756,46.683783,0 8.802111,46.683805,0 8.801210,46.683606,0 8.800639,46.683724,0 8.800277,46.683673,0 8.799688,46.683965,0 8.799376,46.683927,0 8.798357,46.684250,0 8.797913,46.683987,0 8.797395,46.683970,0 8.796293,46.684343,0 8.794427,46.684445,0 8.793729,46.684690,0 8.793306,46.684712,0 8.792986,46.684930,0 8.792473,46.684890,0 8.792084,46.685039,0 8.791662,46.685035,0 8.791231,46.685255,0 8.790209,46.685244,0 8.789602,46.685445,0 8.789508,46.685762,0 8.788411,46.686507,0 8.788287,46.686768,0 8.788502,46.686986,0 8.789910,46.687522,0 8.789911,46.687884,0 8.790244,46.688384,0 8.791332,46.689168,0 8.791343,46.689394,0 8.790260,46.689520,0 8.787837,46.689439,0 8.785244,46.690221,0 8.784686,46.689995,0 8.783525,46.689936,0 8.783202,46.689789,0 8.782964,46.689975,0 8.782509,46.689969,0 8.782371,46.690094,0 8.781920,46.689983,0 8.781638,46.689898,0 8.781248,46.689508,0 8.780826,46.689362,0 8.780470,46.688628,0 8.780567,46.688355,0 8.778940,46.688767,0 8.779932,46.687120,0 8.780696,46.686548,0 8.778900,46.686999,0 8.777580,46.687518,0 8.778099,46.686302,0 8.778524,46.686176,0 8.777811,46.686064,0 8.777097,46.686489,0 8.774403,46.686762,0 8.773535,46.687252,0 8.773438,46.687145,0 8.773836,46.686436,0 8.774907,46.685140,0 8.773703,46.685510,0 8.773147,46.684794,0 8.771975,46.685967,0 8.771877,46.685891,0 8.772127,46.685468,0 8.771969,46.684698,0 8.772117,46.684319,0 8.771903,46.684373,0 8.771666,46.684967,0 8.771485,46.685078,0 8.770997,46.685083,0 8.771088,46.684844,0 8.769885,46.684324,0 8.769617,46.684322,0 8.769267,46.684681,0 8.769083,46.684624,0 8.769408,46.683931,0 8.769796,46.683915,0 8.770367,46.683687,0 8.770987,46.683210,0 8.771391,46.682673,0 8.772215,46.682436,0 8.772711,46.682029,0 8.773144,46.681872,0 8.773805,46.681182,0 8.774604,46.681304,0 8.775222,46.681120,0 8.776183,46.681191,0 8.776736,46.681075,0</coordinates>
    </LineString>
    <ExtendedData>
      <Data name="spot"><value>andermatt</value></Data>
      <Data name="tags"><value>beginner expert natural</value></Data>
    </ExtendedData>
  </Placemark>
  <Placemark>
    <name>Aletsch Arena - Riederalp / Bettmeralp / Fiescheralp [cable cars, price unverified]</name>
    <description><![CDATA[<b>Bettmeralp - car-free village above the Rhone</b><br/><br/><b>Trails</b><br/>A high sunny terrace above the Rhone valley, looking straight at the Aletsch glacier. The Flowtrail Wurzenbord is the built one; otherwise this is big-view touring, linking Riederalp, Bettmeralp and Martisberg, or pushing on from Fiescheralp to the Marjela. Not steep-and-gnarly country, but among the best scenery on this map, and easy to reach from Brig.<br/><br/><b>Getting up / price</b><br/>Three separate cable cars from the valley floor - Morel to Riederalp, Betten to Bettmeralp, Fiesch to Fiescheralp - all run all year because the villages are car-free and have no road. Bike carriage is normal here; check aletscharena.ch for bike fare before travelling.<br/><br/><b>Open season</b><br/>Open from 15 June; closed from 19 October (typical window; check the operator and conditions).<br/>Daily opening hours: 08:30-17:00<br/><small>Typical daily estimate; check the operator schedule.</small><br/><br/><b>Access</b><table class="access"><tr><th>From</th><th>Transport</th><th>Duration</th></tr><tr><td>Lausanne</td><td>Train</td><td>~2h15</td></tr></table><br/><i>Source: <a href="https://www.aletscharena.ch/en/activities/biking">Aletsch Arena</a>. Prices, schedules, trail status and access can change; verify before travel.</i>]]></description>
    <styleUrl>#placemark-green</styleUrl>
    <Point><coordinates>8.067003,46.391337,0</coordinates></Point>
    <ExtendedData xmlns:mwm="https://omaps.app">
      <Data name="spot"><value>aletsch</value></Data>
      <Data name="tags"><value>beginner expert natural</value></Data>
      <Data name="open_from"><value>06-15</value></Data>
      <Data name="closed_from"><value>10-19</value></Data>
      <mwm:icon>Mountain</mwm:icon>
      <mwm:visibility>1</mwm:visibility>
    </ExtendedData>
  </Placemark>
  <Placemark>
    <name>Aletsch: Riederalp-Mitte</name>
    <description><![CDATA[Cable car up from Morel, twelve minutes from Brig by train.]]></description>
    <styleUrl>#placemark-gray</styleUrl>
    <Point><coordinates>8.033288,46.377876,0</coordinates></Point>
    <ExtendedData xmlns:mwm="https://omaps.app">
      <Data name="spot"><value>aletsch</value></Data>
      <Data name="tags"><value>beginner expert natural</value></Data>
      <mwm:icon>Transport</mwm:icon>
      <mwm:visibility>1</mwm:visibility>
    </ExtendedData>
  </Placemark>
  <Placemark>
    <name>Aletsch: Fiescheralp</name>
    <description><![CDATA[Cable car from Fiesch, and the gateway to the Marjela and the Aletsch glacier viewpoints.]]></description>
    <styleUrl>#placemark-gray</styleUrl>
    <Point><coordinates>8.103140,46.413069,0</coordinates></Point>
    <ExtendedData xmlns:mwm="https://omaps.app">
      <Data name="spot"><value>aletsch</value></Data>
      <Data name="tags"><value>beginner expert natural</value></Data>
      <mwm:icon>Transport</mwm:icon>
      <mwm:visibility>1</mwm:visibility>
    </ExtendedData>
  </Placemark>
  <Placemark>
    <name>Aletsch: Flowtrail Wurzenbord</name>
    <description><![CDATA[2.7 km. Geometry from OpenStreetMap relation 19966641 (ODbL) - indicative only, follow the signs on the ground.]]></description>
    <styleUrl>#line-trail</styleUrl>
    <LineString><tessellate>1</tessellate>
      <coordinates>8.078911,46.396909,0 8.079812,46.397278,0 8.080584,46.397894,0 8.081419,46.398302,0 8.081191,46.397885,0 8.080865,46.397722,0 8.080731,46.397334,0 8.080218,46.396903,0 8.080511,46.396840,0 8.080260,46.396414,0 8.080098,46.396495,0 8.078626,46.395677,0 8.078152,46.395693,0 8.078060,46.395362,0 8.077974,46.395537,0 8.077837,46.395220,0 8.077081,46.394817,0 8.076962,46.394903,0 8.076182,46.394624,0 8.075668,46.394749,0 8.076074,46.394469,0 8.076683,46.394424,0 8.076060,46.394322,0 8.076276,46.394261,0 8.075982,46.394114,0 8.076339,46.393987,0 8.076075,46.393871,0 8.075105,46.394255,0 8.075626,46.393937,0 8.075570,46.393827,0 8.075101,46.393664,0 8.075139,46.393954,0 8.074902,46.393490,0 8.074910,46.393735,0 8.074775,46.393773,0 8.074326,46.393414,0 8.074678,46.393122,0 8.075227,46.392968,0 8.074946,46.392934,0 8.075092,46.392815,0 8.074869,46.392747,0 8.075203,46.392712,0 8.074132,46.392466,0 8.073837,46.392501,0 8.074290,46.392191,0 8.073985,46.392058,0 8.073946,46.391740,0 8.073564,46.391751,0 8.073760,46.391672,0 8.073493,46.391595,0 8.073088,46.391683,0 8.073106,46.391560,0 8.072298,46.391746,0 8.071966,46.391610,0 8.071531,46.391766,0 8.070921,46.391432,0 8.070246,46.391354,0 8.070434,46.391172,0 8.070152,46.391075,0 8.069458,46.391294,0 8.069070,46.391292,0 8.069106,46.391470,0 8.068924,46.391381,0 8.068934,46.391614,0 8.068591,46.391331,0 8.068377,46.391488,0 8.067804,46.391437,0 8.067716,46.391552,0</coordinates>
    </LineString>
    <ExtendedData>
      <Data name="spot"><value>aletsch</value></Data>
      <Data name="tags"><value>beginner expert natural</value></Data>
    </ExtendedData>
  </Placemark>
  <Placemark>
    <name>Aletsch: Riederalp - Bettmeralp - Martisberg</name>
    <description><![CDATA[25.1 km. Geometry from OpenStreetMap relation 8524050 (ODbL) - indicative only, follow the signs on the ground.]]></description>
    <styleUrl>#line-trail</styleUrl>
    <LineString><tessellate>1</tessellate>
      <coordinates>8.081898,46.386564,0 8.080699,46.386133,0 8.080479,46.385855,0 8.079638,46.385666,0 8.080539,46.385444,0 8.081910,46.385478,0 8.082233,46.385264,0 8.082058,46.385020,0 8.081012,46.384624,0 8.080513,46.384729,0 8.079977,46.384640,0 8.079490,46.383713,0 8.079166,46.383576,0 8.078283,46.383627,0 8.077666,46.383355,0 8.077429,46.382586,0 8.077725,46.382583,0 8.077850,46.382915,0 8.078167,46.383005,0 8.077830,46.382335,0 8.077159,46.382174,0 8.076729,46.382236,0 8.075987,46.381884,0 8.074990,46.381635,0 8.073381,46.381474,0 8.073902,46.381337,0 8.076398,46.381365,0 8.078318,46.381092,0 8.078724,46.381110,0 8.079037,46.381271,0 8.079508,46.381189,0 8.080505,46.381381,0 8.081134,46.381607,0 8.081623,46.382004,0 8.083827,46.381654,0 8.083361,46.381223,0 8.082420,46.380881,0 8.081900,46.380358,0 8.081334,46.380102,0 8.080043,46.380024,0 8.079605,46.380198,0 8.079199,46.380167,0 8.078552,46.379760,0 8.075529,46.379227,0 8.076430,46.379219,0 8.077381,46.379048,0 8.077963,46.378505,0 8.079780,46.378445,0 8.079778,46.378363,0 8.079167,46.378144,0 8.078238,46.378041,0 8.077521,46.377786,0 8.075818,46.377497,0 8.074588,46.377804,0 8.072899,46.377776,0 8.072291,46.378033,0 8.071520,46.378017,0 8.071403,46.377908,0 8.071890,46.377475,0 8.071592,46.377395,0 8.070963,46.377495,0 8.069671,46.377468,0 8.069482,46.377330,0 8.069086,46.376290,0 8.068757,46.375931,0 8.067761,46.375589,0 8.067232,46.375194,0 8.066553,46.374908,0 8.065993,46.374855,0 8.064001,46.375328,0 8.062759,46.374380,0 8.062351,46.373848,0 8.061867,46.373644,0 8.060918,46.373619,0 8.060323,46.373479,0 8.059718,46.373559,0 8.058902,46.373905,0 8.058293,46.373714,0 8.057851,46.373788,0 8.057434,46.373578,0 8.057081,46.372779,0 8.056387,46.372452,0 8.055959,46.372587,0 8.055094,46.372585,0 8.052451,46.371903,0 8.051934,46.371899,0 8.051322,46.371635,0 8.051231,46.371786,0 8.052971,46.372514,0 8.053584,46.372647,0 8.055578,46.373840,0 8.055870,46.374813,0 8.056698,46.375291,0 8.056733,46.376081,0 8.057000,46.376499,0 8.057900,46.376879,0 8.059240,46.377778,0 8.060808,46.379404,0 8.062672,46.380206,0 8.060740,46.380067,0 8.058510,46.379378,0 8.057255,46.378810,0 8.055924,46.378014,0 8.055357,46.377501,0 8.053116,46.376688,0 8.050998,46.375070,0 8.049417,46.375450,0 8.047505,46.375307,0 8.048620,46.375689,0 8.050613,46.376079,0 8.049864,46.376187,0 8.048921,46.376137,0 8.048153,46.375936,0 8.049171,46.376355,0 8.050298,46.376583,0 8.050222,46.376652,0 8.048009,46.376239,0 8.046655,46.376088,0 8.046020,46.376137,0 8.047223,46.376594,0 8.049161,46.377046,0 8.047548,46.377268,0 8.043844,46.376804,0 8.042795,46.376486,0 8.042620,46.376550,0 8.042984,46.376965,0 8.044386,46.377176,0 8.045880,46.377702,0 8.046796,46.377897,0 8.048233,46.378737,0 8.048899,46.378909,0 8.049382,46.379254,0 8.050270,46.379400,0 8.049673,46.379487,0 8.048604,46.379341,0 8.048292,46.380180,0 8.047376,46.380820,0 8.045153,46.379889,0 8.043079,46.379382,0 8.041789,46.379211,0 8.041494,46.379222,0 8.041099,46.379459,0 8.040520,46.380351,0 8.040948,46.380097,0 8.043159,46.380281,0 8.044651,46.381076,0 8.045419,46.381260,0 8.045563,46.381487,0 8.046133,46.381774,0 8.046930,46.381889,0 8.048428,46.382385,0 8.049295,46.382847,0 8.050729,46.383118,0 8.052178,46.383824,0 8.053428,46.383954,0 8.054575,46.384622,0 8.056940,46.385167,0 8.057349,46.385433,0 8.057480,46.385959,0 8.057713,46.385949,0 8.057665,46.386129,0 8.058401,46.386663,0 8.058531,46.387005,0 8.059383,46.387269,0 8.060827,46.387475,0 8.061607,46.387751,0 8.063246,46.388929,0 8.064113,46.389253,0 8.064390,46.389228,0 8.064410,46.388684,0 8.065454,46.388136,0 8.068516,46.386807,0 8.069553,46.386548,0 8.073915,46.386982,0 8.077107,46.387895,0 8.073713,46.385573,0 8.073122,46.385381,0 8.073814,46.385374,0 8.075579,46.385738,0 8.076620,46.386120,0 8.077650,46.386854,0 8.078904,46.387103,0 8.080121,46.387533,0 8.080627,46.387346,0 8.082123,46.387455,0 8.080895,46.386901,0 8.080030,46.386865,0 8.079704,46.386618,0 8.079255,46.386500,0 8.078240,46.385937,0 8.078243,46.386025,0 8.078267,46.385936,0 8.079479,46.386145,0 8.080159,46.386105,0 8.080524,46.386306,0 8.082108,46.386619,0 8.082497,46.387182,0 8.082835,46.387370,0 8.083108,46.388666,0 8.082967,46.389018,0 8.083100,46.389517,0 8.083843,46.390037,0 8.084314,46.390185,0 8.084922,46.390137,0 8.086803,46.390895,0 8.087209,46.391191,0 8.088557,46.391286,0 8.088949,46.391221,0 8.088591,46.391376,0 8.087229,46.391489,0 8.085300,46.391227,0 8.086923,46.391786,0 8.089069,46.392005,0 8.089651,46.391959,0 8.090126,46.391707,0 8.090715,46.391724,0 8.090817,46.391374,0 8.091250,46.390885,0 8.091149,46.390792,0 8.091306,46.390784,0 8.091141,46.390594,0 8.091714,46.390645,0 8.091558,46.390434,0 8.093186,46.390728,0 8.094036,46.391206,0 8.094928,46.391089,0 8.095160,46.391268,0 8.095699,46.391337,0 8.097298,46.392129,0 8.097350,46.392542,0 8.097929,46.392778,0 8.098153,46.393358,0 8.098259,46.392785,0 8.097733,46.391588,0 8.097163,46.391135,0 8.097049,46.390810,0 8.096660,46.390431,0 8.096097,46.390272,0 8.095648,46.389906,0 8.094909,46.389558,0 8.094351,46.388815,0 8.095136,46.389171,0 8.095791,46.389082,0 8.096477,46.389250,0 8.096826,46.389528,0 8.097352,46.389379,0 8.098103,46.389568,0 8.099252,46.389943,0 8.099638,46.390158,0 8.099757,46.390439,0 8.100352,46.390524,0 8.100643,46.390824,0 8.100705,46.390279,0 8.100161,46.390093,0 8.100187,46.389508,0 8.099808,46.389241,0 8.099457,46.389182,0 8.099336,46.388755,0 8.098413,46.388053,0 8.097924,46.387944,0 8.097924,46.387579,0 8.097723,46.387355,0 8.097406,46.387171,0 8.096806,46.387084,0 8.096784,46.386543,0 8.095362,46.385713,0 8.095468,46.385639,0 8.095828,46.385806,0 8.096193,46.385799,0 8.097264,46.386190,0 8.097443,46.386461,0 8.097865,46.386399,0 8.098612,46.386608,0 8.100807,46.387476,0 8.100094,46.386661,0 8.100056,46.386249,0 8.099260,46.385565,0 8.099024,46.385492,0 8.098660,46.385593,0 8.097924,46.385143,0 8.097966,46.385035,0 8.096339,46.384455,0 8.095937,46.384169,0 8.095540,46.384140,0 8.094922,46.383756,0 8.094588,46.383852,0 8.094494,46.384150,0 8.093842,46.384425,0 8.093674,46.384671,0 8.093906,46.385111,0 8.093719,46.385619,0 8.091973,46.386028,0 8.090630,46.385779,0 8.089814,46.386005,0 8.089090,46.385890,0 8.088354,46.386211,0 8.087782,46.386281,0 8.087018,46.385805,0 8.086677,46.385194,0 8.086416,46.385005,0 8.086568,46.384619,0 8.086158,46.384326,0 8.086154,46.384144,0 8.086474,46.383236,0 8.086178,46.382484,0 8.085782,46.382300,0 8.085914,46.381729,0 8.085775,46.381243,0 8.085463,46.380865,0 8.084160,46.380185,0 8.083958,46.379947,0 8.083561,46.379897,0 8.082244,46.378955,0 8.081262,46.378450,0 8.080422,46.378368,0 8.078113,46.377537,0 8.077521,46.377786,0</coordinates>
    </LineString>
    <ExtendedData>
      <Data name="spot"><value>aletsch</value></Data>
      <Data name="tags"><value>beginner expert natural</value></Data>
    </ExtendedData>
  </Placemark>
  <Placemark>
    <name>Aletsch: Riederalp - Bettmeralp - Martisberg (part 2)</name>
    <description><![CDATA[7.2 km. Geometry from OpenStreetMap relation 8524050 (ODbL) - indicative only, follow the signs on the ground.]]></description>
    <styleUrl>#line-trail</styleUrl>
    <LineString><tessellate>1</tessellate>
      <coordinates>8.130096,46.400171,0 8.130521,46.400645,0 8.131418,46.400799,0 8.132114,46.401297,0 8.132320,46.402054,0 8.133147,46.402398,0 8.133313,46.402582,0 8.133541,46.403472,0 8.133786,46.402644,0 8.133260,46.401028,0 8.133786,46.399788,0 8.132663,46.397444,0 8.132044,46.397185,0 8.131954,46.396894,0 8.130858,46.396383,0 8.128968,46.395759,0 8.126420,46.393958,0 8.125632,46.393193,0 8.124192,46.392770,0 8.123025,46.392159,0 8.121525,46.391706,0 8.121282,46.391212,0 8.121899,46.390535,0 8.121980,46.390075,0 8.121591,46.389556,0 8.118385,46.388009,0 8.114604,46.387216,0 8.112600,46.385942,0 8.110712,46.384169,0 8.109929,46.385554,0 8.109534,46.385910,0 8.109999,46.384710,0 8.109945,46.384175,0 8.109616,46.383756,0 8.109186,46.383451,0 8.108260,46.383149,0 8.107207,46.382595,0 8.106128,46.382381,0 8.106119,46.382475,0 8.106532,46.382508,0 8.107281,46.382858,0 8.108690,46.384389,0 8.108181,46.385239,0 8.107923,46.385274,0 8.107579,46.385123,0 8.107024,46.383975,0 8.106640,46.383836,0 8.106257,46.384051,0 8.106289,46.384208,0 8.107038,46.384736,0 8.106946,46.385708,0 8.107523,46.386234,0 8.107400,46.386338,0 8.105983,46.385403,0 8.105153,46.385321,0 8.101228,46.383756,0 8.098778,46.383300,0 8.098778,46.383449,0 8.099426,46.383597,0 8.100915,46.384418,0 8.102707,46.385963,0 8.103231,46.386544,0 8.103303,46.386916,0 8.103995,46.387160,0 8.103960,46.387292,0 8.103126,46.387056,0 8.102672,46.386766,0 8.102139,46.386662,0 8.100885,46.385810,0 8.100563,46.385862,0 8.100077,46.385535,0 8.098924,46.385126,0 8.098542,46.385191,0 8.097966,46.385035,0</coordinates>
    </LineString>
    <ExtendedData>
      <Data name="spot"><value>aletsch</value></Data>
      <Data name="tags"><value>beginner expert natural</value></Data>
    </ExtendedData>
  </Placemark>
  <Placemark>
    <name>Aletsch: Riederalp - Bettmeralp - Martisberg (part 3)</name>
    <description><![CDATA[2.6 km. Geometry from OpenStreetMap relation 8524050 (ODbL) - indicative only, follow the signs on the ground.]]></description>
    <styleUrl>#line-trail</styleUrl>
    <LineString><tessellate>1</tessellate>
      <coordinates>8.109534,46.385910,0 8.109602,46.386091,0 8.110926,46.385403,0 8.111101,46.385958,0 8.112021,46.386954,0 8.112850,46.387469,0 8.114538,46.389198,0 8.114759,46.389162,0 8.115003,46.388702,0 8.116336,46.388829,0 8.116686,46.388685,0 8.117608,46.388833,0 8.117850,46.389753,0 8.117487,46.390455,0 8.118071,46.391600,0 8.118914,46.392072,0 8.119630,46.392739,0 8.120948,46.393030,0 8.121768,46.393633,0 8.122255,46.393817,0 8.121700,46.395334,0 8.122078,46.395537,0 8.122404,46.395414,0 8.122998,46.395558,0 8.123944,46.395484,0 8.124572,46.396462,0 8.125060,46.396702,0 8.125087,46.397235,0 8.125483,46.397249,0 8.125989,46.397490,0 8.127153,46.398535,0 8.128086,46.398902,0 8.128684,46.399300,0</coordinates>
    </LineString>
    <ExtendedData>
      <Data name="spot"><value>aletsch</value></Data>
      <Data name="tags"><value>beginner expert natural</value></Data>
    </ExtendedData>
  </Placemark>
  <Placemark>
    <name>Aletsch: Fiescheralp - Marjela</name>
    <description><![CDATA[12.3 km. Geometry from OpenStreetMap relation 8524038 (ODbL) - indicative only, follow the signs on the ground.]]></description>
    <styleUrl>#line-trail</styleUrl>
    <LineString><tessellate>1</tessellate>
      <coordinates>8.096225,46.407660,0 8.095943,46.406894,0 8.095099,46.405919,0 8.095226,46.405746,0 8.095784,46.405583,0 8.096381,46.405847,0 8.097420,46.405760,0 8.099183,46.406573,0 8.100450,46.406714,0 8.101352,46.407429,0 8.101697,46.408322,0 8.102258,46.408105,0 8.102920,46.407622,0 8.102954,46.407046,0 8.102593,46.406334,0 8.101980,46.405657,0 8.101570,46.405427,0 8.101162,46.404880,0 8.100145,46.404410,0 8.099166,46.403826,0 8.099203,46.403732,0 8.100672,46.404284,0 8.102192,46.404379,0 8.104602,46.405685,0 8.105227,46.405918,0 8.105331,46.405865,0 8.104639,46.405347,0 8.103623,46.403373,0 8.102937,46.402565,0 8.102207,46.402077,0 8.100478,46.401510,0 8.101411,46.401330,0 8.103129,46.401373,0 8.104627,46.401783,0 8.105072,46.402009,0 8.105146,46.401942,0 8.103995,46.401053,0 8.102469,46.400171,0 8.101069,46.399658,0 8.100431,46.399683,0 8.099156,46.400248,0 8.098792,46.400169,0 8.098356,46.400266,0 8.097723,46.399176,0 8.096833,46.398391,0 8.098755,46.399423,0 8.099597,46.398672,0 8.101092,46.398026,0 8.102175,46.397762,0 8.103090,46.397749,0 8.104746,46.398152,0 8.106994,46.399054,0 8.106013,46.398189,0 8.103303,46.396301,0 8.102882,46.396248,0 8.101254,46.396506,0 8.100967,46.396507,0 8.100851,46.396376,0 8.100826,46.396472,0 8.100967,46.396507,0 8.100976,46.396364,0 8.101375,46.396338,0 8.103589,46.395458,0 8.104229,46.395504,0 8.110018,46.397605,0 8.108713,46.396460,0 8.107033,46.395310,0 8.105796,46.394142,0 8.105033,46.394200,0 8.104716,46.394118,0 8.104487,46.393721,0 8.103763,46.393521,0 8.103779,46.393425,0 8.104955,46.393565,0 8.105301,46.393744,0 8.106057,46.393437,0 8.106507,46.393523,0 8.106974,46.393445,0 8.107122,46.393572,0 8.107115,46.393946,0 8.107658,46.394214,0 8.108700,46.394118,0 8.109381,46.394472,0 8.109842,46.394482,0 8.110037,46.394853,0 8.110705,46.394851,0 8.110982,46.395622,0 8.111386,46.395941,0 8.113244,46.396050,0 8.111726,46.395603,0 8.111844,46.394165,0 8.111149,46.394003,0 8.111199,46.393458,0 8.110942,46.392976,0 8.110528,46.392939,0 8.110396,46.392539,0 8.109904,46.392332,0 8.110101,46.391191,0 8.110292,46.390960,0 8.110011,46.390392,0 8.109979,46.389888,0 8.110130,46.389623,0 8.109288,46.387853,0 8.110500,46.388688,0 8.111392,46.389630,0 8.111790,46.389654,0 8.112163,46.389867,0 8.112378,46.390212,0 8.112746,46.390409,0 8.112461,46.390518,0 8.112554,46.390738,0 8.112828,46.390822,0 8.113270,46.390678,0 8.114127,46.391189,0 8.114232,46.391363,0 8.113986,46.391686,0 8.114080,46.391826,0 8.115026,46.391594,0 8.115411,46.391795,0 8.115594,46.392129,0 8.116207,46.392383,0 8.116428,46.392664,0 8.117535,46.392887,0 8.118331,46.392689,0 8.119241,46.392703,0 8.119338,46.392575,0 8.119187,46.392344,0 8.119693,46.392767,0 8.121258,46.393191,0 8.121768,46.393633,0 8.122255,46.393817,0 8.121700,46.395334,0 8.122078,46.395537,0 8.122404,46.395414,0 8.122998,46.395558,0 8.123944,46.395484,0 8.124572,46.396462,0 8.125060,46.396702,0 8.125087,46.397235,0 8.125483,46.397249,0 8.125989,46.397490,0 8.127153,46.398535,0 8.128086,46.398902,0 8.128422,46.399185,0 8.130002,46.399721,0 8.130029,46.400142,0 8.130521,46.400645,0 8.131418,46.400799,0 8.132114,46.401297,0 8.132349,46.402112,0 8.132568,46.402108,0 8.133313,46.402582,0 8.133541,46.403472,0 8.134007,46.403538,0 8.134616,46.403324,0 8.135030,46.403536,0 8.135259,46.403885,0</coordinates>
    </LineString>
    <ExtendedData>
      <Data name="spot"><value>aletsch</value></Data>
      <Data name="tags"><value>beginner expert natural</value></Data>
    </ExtendedData>
  </Placemark>
  <Placemark>
    <name>Aletsch: Fiescheralp - Marjela (part 2)</name>
    <description><![CDATA[12.0 km. Geometry from OpenStreetMap relation 8524038 (ODbL) - indicative only, follow the signs on the ground.]]></description>
    <styleUrl>#line-trail</styleUrl>
    <LineString><tessellate>1</tessellate>
      <coordinates>8.029812,46.377755,0 8.030614,46.377471,0 8.032454,46.377474,0 8.036302,46.379119,0 8.036777,46.379928,0 8.039401,46.380800,0 8.039541,46.380750,0 8.039493,46.380331,0 8.039964,46.380187,0 8.040571,46.380364,0 8.040948,46.380097,0 8.043159,46.380281,0 8.044651,46.381076,0 8.045419,46.381260,0 8.045563,46.381487,0 8.046133,46.381774,0 8.046930,46.381889,0 8.048428,46.382385,0 8.049295,46.382847,0 8.050729,46.383118,0 8.052178,46.383824,0 8.053428,46.383954,0 8.054575,46.384622,0 8.056940,46.385167,0 8.057384,46.385475,0 8.058013,46.387361,0 8.058588,46.387847,0 8.058980,46.388415,0 8.059857,46.389005,0 8.061095,46.389488,0 8.066678,46.392804,0 8.067438,46.393094,0 8.068032,46.393120,0 8.068648,46.393387,0 8.069564,46.393572,0 8.070481,46.393953,0 8.070828,46.394231,0 8.072398,46.394746,0 8.072086,46.395224,0 8.072261,46.395884,0 8.073331,46.396459,0 8.073770,46.396962,0 8.075201,46.397537,0 8.077687,46.397986,0 8.078768,46.398421,0 8.082958,46.401587,0 8.083996,46.402146,0 8.084252,46.402554,0 8.085675,46.403163,0 8.086628,46.403353,0 8.088285,46.404004,0 8.091076,46.404408,0 8.093380,46.405404,0 8.094870,46.406378,0 8.095861,46.407421,0 8.098970,46.409626,0 8.099840,46.410843,0 8.101470,46.411814,0 8.102582,46.412316,0 8.102968,46.412972,0 8.102992,46.413446,0 8.103491,46.413661,0 8.103667,46.414066,0 8.105536,46.414873,0 8.107003,46.415355,0 8.107510,46.415667,0 8.108395,46.416675,0 8.108622,46.417455,0 8.109141,46.418164,0 8.110174,46.419214,0 8.110092,46.420068,0 8.110570,46.420612,0 8.110464,46.420927,0 8.110688,46.421818,0 8.109704,46.423047,0 8.109420,46.423218,0 8.109380,46.423694,0 8.109654,46.424187,0 8.110146,46.424378,0 8.110443,46.424673,0 8.111949,46.425530,0 8.112663,46.426660,0 8.113207,46.427180,0 8.114723,46.427617,0 8.115291,46.429023,0 8.116266,46.430468,0 8.115952,46.430857,0 8.115968,46.430342,0 8.115398,46.430018,0 8.115464,46.430309,0 8.115290,46.430503,0 8.113462,46.430597,0 8.112442,46.430785,0 8.112395,46.430988,0 8.113215,46.432035,0 8.113172,46.432803,0 8.113492,46.433560,0 8.113430,46.433897,0 8.102502,46.439161,0 8.102024,46.439872,0 8.101087,46.440131,0 8.101015,46.440911,0 8.101234,46.440915,0 8.101164,46.441002,0 8.101476,46.441177,0 8.102008,46.440849,0</coordinates>
    </LineString>
    <ExtendedData>
      <Data name="spot"><value>aletsch</value></Data>
      <Data name="tags"><value>beginner expert natural</value></Data>
    </ExtendedData>
  </Placemark>
  <Placemark>
    <name>Bellwald (Goms, above Fiesch) [gondola, price unverified]</name>
    <description><![CDATA[<b>Richinen 2000 m - top of the Bellwald gondola</b><br/><br/><b>Trails</b><br/>The surprise of the upper Valais: a small village with five properly built trails off one lift, and almost nobody on them. Flowtrail Forest Bump and Sliderman are the flowing ones, Into the Wild and Vast & Furious get rougher, and Downhill Dirty Cranking is what the name suggests. South facing, so it dries fast and rides well into October.<br/><br/><b>Getting up / price</b><br/>Small local gondola to Richinen. Bike carriage is offered; check bellwald.ch for fare before travelling.<br/><br/><b>Open season</b><br/>Open from 15 June; closed from 19 October (typical window; check the operator and conditions).<br/>Daily opening hours: 09:00-17:00<br/><small>Typical daily estimate; check the operator schedule.</small><br/><br/><b>Access</b><table class="access"><tr><th>From</th><th>Transport</th><th>Duration</th></tr><tr><td>Lausanne</td><td>Train + bus</td><td>~2h45</td></tr></table><br/><i>Source: <a href="https://www.bellwald.ch/en/bike">Bellwald</a>. Prices, schedules, trail status and access can change; verify before travel.</i>]]></description>
    <styleUrl>#placemark-blue</styleUrl>
    <Point><coordinates>8.166794,46.441362,0</coordinates></Point>
    <ExtendedData xmlns:mwm="https://omaps.app">
      <Data name="spot"><value>bellwald</value></Data>
      <Data name="tags"><value>beginner expert bikepark</value></Data>
      <Data name="open_from"><value>06-15</value></Data>
      <Data name="closed_from"><value>10-19</value></Data>
      <mwm:icon>Mountain</mwm:icon>
      <mwm:visibility>1</mwm:visibility>
    </ExtendedData>
  </Placemark>
  <Placemark>
    <name>Bellwald: village gondola station</name>
    <description><![CDATA[Bellwald sits above Fiesch; postbus up from Fiesch station.]]></description>
    <styleUrl>#placemark-gray</styleUrl>
    <Point><coordinates>8.161785,46.428973,0</coordinates></Point>
    <ExtendedData xmlns:mwm="https://omaps.app">
      <Data name="spot"><value>bellwald</value></Data>
      <Data name="tags"><value>beginner expert bikepark</value></Data>
      <mwm:icon>Transport</mwm:icon>
      <mwm:visibility>1</mwm:visibility>
    </ExtendedData>
  </Placemark>
  <Placemark>
    <name>Bellwald: Flowtrail Forest Bump</name>
    <description><![CDATA[4.2 km. Geometry from OpenStreetMap relation 19975117 (ODbL) - indicative only, follow the signs on the ground.]]></description>
    <styleUrl>#line-trail</styleUrl>
    <LineString><tessellate>1</tessellate>
      <coordinates>8.166996,46.441325,0 8.167234,46.441433,0 8.169309,46.441506,0 8.170663,46.441890,0 8.170700,46.441760,0 8.170165,46.441290,0 8.168773,46.440528,0 8.168967,46.440503,0 8.170607,46.440950,0 8.171942,46.441490,0 8.171825,46.441366,0 8.171967,46.441354,0 8.173359,46.441963,0 8.174058,46.442423,0 8.174285,46.442337,0 8.173123,46.440789,0 8.172431,46.440158,0 8.171425,46.438687,0 8.169405,46.437254,0 8.166527,46.436400,0 8.165618,46.436286,0 8.164068,46.436535,0 8.163920,46.436683,0 8.163559,46.436683,0 8.163794,46.436484,0 8.163461,46.436515,0 8.163598,46.436336,0 8.163082,46.436504,0 8.163336,46.435840,0 8.163019,46.435965,0 8.163299,46.435589,0 8.163066,46.435552,0 8.163315,46.435308,0 8.163051,46.435248,0 8.163641,46.434884,0 8.163097,46.434992,0 8.163158,46.434869,0 8.163034,46.434842,0 8.162695,46.434966,0 8.162539,46.434902,0 8.163976,46.433968,0 8.163783,46.433902,0 8.163976,46.433701,0 8.163649,46.433714,0 8.163786,46.433541,0 8.163454,46.433572,0 8.163952,46.433192,0 8.163356,46.433246,0 8.163657,46.433132,0 8.163239,46.433061,0 8.163508,46.432842,0 8.163168,46.432855,0 8.163389,46.432716,0 8.162957,46.432662,0 8.163396,46.432421,0 8.163158,46.432425,0 8.163461,46.432187,0 8.162533,46.432281,0 8.163014,46.431912,0 8.162387,46.431951,0 8.162394,46.431875,0 8.163683,46.431536,0 8.163800,46.431463,0 8.163377,46.431379,0 8.164003,46.431276,0 8.163602,46.431174,0 8.164901,46.430940,0 8.162673,46.430309,0 8.162136,46.429670,0 8.162304,46.429423,0 8.162202,46.429016,0 8.162035,46.428846,0 8.161735,46.428872,0</coordinates>
    </LineString>
    <ExtendedData>
      <Data name="spot"><value>bellwald</value></Data>
      <Data name="tags"><value>beginner expert bikepark</value></Data>
    </ExtendedData>
  </Placemark>
  <Placemark>
    <name>Bellwald: Sliderman</name>
    <description><![CDATA[0.7 km. Geometry from OpenStreetMap relation 19975113 (ODbL) - indicative only, follow the signs on the ground.]]></description>
    <styleUrl>#line-trail</styleUrl>
    <LineString><tessellate>1</tessellate>
      <coordinates>8.163609,46.436708,0 8.164001,46.436878,0 8.164038,46.437236,0 8.164295,46.437303,0 8.164194,46.437406,0 8.164628,46.437503,0 8.165036,46.438090,0 8.164812,46.438451,0 8.164314,46.438730,0 8.164149,46.439301,0 8.163649,46.439456,0 8.163560,46.439616,0 8.164459,46.440217,0 8.164649,46.440551,0 8.165712,46.440933,0</coordinates>
    </LineString>
    <ExtendedData>
      <Data name="spot"><value>bellwald</value></Data>
      <Data name="tags"><value>beginner expert bikepark</value></Data>
    </ExtendedData>
  </Placemark>
  <Placemark>
    <name>Bellwald: Into the Wild</name>
    <description><![CDATA[2.9 km. Geometry from OpenStreetMap relation 19975114 (ODbL) - indicative only, follow the signs on the ground.]]></description>
    <styleUrl>#line-trail</styleUrl>
    <LineString><tessellate>1</tessellate>
      <coordinates>8.167234,46.441433,0 8.169309,46.441506,0 8.170266,46.441712,0 8.170607,46.441897,0 8.171157,46.441952,0 8.172170,46.442317,0 8.172260,46.442513,0 8.173236,46.442669,0 8.173806,46.443206,0 8.174245,46.443332,0 8.174232,46.443498,0 8.174402,46.443578,0 8.174580,46.443532,0 8.174564,46.443271,0 8.174926,46.443588,0 8.175105,46.443477,0 8.174677,46.442994,0 8.174250,46.442105,0 8.174901,46.442484,0 8.174380,46.441725,0 8.176383,46.442817,0 8.176541,46.442147,0 8.175719,46.440969,0 8.175634,46.440508,0 8.175038,46.439849,0 8.174909,46.439442,0 8.174145,46.439025,0 8.174216,46.438811,0 8.173735,46.438429,0 8.173442,46.437942,0 8.171753,46.436746,0 8.170890,46.436341,0 8.169863,46.435473,0 8.168864,46.434863,0 8.167039,46.433881,0 8.165910,46.433618,0 8.166304,46.433416,0 8.166298,46.433224,0 8.166000,46.432994,0 8.164911,46.432504,0 8.163461,46.432187,0</coordinates>
    </LineString>
    <ExtendedData>
      <Data name="spot"><value>bellwald</value></Data>
      <Data name="tags"><value>beginner expert bikepark</value></Data>
    </ExtendedData>
  </Placemark>
  <Placemark>
    <name>Bellwald: Vast &amp; Furious</name>
    <description><![CDATA[4.4 km. Geometry from OpenStreetMap relation 19975115 (ODbL) - indicative only, follow the signs on the ground.]]></description>
    <styleUrl>#line-trail</styleUrl>
    <LineString><tessellate>1</tessellate>
      <coordinates>8.163081,46.452721,0 8.163005,46.452835,0 8.162855,46.452811,0 8.162509,46.452393,0 8.162305,46.451716,0 8.162032,46.451536,0 8.162426,46.451470,0 8.161831,46.451235,0 8.161291,46.451481,0 8.161139,46.451422,0 8.161459,46.451162,0 8.162148,46.450992,0 8.161164,46.450787,0 8.162128,46.450640,0 8.162910,46.450865,0 8.164577,46.451102,0 8.163557,46.450422,0 8.164263,46.450442,0 8.164339,46.450384,0 8.163863,46.450139,0 8.164093,46.450129,0 8.164109,46.450036,0 8.165273,46.450162,0 8.165431,46.450077,0 8.165751,46.448907,0 8.165622,46.448735,0 8.165388,46.448865,0 8.165166,46.448799,0 8.166439,46.447481,0 8.166326,46.447298,0 8.166583,46.447186,0 8.167108,46.447440,0 8.167557,46.447370,0 8.166856,46.447068,0 8.167283,46.446971,0 8.167106,46.446786,0 8.167560,46.446800,0 8.168372,46.447111,0 8.168436,46.447021,0 8.168578,46.447117,0 8.169146,46.447080,0 8.167558,46.446430,0 8.166609,46.446374,0 8.165998,46.446191,0 8.166050,46.446099,0 8.164470,46.446072,0 8.163264,46.445774,0 8.164248,46.445869,0 8.165734,46.445460,0 8.165287,46.445472,0 8.165291,46.445343,0 8.166208,46.445095,0 8.166844,46.445048,0 8.167489,46.445152,0 8.167571,46.445030,0 8.167029,46.445010,0 8.167147,46.444821,0 8.166691,46.444847,0 8.166754,46.444679,0 8.166258,46.444743,0 8.166406,46.444640,0 8.166316,46.444553,0 8.165943,46.444642,0 8.166140,46.444491,0 8.165766,46.444516,0 8.165972,46.444287,0 8.165598,46.444366,0 8.165463,46.444215,0 8.165126,46.444341,0 8.165100,46.444092,0 8.164764,46.444216,0 8.164359,46.444140,0 8.163809,46.443767,0 8.163644,46.443432,0 8.162612,46.442959,0 8.162600,46.442840,0 8.162040,46.442994,0 8.162247,46.442594,0 8.161963,46.442478,0 8.161719,46.442751,0 8.161636,46.442327,0 8.162789,46.442332,0 8.164587,46.442779,0 8.164529,46.442536,0 8.163890,46.442232,0 8.163866,46.442070,0 8.166702,46.442378,0 8.167385,46.441502,0 8.166996,46.441325,0</coordinates>
    </LineString>
    <ExtendedData>
      <Data name="spot"><value>bellwald</value></Data>
      <Data name="tags"><value>beginner expert bikepark</value></Data>
    </ExtendedData>
  </Placemark>
  <Placemark>
    <name>Bellwald: Downhill Dirty Cranking</name>
    <description><![CDATA[1.4 km. Geometry from OpenStreetMap relation 19975116 (ODbL) - indicative only, follow the signs on the ground.]]></description>
    <styleUrl>#line-trail</styleUrl>
    <LineString><tessellate>1</tessellate>
      <coordinates>8.166734,46.441516,0 8.166224,46.441445,0 8.165693,46.440877,0 8.165997,46.440601,0 8.166822,46.440360,0 8.166953,46.440014,0 8.164635,46.439092,0 8.163966,46.438941,0 8.163887,46.438705,0 8.164103,46.438476,0 8.164468,46.438358,0 8.164233,46.438180,0 8.164435,46.438064,0 8.164560,46.437603,0 8.164292,46.437451,0 8.164067,46.437475,0 8.163936,46.437185,0 8.163644,46.437128,0 8.163764,46.436873,0 8.163568,46.436878,0 8.163505,46.436737,0 8.162911,46.436704,0 8.162790,46.436312,0 8.162975,46.436224,0 8.162773,46.436125,0 8.162643,46.435421,0 8.163097,46.434992,0 8.163306,46.434531,0 8.164505,46.433775,0 8.165875,46.433756,0 8.165910,46.433618,0</coordinates>
    </LineString>
    <ExtendedData>
      <Data name="spot"><value>bellwald</value></Data>
      <Data name="tags"><value>beginner expert bikepark</value></Data>
    </ExtendedData>
  </Placemark>
  <Placemark>
    <name>Le Suchet (Jura vaudois) [no lift]</name>
    <description><![CDATA[<b>Le Suchet 1588 m - summit</b><br/><br/><b>Trails</b><br/>Open Jura ridge with descents falling off every side - grassy and fast on the Vaud slope, rockier and steeper towards Baulmes. No signage, no lift queue, big views over the Plateau to the Alps. Best in early summer before the cattle churn the tracks.<br/><br/><b>Getting up / price</b><br/>No lift. Yverdon-les-Bains is 25 min from Lausanne, then a bus to Baulmes or Vuiteboeuf. From there it is roughly 800 m of climbing under your own steam.<br/><br/><b>Open season</b><br/>Open from 15 April; closed from 16 November (typical window; check the operator and conditions).<br/><br/><b>Access</b><table class="access"><tr><th>From</th><th>Transport</th><th>Duration</th></tr><tr><td>Lausanne</td><td>Train + bus</td><td>~1h15</td></tr></table><br/><i>Source: <a href="https://map.geo.admin.ch/">Swiss federal map</a>. Prices, schedules, trail status and access can change; verify before travel.</i>]]></description>
    <styleUrl>#placemark-brown</styleUrl>
    <Point><coordinates>6.466241,46.772374,0</coordinates></Point>
    <ExtendedData xmlns:mwm="https://omaps.app">
      <Data name="spot"><value>suchet</value></Data>
      <Data name="tags"><value>beginner natural</value></Data>
      <Data name="open_from"><value>04-15</value></Data>
      <Data name="closed_from"><value>11-16</value></Data>
      <mwm:icon>Mountain</mwm:icon>
      <mwm:visibility>1</mwm:visibility>
    </ExtendedData>
  </Placemark>
  <Placemark>
    <name>Grand Cunay / Col du Marchairuz [no lift]</name>
    <description><![CDATA[<b>Grand Cunay 1566 m</b><br/><br/><b>Trails</b><br/>Classic Jura vaudois ridge riding above the Vallee de Joux. Rolling limestone pasture, dry-stone walls and forest singletrack, with long low-gradient descents rather than steep ones. Quiet on weekdays; the Parc Jura vaudois rules ask you to stay on the tracks.<br/><br/><b>Getting up / price</b><br/>No lift, and a sparse bus timetable: check the Bière or Le Brassus connections to the Col du Marchairuz before committing. Many people ride up from Bière instead.<br/><br/><b>Open season</b><br/>Open from 15 April; closed from 16 November (typical window; check the operator and conditions).<br/><br/><b>Access</b><table class="access"><tr><th>From</th><th>Transport</th><th>Duration</th></tr><tr><td>Lausanne</td><td>Train + bus</td><td>~1h30</td></tr></table><br/><i>Source: <a href="https://map.geo.admin.ch/">Swiss federal map</a>. Prices, schedules, trail status and access can change; verify before travel.</i>]]></description>
    <styleUrl>#placemark-brown</styleUrl>
    <Point><coordinates>6.276140,46.572227,0</coordinates></Point>
    <ExtendedData xmlns:mwm="https://omaps.app">
      <Data name="spot"><value>cunay</value></Data>
      <Data name="tags"><value>beginner natural</value></Data>
      <Data name="open_from"><value>04-15</value></Data>
      <Data name="closed_from"><value>11-16</value></Data>
      <mwm:icon>Mountain</mwm:icon>
      <mwm:visibility>1</mwm:visibility>
    </ExtendedData>
  </Placemark>
  <Placemark>
    <name>Le Chasseron (Sainte-Croix) [no lift]</name>
    <description><![CDATA[<b>Le Chasseron 1607 m - summit</b><br/><br/><b>Trails</b><br/>Long grassy ridge descents with one of the best panoramas in the Jura - the whole Alpine chain on a clear day. Fast and flowing up high, forest tracks lower down towards Sainte-Croix or Bullet. Pairs well with Le Suchet if you want a big day.<br/><br/><b>Getting up / price</b><br/>No lift. Lausanne > Yverdon 25 min > Sainte-Croix 35 min, then about 600 m of climbing from Les Rasses.<br/><br/><b>Open season</b><br/>Open from 15 April; closed from 16 November (typical window; check the operator and conditions).<br/><br/><b>Access</b><table class="access"><tr><th>From</th><th>Transport</th><th>Duration</th></tr><tr><td>Lausanne</td><td>Train</td><td>~1h10</td></tr></table><br/><i>Source: <a href="https://www.yverdonlesbainsregion.ch/en/P38767/le-chasseron">Yverdon region</a>. Prices, schedules, trail status and access can change; verify before travel.</i>]]></description>
    <styleUrl>#placemark-brown</styleUrl>
    <Point><coordinates>6.538253,46.851795,0</coordinates></Point>
    <ExtendedData xmlns:mwm="https://omaps.app">
      <Data name="spot"><value>chasseron</value></Data>
      <Data name="tags"><value>beginner natural</value></Data>
      <Data name="open_from"><value>04-15</value></Data>
      <Data name="closed_from"><value>11-16</value></Data>
      <mwm:icon>Mountain</mwm:icon>
      <mwm:visibility>1</mwm:visibility>
    </ExtendedData>
  </Placemark>
  <Placemark>
    <name>Chalet-a-Gobet / Jorat (Lausanne) [no lift]</name>
    <description><![CDATA[<b>Chalet-a-Gobet - Jorat forest trailhead</b><br/><br/><b>Trails</b><br/>The after-work option: a dense web of forest doubletrack and singletrack across the Jorat, ridable in any weather and floodlit by nothing at all, so bring lights in winter. No descents worth travelling for, but 20 minutes from your door and the trails drain well.<br/><br/><b>Getting up / price</b><br/>No lift and none needed - it is only 400 m above the city. Bus 64 from Lausanne, or the m2 to Croisettes and pedal up.<br/><br/><b>Open season</b><br/>Open from 1 January with no seasonal closure in a typical year; check local conditions.<br/><br/><b>Access</b><table class="access"><tr><th>From</th><th>Transport</th><th>Duration</th></tr><tr><td>Lausanne</td><td>Bus / metro + bus</td><td>~25 min</td></tr></table><br/><i>Source: <a href="https://www.lausanne-tourisme.ch/en/explore/jorat-nature-park/">Lausanne tourism</a>. Prices, schedules, trail status and access can change; verify before travel.</i>]]></description>
    <styleUrl>#placemark-brown</styleUrl>
    <Point><coordinates>6.692604,46.565724,0</coordinates></Point>
    <ExtendedData xmlns:mwm="https://omaps.app">
      <Data name="spot"><value>gobet</value></Data>
      <Data name="tags"><value>beginner winter natural</value></Data>
      <Data name="open_from"><value>01-01</value></Data>
      <Data name="closed_from"><value>01-01</value></Data>
      <mwm:icon>Mountain</mwm:icon>
      <mwm:visibility>1</mwm:visibility>
    </ExtendedData>
  </Placemark>
  <Placemark>
    <name>Pila Bike Park (Aosta Valley) [40 EUR]</name>
    <description><![CDATA[<b>Pila 1790 m - Aosta-Pila gondola top station</b><br/><br/><b>Trails</b><br/>A large, natural-feeling gravity area above Aosta with more than 130 km of riding and 2100 m of vertical. The official 2026 park lists one blue flow trail, twelve red descents, three black trails and the black Corrado Herin World Cup line, plus the long freeride descent back to Aosta.<br/><br/><b>Getting up / price</b><br/>The 2026 adult bike pass is 40 EUR and includes bike transport. The Aosta-Pila gondola and bike park run daily from 13 June to 13 September 2026; Chamole opens from 20 June.<br/><br/><b>Open season</b><br/>Open from 13 June; closed from 14 September (published 2026 dates).<br/>Daily opening hours: 09:00-17:00<br/><small>Typical daily estimate; check the operator schedule.</small><br/><br/><b>Access</b><table class="access"><tr><th>From</th><th>Transport</th><th>Duration</th></tr><tr><td>Geneva</td><td>Car</td><td>~2h30</td></tr><tr><td>Aosta</td><td>Gondola</td><td>~18 min</td></tr></table><br/><i>Source: <a href="https://pila.it/en/bike-park/">Pila</a>. Prices, schedules, trail status and access can change; verify before travel.</i>]]></description>
    <styleUrl>#placemark-blue</styleUrl>
    <Point><coordinates>7.310960,45.688440,0</coordinates></Point>
    <ExtendedData xmlns:mwm="https://omaps.app">
      <Data name="spot"><value>pila</value></Data>
      <Data name="tags"><value>beginner expert bikepark</value></Data>
      <Data name="open_from"><value>06-13</value></Data>
      <Data name="closed_from"><value>09-14</value></Data>
      <Data name="price_day"><value>40 EUR</value></Data>
      <mwm:icon>Mountain</mwm:icon>
      <mwm:visibility>1</mwm:visibility>
    </ExtendedData>
  </Placemark>
  <Placemark>
    <name>Pila: Aosta gondola valley station</name>
    <styleUrl>#placemark-gray</styleUrl>
    <Point><coordinates>7.319260,45.731920,0</coordinates></Point>
    <ExtendedData xmlns:mwm="https://omaps.app">
      <Data name="spot"><value>pila</value></Data>
      <Data name="tags"><value>beginner expert bikepark</value></Data>
      <mwm:icon>Transport</mwm:icon>
      <mwm:visibility>1</mwm:visibility>
    </ExtendedData>
  </Placemark>
  <Placemark>
    <name>Les Houches Bike Park (Chamonix Valley) [40.50 EUR]</name>
    <description><![CDATA[<b>Prarion 1850 m - gondola top station</b><br/><br/><b>Trails</b><br/>Lift-served riding at the quieter western end of the Chamonix valley. The Prarion sector has blue, red and black downhill lines, including the 4 km Chamois black run with 640 m of descent. The same valley pass also reaches the larger Balme network, which has six marked trails from blue to black.<br/><br/><b>Getting up / price</b><br/>The 2026 whole-valley MTB day pass is 40.50 EUR and gives uphill access at Les Houches and Balme. A Les Houches-only pass is 29.40 EUR. Summer riding is restricted to marked MTB routes in July and August.<br/><br/><p class="warn">&#9888;&#65039; In July and August, ride only the marked MTB routes under the local municipal rules.</p><b>Open season</b><br/>Open from 13 June; closed from 21 September (published 2026 dates).<br/>Daily opening hours: 09:00-17:30<br/><small>Typical daily estimate; check the operator schedule.</small><br/><br/><b>Access</b><table class="access"><tr><th>From</th><th>Transport</th><th>Duration</th></tr><tr><td>Geneva</td><td>Car</td><td>~1h10</td></tr><tr><td>Chamonix</td><td>Train + bus</td><td>~30 min</td></tr></table><br/><i>Source: <a href="https://www.leshouches.com/summer/mountain-bike">Les Houches</a>. Prices, schedules, trail status and access can change; verify before travel.</i>]]></description>
    <styleUrl>#placemark-blue</styleUrl>
    <Point><coordinates>6.753107,45.886235,0</coordinates></Point>
    <ExtendedData xmlns:mwm="https://omaps.app">
      <Data name="spot"><value>chamonix-leshouches</value></Data>
      <Data name="tags"><value>beginner expert bikepark</value></Data>
      <Data name="open_from"><value>06-13</value></Data>
      <Data name="closed_from"><value>09-21</value></Data>
      <Data name="price_day"><value>40.50 EUR</value></Data>
      <mwm:icon>Mountain</mwm:icon>
      <mwm:visibility>1</mwm:visibility>
    </ExtendedData>
  </Placemark>
  <Placemark>
    <name>Les Houches: Prarion gondola valley station</name>
    <styleUrl>#placemark-gray</styleUrl>
    <Point><coordinates>6.781642,45.894601,0</coordinates></Point>
    <ExtendedData xmlns:mwm="https://omaps.app">
      <Data name="spot"><value>chamonix-leshouches</value></Data>
      <Data name="tags"><value>beginner expert bikepark</value></Data>
      <mwm:icon>Transport</mwm:icon>
      <mwm:visibility>1</mwm:visibility>
    </ExtendedData>
  </Placemark>
  <Placemark>
    <name>Les Houches: Alpages Respect</name>
    <description><![CDATA[4 km blue downhill trail. Geometry simplified from OpenStreetMap relation 17656035 (ODbL) - indicative only, follow the signs on the ground.]]></description>
    <styleUrl>#line-trail</styleUrl>
    <LineString><tessellate>1</tessellate>
      <coordinates>6.753417,45.885259,0 6.753506,45.884237,0 6.753629,45.882943,0 6.754027,45.882434,0 6.754613,45.882657,0 6.755080,45.882469,0 6.755554,45.881871,0 6.756298,45.882560,0 6.757083,45.883128,0 6.758221,45.883328,0 6.759195,45.884548,0 6.760061,45.885161,0 6.761164,45.885724,0 6.762340,45.885564,0 6.763815,45.886013,0 6.765196,45.886639,0 6.766720,45.886698,0 6.768097,45.886993,0 6.769476,45.886513,0 6.770537,45.884349,0 6.772819,45.883825,0 6.775024,45.885574,0 6.776629,45.887202,0 6.778310,45.887406,0 6.780053,45.887735,0 6.781814,45.887747,0 6.783301,45.888815,0 6.782947,45.889860,0 6.784422,45.890482,0 6.785649,45.890018,0 6.786528,45.890858,0 6.786028,45.891098,0</coordinates>
    </LineString>
    <ExtendedData>
      <Data name="spot"><value>chamonix-leshouches</value></Data>
      <Data name="tags"><value>beginner expert bikepark</value></Data>
    </ExtendedData>
  </Placemark>
  <Placemark>
    <name>Les Arcs Bike Park (Bourg-Saint-Maurice) [30 EUR]</name>
    <description><![CDATA[<b>Arc 1600, 1620 m - funicular arrival and Cachette lift hub</b><br/><br/><b>Trails</b><br/>More than 150 km of marked riding across Les Arcs and Peisey-Vallandry: seven dedicated downhill trails, eight enduro routes and six e-MTB, cross-country and gravel routes. There is a green learning area and easy lines, while Cachette, La 8 and Dre dans l'Pentu provide long, technical black descents.<br/><br/><b>Getting up / price</b><br/>The peak-season 2026 adult bike-park day pass is 30 EUR and covers twelve lifts. The mountain area runs from 13 June to 13 September 2026, with the full network operating from 4 July to 29 August; preview and late-season lift coverage is reduced.<br/><br/><b>Open season</b><br/>Open from 13 June; closed from 14 September (published 2026 dates).<br/>Daily opening hours: 09:00-17:30<br/><small>Typical daily estimate; check the operator schedule.</small><br/><br/><b>Access</b><table class="access"><tr><th>From</th><th>Transport</th><th>Duration</th></tr><tr><td>Geneva</td><td>Car</td><td>~2h30</td></tr><tr><td>Bourg-Saint-Maurice</td><td>Funicular</td><td>~7 min</td></tr></table><br/><i>Source: <a href="https://en.lesarcs.com/bike-park">Les Arcs</a>. Prices, schedules, trail status and access can change; verify before travel.</i>]]></description>
    <styleUrl>#placemark-blue</styleUrl>
    <Point><coordinates>6.795010,45.597350,0</coordinates></Point>
    <ExtendedData xmlns:mwm="https://omaps.app">
      <Data name="spot"><value>lesarcs</value></Data>
      <Data name="tags"><value>beginner expert bikepark</value></Data>
      <Data name="open_from"><value>06-13</value></Data>
      <Data name="closed_from"><value>09-14</value></Data>
      <Data name="price_day"><value>30 EUR</value></Data>
      <mwm:icon>Mountain</mwm:icon>
      <mwm:visibility>1</mwm:visibility>
    </ExtendedData>
  </Placemark>
  <Placemark>
    <name>Les Arcs: Bourg-Saint-Maurice funicular station</name>
    <styleUrl>#placemark-gray</styleUrl>
    <Point><coordinates>6.774300,45.613950,0</coordinates></Point>
    <ExtendedData xmlns:mwm="https://omaps.app">
      <Data name="spot"><value>lesarcs</value></Data>
      <Data name="tags"><value>beginner expert bikepark</value></Data>
      <mwm:icon>Transport</mwm:icon>
      <mwm:visibility>1</mwm:visibility>
    </ExtendedData>
  </Placemark>
  <Placemark>
    <name>Les Arcs: Cachette chairlift top (2170 m)</name>
    <styleUrl>#placemark-gray</styleUrl>
    <Point><coordinates>6.805760,45.582990,0</coordinates></Point>
    <ExtendedData xmlns:mwm="https://omaps.app">
      <Data name="spot"><value>lesarcs</value></Data>
      <Data name="tags"><value>beginner expert bikepark</value></Data>
      <mwm:icon>Transport</mwm:icon>
      <mwm:visibility>1</mwm:visibility>
    </ExtendedData>
  </Placemark>
  <Placemark>
    <name>Les Arcs: Cachette</name>
    <description><![CDATA[3.1 km black downhill trail. Geometry simplified from OpenStreetMap relation 15518004 (ODbL) - indicative only, follow the signs on the ground.]]></description>
    <styleUrl>#line-trail</styleUrl>
    <LineString><tessellate>1</tessellate>
      <coordinates>6.806115,45.582920,0 6.805273,45.583675,0 6.803219,45.583504,0 6.802466,45.583267,0 6.802323,45.584187,0 6.801443,45.584120,0 6.802198,45.585237,0 6.801770,45.585505,0 6.802472,45.586560,0 6.803065,45.587343,0 6.802050,45.587309,0 6.801731,45.587740,0 6.801508,45.588140,0 6.801236,45.588473,0 6.800707,45.588376,0 6.800500,45.589020,0 6.799922,45.589370,0 6.800303,45.590361,0 6.800788,45.591054,0 6.800537,45.591469,0 6.800211,45.591966,0 6.799472,45.592588,0 6.798747,45.592693,0 6.797561,45.592709,0 6.796769,45.592896,0 6.796368,45.593123,0 6.795956,45.593268,0 6.795617,45.593877,0 6.795533,45.594341,0 6.795121,45.594446,0 6.794875,45.594831,0 6.794929,45.595200,0 6.794646,45.595619,0 6.794864,45.595980,0 6.794229,45.596243,0</coordinates>
    </LineString>
    <ExtendedData>
      <Data name="spot"><value>lesarcs</value></Data>
      <Data name="tags"><value>beginner expert bikepark</value></Data>
    </ExtendedData>
  </Placemark>
  <Placemark>
    <name>Isola 2000 (Mercantour, Alpes-Maritimes) [lift pass, price unverified]</name>
    <description><![CDATA[<b>Pelevos 2330 m - top of the Mercantour gondola</b><br/><br/><b>Trails</b><br/>The highest of the Nice bike parks and the one with the widest spread: twelve marked descents, two green, four blue, four red and two black, split between the Pelevos sector under the gondola and the Lombarde sector reached by the Combe Grosse chairlift. Big open alpine terrain right on the Italian border, and a regular stop on the French Enduro Series.<br/><br/><b>Getting up / price</b><br/>Two lifts run in summer, the Mercantour gondola and the Combe Grosse detachable chairlift, both with bike racks. Open 4 July to 31 August 2026, plus the weekends of 20/21 and 27/28 June and 5/6 and 12/13 September. The bike day pass is not published online - the Mercantour season pass, valid here and at Auron, is 150 EUR. Ask the lift office for the day rate.<br/><br/><b>Open season</b><br/>Open from 4 July; closed from 1 September (published 2026 dates).<br/>Daily opening hours: 09:00-17:00<br/><small>Typical daily estimate; check the operator schedule.</small><br/><br/><b>Access</b><table class="access"><tr><th>From</th><th>Transport</th><th>Duration</th></tr><tr><td>Nice</td><td>Car</td><td>~1h50</td></tr></table><br/><i>Source: <a href="https://www.isola2000.com/en/summer/mountain-bike/">Isola 2000</a>. Prices, schedules, trail status and access can change; verify before travel.</i>]]></description>
    <styleUrl>#placemark-blue</styleUrl>
    <Point><coordinates>7.149580,44.175590,0</coordinates></Point>
    <ExtendedData xmlns:mwm="https://omaps.app">
      <Data name="spot"><value>isola2000</value></Data>
      <Data name="tags"><value>beginner expert bikepark</value></Data>
      <Data name="open_from"><value>07-04</value></Data>
      <Data name="closed_from"><value>09-01</value></Data>
      <mwm:icon>Mountain</mwm:icon>
      <mwm:visibility>1</mwm:visibility>
    </ExtendedData>
  </Placemark>
  <Placemark>
    <name>Isola 2000: Mercantour gondola base (village)</name>
    <styleUrl>#placemark-gray</styleUrl>
    <Point><coordinates>7.149760,44.189460,0</coordinates></Point>
    <ExtendedData xmlns:mwm="https://omaps.app">
      <Data name="spot"><value>isola2000</value></Data>
      <Data name="tags"><value>beginner expert bikepark</value></Data>
      <mwm:icon>Transport</mwm:icon>
      <mwm:visibility>1</mwm:visibility>
    </ExtendedData>
  </Placemark>
  <Placemark>
    <name>Isola 2000: Combe Grosse chairlift top (Lombarde, 2280 m)</name>
    <styleUrl>#placemark-gray</styleUrl>
    <Point><coordinates>7.164950,44.191220,0</coordinates></Point>
    <ExtendedData xmlns:mwm="https://omaps.app">
      <Data name="spot"><value>isola2000</value></Data>
      <Data name="tags"><value>beginner expert bikepark</value></Data>
      <mwm:icon>Transport</mwm:icon>
      <mwm:visibility>1</mwm:visibility>
    </ExtendedData>
  </Placemark>
  <Placemark>
    <name>Auron (Saint-Etienne-de-Tinee) [20 EUR]</name>
    <description><![CDATA[<b>Blainon 2105 m - top of the Blainon chairlift</b><br/><br/><b>Trails</b><br/>The Tinee valley's gravity centre, and the easiest of the Nice parks to get a full day out of: marked descents drop nearly 500 m off Blainon straight back into the village, with a second, gentler sector above the Pinatelle gondola and the Lieuson chairlift. Grassy and fast up high, forested and rooty lower down.<br/><br/><b>Getting up / price</b><br/>Bike day pass 20 EUR, half day 15 EUR, single ride 10 EUR. Season pass 130 EUR for Auron alone, or 150 EUR for the Mercantour pass that also covers Isola 2000. Lifts run 4 July to 30 August 2026; the Las Donnas cable car is out for maintenance. A Cimes du Mercantour card (1.50 EUR) is needed on top of the pass.<br/><br/><b>Open season</b><br/>Open from 4 July; closed from 31 August (published 2026 dates).<br/>Daily opening hours: 09:00-17:00<br/><small>Typical daily estimate; check the operator schedule.</small><br/><br/><b>Access</b><table class="access"><tr><th>From</th><th>Transport</th><th>Duration</th></tr><tr><td>Nice</td><td>Car</td><td>~2h00</td></tr></table><br/><i>Source: <a href="https://ete.auron.com/en/activities/mountain-biking/">Auron</a>. Prices, schedules, trail status and access can change; verify before travel.</i>]]></description>
    <styleUrl>#placemark-blue</styleUrl>
    <Point><coordinates>6.928080,44.207730,0</coordinates></Point>
    <ExtendedData xmlns:mwm="https://omaps.app">
      <Data name="spot"><value>auron</value></Data>
      <Data name="tags"><value>beginner expert bikepark</value></Data>
      <Data name="open_from"><value>07-04</value></Data>
      <Data name="closed_from"><value>08-31</value></Data>
      <Data name="price_day"><value>20 EUR</value></Data>
      <Data name="price_season"><value>130 EUR</value></Data>
      <mwm:icon>Mountain</mwm:icon>
      <mwm:visibility>1</mwm:visibility>
    </ExtendedData>
  </Placemark>
  <Placemark>
    <name>Auron: Blainon chairlift base (village, 1615 m)</name>
    <styleUrl>#placemark-gray</styleUrl>
    <Point><coordinates>6.929730,44.219900,0</coordinates></Point>
    <ExtendedData xmlns:mwm="https://omaps.app">
      <Data name="spot"><value>auron</value></Data>
      <Data name="tags"><value>beginner expert bikepark</value></Data>
      <mwm:icon>Transport</mwm:icon>
      <mwm:visibility>1</mwm:visibility>
    </ExtendedData>
  </Placemark>
  <Placemark>
    <name>Valberg (Alpes-Maritimes) [16 EUR]</name>
    <description><![CDATA[<b>Eguilles 1875 m - top of the Eguilles chairlift</b><br/><br/><b>Trails</b><br/>Seven downhill runs in the Garibeuil sector, all fed by one chairlift and all finishing back at the bottom station, so laps are quick. About 400 m of descent each. The black line traced by world champion Loic Bruni holds the technical sections; the rest is flowing and well within reach of an intermediate.<br/><br/><b>Getting up / price</b><br/>The Eguilles chairlift takes riders and bikes up in about 8 minutes. Bike day pass 16 EUR for adults, 14 EUR under 16. Pre-opening weekends from 13 June, then daily 27 June to 30 August 2026.<br/><br/><b>Open season</b><br/>Open from 27 June; closed from 31 August (published 2026 dates).<br/>Daily opening hours: 09:00-17:00<br/><small>Typical daily estimate; check the operator schedule.</small><br/><br/><b>Access</b><table class="access"><tr><th>From</th><th>Transport</th><th>Duration</th></tr><tr><td>Nice</td><td>Car</td><td>~1h45</td></tr></table><br/><i>Source: <a href="https://www.valberg.com/les-activites/velo-vtt/bike-park/">Valberg</a>. Prices, schedules, trail status and access can change; verify before travel.</i>]]></description>
    <styleUrl>#placemark-blue</styleUrl>
    <Point><coordinates>6.941120,44.074860,0</coordinates></Point>
    <ExtendedData xmlns:mwm="https://omaps.app">
      <Data name="spot"><value>valberg</value></Data>
      <Data name="tags"><value>beginner expert bikepark</value></Data>
      <Data name="open_from"><value>06-27</value></Data>
      <Data name="closed_from"><value>08-31</value></Data>
      <Data name="price_day"><value>16 EUR</value></Data>
      <mwm:icon>Mountain</mwm:icon>
      <mwm:visibility>1</mwm:visibility>
    </ExtendedData>
  </Placemark>
  <Placemark>
    <name>Valberg: Eguilles chairlift base (1505 m)</name>
    <styleUrl>#placemark-gray</styleUrl>
    <Point><coordinates>6.955870,44.080650,0</coordinates></Point>
    <ExtendedData xmlns:mwm="https://omaps.app">
      <Data name="spot"><value>valberg</value></Data>
      <Data name="tags"><value>beginner expert bikepark</value></Data>
      <mwm:icon>Transport</mwm:icon>
      <mwm:visibility>1</mwm:visibility>
    </ExtendedData>
  </Placemark>
  <Placemark>
    <name>La Colmiane (Valdeblore, Mercantour) [15 EUR]</name>
    <description><![CDATA[<b>Pic de la Colmiane 1785 m - top of the Pic chairlift</b><br/><br/><b>Trails</b><br/>The small, friendly one, and the closest lift-served riding to Nice. Two graded descents, one green and one blue, run under the chairlift, with further natural lines off the top for anyone happy to link them by map. Around 300 m of descent per lap through open larch forest. A good first bike park rather than a destination.<br/><br/><b>Getting up / price</b><br/>The Pic chairlift from Col Saint-Martin carries bikes; the ride is included in the pass. Day pass 15 EUR for riders over 12. Open 6 June to 1 November 2026, weekends plus every day of the summer holidays.<br/><br/><b>Open season</b><br/>Open from 6 June; closed from 2 November (published 2026 dates).<br/>Daily opening hours: 09:00-17:00<br/><small>Typical daily estimate; check the operator schedule.</small><br/><br/><b>Access</b><table class="access"><tr><th>From</th><th>Transport</th><th>Duration</th></tr><tr><td>Nice</td><td>Car</td><td>~1h20</td></tr></table><br/><i>Source: <a href="https://www.lacolmiane.com/en/summer/mountain-bike/">La Colmiane</a>. Prices, schedules, trail status and access can change; verify before travel.</i>]]></description>
    <styleUrl>#placemark-blue</styleUrl>
    <Point><coordinates>7.218070,44.058340,0</coordinates></Point>
    <ExtendedData xmlns:mwm="https://omaps.app">
      <Data name="spot"><value>colmiane</value></Data>
      <Data name="tags"><value>beginner expert bikepark</value></Data>
      <Data name="open_from"><value>06-06</value></Data>
      <Data name="closed_from"><value>11-02</value></Data>
      <Data name="price_day"><value>15 EUR</value></Data>
      <mwm:icon>Mountain</mwm:icon>
      <mwm:visibility>1</mwm:visibility>
    </ExtendedData>
  </Placemark>
  <Placemark>
    <name>La Colmiane: Pic chairlift base (Col Saint-Martin, 1470 m)</name>
    <styleUrl>#placemark-gray</styleUrl>
    <Point><coordinates>7.226970,44.065590,0</coordinates></Point>
    <ExtendedData xmlns:mwm="https://omaps.app">
      <Data name="spot"><value>colmiane</value></Data>
      <Data name="tags"><value>beginner expert bikepark</value></Data>
      <mwm:icon>Transport</mwm:icon>
      <mwm:visibility>1</mwm:visibility>
    </ExtendedData>
  </Placemark>
  <Placemark>
    <name>Col de la Madone / Ravin du Rank (above Menton) [no lift]</name>
    <description><![CDATA[<b>Col de la Madone 925 m - road pass above Menton</b><br/><br/><b>Trails</b><br/>Not a park: one serious trail, and a famous road climb to reach it. The Ravin du Rank drops off the col towards Gorbio, 2.8 km for 550 m of descent, graded T5 with E2 exposure - loose, brittle limestone and long sequences of built stone steps that will find the limits of your suspension and your nerve. Ridden downhill only; walking back up means carrying the bike the whole way. Sea views the entire descent, and ridable in January.<br/><br/><b>Getting up / price</b><br/>Nothing to pay and nothing to ride up in. The col is the road climb the pros use for testing, about 900 m of ascent from Menton by Sainte-Agnes or by Peille. Shuttling by car is the usual alternative.<br/><br/><p class="warn">&#9888;&#65039; T5 and exposed. Scout the step sections on foot before you commit - this is not a graded bike park run.</p><b>Open season</b><br/>Open from 1 January with no seasonal closure in a typical year; check local conditions.<br/><br/><b>Access</b><table class="access"><tr><th>From</th><th>Transport</th><th>Duration</th></tr><tr><td>Menton</td><td>Bike</td><td>~1h15 climb</td></tr><tr><td>Nice</td><td>Car</td><td>~50 min</td></tr></table><br/><i>Source: <a href="https://vttour.fr/sentiers/83">VTTour Ravin du Rank</a>. Prices, schedules, trail status and access can change; verify before travel.</i>]]></description>
    <styleUrl>#placemark-brown</styleUrl>
    <Point><coordinates>7.423330,43.803110,0</coordinates></Point>
    <ExtendedData xmlns:mwm="https://omaps.app">
      <Data name="spot"><value>madone</value></Data>
      <Data name="tags"><value>expert winter natural</value></Data>
      <Data name="open_from"><value>01-01</value></Data>
      <Data name="closed_from"><value>01-01</value></Data>
      <mwm:icon>Mountain</mwm:icon>
      <mwm:visibility>1</mwm:visibility>
    </ExtendedData>
  </Placemark>
  <Placemark>
    <name>Ravin du Rank: Col de la Madone > Gorbio</name>
    <description><![CDATA[The complete 2.743 km Ravin du Rank descent from the Col de la Madone toward Gorbio: 554 m down, graded T5 / E2 by <a href="https://vttour.fr/sentiers/83">VTTour</a>. Hyper-rough, narrow and ridden downhill only; climbing it means carrying the bike throughout.]]></description>
    <styleUrl>#line-trail</styleUrl>
    <LineString><tessellate>1</tessellate><altitudeMode>absolute</altitudeMode><coordinates>
7.4237,43.8031,921 7.4237,43.8025,918 7.4246,43.8015,888 7.4245,43.7988,818 7.4251,43.7991,814 7.4259,43.7976,793 7.4272,43.7969,770 7.4276,43.7958,749 7.4282,43.7954,743 7.4299,43.7953,708 7.4311,43.7944,674 7.4313,43.7941,671 7.4315,43.7934,670 7.4328,43.7935,639 7.4340,43.7921,616 7.4357,43.7920,560 7.4370,43.7913,519 7.4373,43.7914,511 7.4402,43.7894,440 7.4406,43.7884,435 7.4411,43.7881,416 7.4421,43.7881,396 7.4420,43.7876,393 7.4429,43.7872,367
    </coordinates></LineString>
    <ExtendedData xmlns:mwm="https://omaps.app">
      <Data name="spot"><value>madone</value></Data>
      <Data name="tags"><value>expert winter natural</value></Data>
      <mwm:icon>Mountain</mwm:icon>
      <mwm:visibility>1</mwm:visibility>
    </ExtendedData>
  </Placemark>
  <Placemark>
    <name>Menton: Sainte-Agnes GR51 trailhead</name>
    <description><![CDATA[Start of the mapped Sainte-Agnes > Monti descent: the complete GR51 trail described by <a href="https://vttour.fr/sentiers/137">VTTour sentier 137</a> (T3 / E2).]]></description>
    <styleUrl>#placemark-gray</styleUrl>
    <Point><coordinates>7.458455,43.802400,0</coordinates></Point>
    <ExtendedData xmlns:mwm="https://omaps.app">
      <Data name="spot"><value>madone</value></Data>
      <Data name="tags"><value>expert winter natural</value></Data>
      <mwm:icon>Mountain</mwm:icon>
      <mwm:visibility>1</mwm:visibility>
    </ExtendedData>
  </Placemark>
  <Placemark>
    <name>Menton: Sainte-Agnes > Monti</name>
    <description><![CDATA[The complete 4.5 km Sainte-Agnes > Monti GR51 trail referenced by <a href="https://vttour.fr/sentiers/137">VTTour sentier 137</a>: about 500 m down and 80 m up, graded T3 / E2. The line stops at Monti before the road descent into Menton. Geometry reconstructed from OpenStreetMap via BRouter and intended as a planning aid, not turn-by-turn navigation.]]></description>
    <styleUrl>#line-trail</styleUrl>
    <LineString><tessellate>1</tessellate><altitudeMode>clampToGround</altitudeMode><coordinates>
7.458452,43.802392,0 7.458333,43.802416,0 7.458310,43.802450,0 7.458198,43.802524,0 7.457973,43.802563,0 7.457616,43.802589,0 7.457508,43.802621,0 7.457375,43.802688,0 7.457158,43.802768,0 7.457022,43.802836,0 7.456928,43.802944,0 7.456734,43.803052,0 7.456677,43.803070,0 7.456653,43.803093,0 7.456975,43.804092,0 7.456942,43.804202,0 7.456850,43.804276,0 7.456649,43.804291,0 7.456614,43.804320,0 7.456610,43.804360,0 7.456675,43.804424,0 7.456694,43.804522,0 7.456621,43.804750,0 7.456605,43.805039,0 7.456578,43.805203,0 7.456488,43.805358,0 7.456450,43.805532,0 7.456417,43.805749,0 7.456226,43.805966,0 7.456172,43.806096,0 7.456189,43.806202,0 7.455994,43.806536,0 7.455963,43.806682,0 7.455982,43.806740,0 7.455994,43.806774,0 7.456073,43.806878,0 7.456236,43.806989,0 7.456252,43.807015,0 7.456406,43.806965,0 7.456423,43.806999,0 7.456417,43.807042,0 7.456552,43.807031,0 7.456781,43.806976,0 7.456855,43.806937,0 7.456901,43.806823,0 7.457153,43.806635,0 7.457290,43.806454,0 7.457289,43.806321,0 7.457316,43.806286,0 7.457390,43.806241,0 7.457432,43.806285,0 7.457494,43.806294,0 7.457564,43.806237,0 7.457640,43.806242,0 7.457799,43.806375,0 7.457870,43.806353,0 7.457932,43.806343,0 7.458039,43.806281,0 7.458165,43.806210,0 7.458193,43.806214,0 7.458247,43.806247,0 7.458284,43.806258,0 7.458729,43.806001,0 7.458767,43.805881,0 7.458900,43.805880,0 7.459234,43.805753,0 7.459325,43.805641,0 7.459459,43.805544,0 7.459586,43.805407,0 7.459705,43.805373,0 7.459765,43.805387,0 7.459871,43.805431,0 7.460007,43.805436,0 7.460143,43.805479,0 7.460285,43.805483,0 7.460516,43.805532,0 7.460913,43.805757,0 7.461005,43.805909,0 7.461305,43.806251,0 7.461586,43.806591,0 7.461772,43.806689,0 7.462404,43.806953,0 7.462581,43.806984,0 7.462902,43.806936,0 7.462964,43.806953,0 7.463001,43.807012,0 7.463177,43.807041,0 7.463311,43.807132,0 7.463709,43.807231,0 7.463831,43.807339,0 7.464164,43.807483,0 7.464380,43.807617,0 7.464679,43.807802,0 7.465060,43.808069,0 7.465108,43.808103,0 7.465590,43.808157,0 7.465730,43.808296,0 7.466283,43.808425,0 7.466344,43.808423,0 7.466474,43.808381,0 7.466529,43.808341,0 7.466642,43.808240,0 7.466720,43.808190,0 7.466764,43.808217,0 7.466784,43.808300,0 7.466788,43.808391,0 7.466950,43.808816,0 7.467768,43.809047,0 7.468090,43.809256,0 7.468182,43.809363,0 7.468316,43.809520,0 7.468354,43.809718,0 7.468365,43.810065,0 7.468391,43.810100,0 7.468497,43.809955,0 7.468679,43.809837,0 7.468928,43.809775,0 7.469270,43.809427,0 7.469678,43.808916,0 7.470054,43.808552,0 7.470333,43.808165,0 7.470719,43.807646,0 7.470901,43.807600,0 7.471148,43.807584,0 7.471491,43.807553,0 7.471867,43.807391,0 7.471985,43.807143,0 7.472154,43.806961,0 7.472260,43.806863,0 7.472596,43.806941,0 7.473068,43.807321,0 7.473358,43.807507,0 7.473562,43.807840,0 7.473723,43.808126,0 7.473897,43.808399,0 7.473961,43.808552,0 7.474069,43.808470,0 7.474093,43.808528,0 7.474165,43.808580,0 7.474577,43.808219,0 7.474925,43.807994,0 7.475146,43.807784,0 7.475202,43.807732,0 7.475408,43.807430,0 7.475651,43.807102,0 7.475784,43.806976,0 7.476130,43.806823,0 7.476370,43.806677,0 7.476544,43.806486,0 7.476652,43.806346,0 7.476766,43.806256,0 7.477212,43.806070,0 7.477290,43.806001,0 7.477528,43.805906,0 7.478009,43.805808,0 7.478158,43.805749,0 7.478282,43.805627,0 7.478422,43.805447,0 7.478568,43.805185,0 7.478636,43.805155,0 7.478671,43.805140,0 7.478857,43.805097,0 7.479034,43.805075,0 7.479403,43.805069,0 7.479623,43.805025,0 7.479736,43.805041,0 7.479791,43.805000,0 7.479946,43.805135,0 7.479799,43.805390,0 7.479572,43.806046,0 7.479386,43.806248,0 7.479364,43.806347,0 7.479374,43.806473,0 7.479460,43.806800,0 7.479420,43.806908,0 7.479327,43.807081,0 7.479374,43.807197,0 7.479640,43.807319,0 7.479789,43.807410,0 7.480063,43.807770,0 7.480081,43.807794,0 7.480106,43.807889,0 7.480063,43.808082,0 7.480091,43.808273,0 7.480145,43.808320,0 7.480150,43.808393,0 7.480139,43.808483,0 7.480001,43.808773,0 7.480010,43.808866,0 7.480222,43.808939,0 7.480344,43.808931,0 7.480582,43.808880,0 7.480958,43.808888,0 7.480992,43.809013,0 7.480917,43.809190,0 7.480929,43.809311,0 7.481006,43.809501,0 7.480964,43.809578,0 7.480964,43.809721,0 7.480863,43.809872,0 7.480893,43.810079,0 7.480851,43.810148,0 7.480845,43.810217,0 7.480942,43.810244,0 7.481030,43.810244,0 7.481217,43.810146,0 7.481439,43.810078,0 7.481716,43.810098,0 7.482035,43.810110,0 7.482178,43.810030,0 7.482325,43.809978,0 7.482453,43.809958,0 7.482505,43.809960,0 7.482654,43.809967,0 7.482692,43.809944,0 7.482848,43.809847,0 7.483178,43.809779,0 7.483630,43.809583,0 7.483777,43.809508,0 7.483814,43.809438,0 7.483756,43.809396,0 7.483635,43.809368,0 7.483821,43.809233,0 7.484044,43.809145,0 7.484324,43.809038,0 7.484450,43.809054,0 7.484535,43.808980,0 7.484696,43.808882,0 7.484748,43.808826,0 7.484761,43.808670,0 7.484800,43.808675,0
    </coordinates></LineString>
    <ExtendedData xmlns:mwm="https://omaps.app">
      <Data name="spot"><value>madone</value></Data>
      <Data name="tags"><value>expert winter natural</value></Data>
      <mwm:visibility>1</mwm:visibility>
    </ExtendedData>
  </Placemark>
  <Placemark>
    <name>Val di Sole Bike Park (Daolasa, Trentino) [46 EUR]</name>
    <description><![CDATA[<b>Val Mastellina 2040 m - top of the Daolasa gondola</b><br/><br/><b>Trails</b><br/>The World Cup venue, and host of the 2026 World Championships. Four marked runs plus a four-cross track share 550 m of vertical: White Wolf is the blue, Golden Eagle and Wild Grizzly the reds, and Black Snake the black - a downhill course cut by Pippo Marani and widely counted among the steepest and most technical on the circuit. Golden Eagle was rebuilt for 2026 and Black Snake gained a new diagonal and counter-slope section.<br/><br/><b>Getting up / price</b><br/>The 8-seat Daolasa - Val Mastellina gondola runs from Commezzadura in the valley floor. Bike day pass 46 EUR adult, 32 EUR junior, 23 EUR child. Open 27 June to 13 September 2026. The park joined the Gravity Card circuit in 2026, so that pass works here too.<br/><br/><b>Open season</b><br/>Open from 27 June; closed from 14 September (published 2026 dates).<br/>Daily opening hours: 09:00-17:00<br/><small>Typical daily estimate; check the operator schedule.</small><br/><br/><b>Access</b><table class="access"><tr><th>From</th><th>Transport</th><th>Duration</th></tr><tr><td>Trento</td><td>Car</td><td>~1h15</td></tr><tr><td>Milan</td><td>Car</td><td>~3h00</td></tr></table><br/><i>Source: <a href="https://www.valdisolebikeland.com/en/bike-parks">Val di Sole Bikeland</a>. Prices, schedules, trail status and access can change; verify before travel.</i>]]></description>
    <styleUrl>#placemark-blue</styleUrl>
    <Point><coordinates>10.832340,46.280700,0</coordinates></Point>
    <ExtendedData xmlns:mwm="https://omaps.app">
      <Data name="spot"><value>valdisole</value></Data>
      <Data name="tags"><value>beginner expert bikepark</value></Data>
      <Data name="open_from"><value>06-27</value></Data>
      <Data name="closed_from"><value>09-14</value></Data>
      <Data name="price_day"><value>46 EUR</value></Data>
      <mwm:icon>Mountain</mwm:icon>
      <mwm:visibility>1</mwm:visibility>
    </ExtendedData>
  </Placemark>
  <Placemark>
    <name>Val di Sole: Daolasa gondola valley station (815 m)</name>
    <styleUrl>#placemark-gray</styleUrl>
    <Point><coordinates>10.836200,46.319180,0</coordinates></Point>
    <ExtendedData xmlns:mwm="https://omaps.app">
      <Data name="spot"><value>valdisole</value></Data>
      <Data name="tags"><value>beginner expert bikepark</value></Data>
      <mwm:icon>Transport</mwm:icon>
      <mwm:visibility>1</mwm:visibility>
    </ExtendedData>
  </Placemark>
  <Placemark>
    <name>Whistler Mountain Bike Park (British Columbia) [day pass, price unverified]</name>
    <description><![CDATA[<b>Fitzsimmons Express top 1020 m - the bike park's main unload</b><br/><br/><b>Trails</b><br/>The one every other bike park is measured against. Around eighty machine-built and natural trails over four zones: Fitzsimmons for the famous flow - A-Line, Dirt Merchant, Crank It Up - Garbanzo above it for longer and steeper, Creekside for the quiet side, and the Peak zone for Top of the World, a high alpine descent of roughly 1500 m. Green jump lines through to double-black tech, and the trail crew rebuilds constantly.<br/><br/><b>Getting up / price</b><br/>The Fitzsimmons Express chair lifts riders out of Whistler Village; Garbanzo, Creekside and the Peak chair extend the terrain as the season opens up. The park runs mid-May to mid-October, with the Peak zone typically only from July to early September. Adult single-day tickets ran roughly 95-130 CAD in 2026 depending on date and how far ahead you book - we have not verified a fixed 2026 figure, so check whistlerblackcomb.com.<br/><br/><b>Open season</b><br/>Open from 15 May; closed from 16 October (typical window; check the operator and conditions).<br/>Daily opening hours: 10:00-20:00<br/><small>Typical daily estimate; check the operator schedule.</small><br/><br/><b>Access</b><table class="access"><tr><th>From</th><th>Transport</th><th>Duration</th></tr><tr><td>Vancouver</td><td>Car</td><td>~2h00</td></tr></table><br/><i>Source: <a href="https://www.whistlerblackcomb.com/explore-the-resort/activities-and-events/whistler-mountain-bike-park.aspx">Whistler Blackcomb</a>. Prices, schedules, trail status and access can change; verify before travel.</i>]]></description>
    <styleUrl>#placemark-blue</styleUrl>
    <Point><coordinates>-122.953260,50.097320,0</coordinates></Point>
    <ExtendedData xmlns:mwm="https://omaps.app">
      <Data name="spot"><value>whistler</value></Data>
      <Data name="tags"><value>beginner expert bikepark</value></Data>
      <Data name="open_from"><value>05-15</value></Data>
      <Data name="closed_from"><value>10-16</value></Data>
      <mwm:icon>Mountain</mwm:icon>
      <mwm:visibility>1</mwm:visibility>
    </ExtendedData>
  </Placemark>
  <Placemark>
    <name>Whistler: bike park base, Whistler Village (685 m)</name>
    <styleUrl>#placemark-gray</styleUrl>
    <Point><coordinates>-122.953320,50.112850,0</coordinates></Point>
    <ExtendedData xmlns:mwm="https://omaps.app">
      <Data name="spot"><value>whistler</value></Data>
      <Data name="tags"><value>beginner expert bikepark</value></Data>
      <mwm:icon>Transport</mwm:icon>
      <mwm:visibility>1</mwm:visibility>
    </ExtendedData>
  </Placemark>
  <Placemark>
    <name>Whistler: Garbanzo Express top (1680 m)</name>
    <styleUrl>#placemark-gray</styleUrl>
    <Point><coordinates>-122.951080,50.078990,0</coordinates></Point>
    <ExtendedData xmlns:mwm="https://omaps.app">
      <Data name="spot"><value>whistler</value></Data>
      <Data name="tags"><value>expert bikepark</value></Data>
      <mwm:icon>Transport</mwm:icon>
      <mwm:visibility>1</mwm:visibility>
    </ExtendedData>
  </Placemark>
  <Placemark>
    <name>Mont-Sainte-Anne (Quebec) [gondola, price unverified]</name>
    <description><![CDATA[<b>Summit 800 m - top of L'Etoile Filante gondola</b><br/><br/><b>Trails</b><br/>North America's oldest World Cup downhill hill, and still one of its most punishing: the mountain's reputation is built on wet granite, roots and off-camber rock rather than machine-built berms. About 615 m of vertical under the gondola, roughly thirty downhill runs from beginner-graded flow to the World Cup track, and a cross-country and singletrack network that brings the mountain's total to around 175 km. It joined the Crankworx circuit as the 2026 World Tour finale.<br/><br/><b>Getting up / price</b><br/>L'Etoile Filante gondola carries bikes to the summit; two chairlifts serve the lower mountain. Summer day tickets are sold through the resort's own ticket site and we could not confirm a 2026 mountain-bike rate, so check mont-sainte-anne.com before you go.<br/><br/><b>Open season</b><br/>Open from 15 June; closed from 16 October (typical window; check the operator and conditions).<br/>Daily opening hours: 10:00-17:00<br/><small>Typical daily estimate; check the operator schedule.</small><br/><br/><b>Access</b><table class="access"><tr><th>From</th><th>Transport</th><th>Duration</th></tr><tr><td>Quebec City</td><td>Car</td><td>~35 min</td></tr></table><br/><i>Source: <a href="https://mont-sainte-anne.com/en/mountain-biking/">Mont-Sainte-Anne</a>. Prices, schedules, trail status and access can change; verify before travel.</i>]]></description>
    <styleUrl>#placemark-blue</styleUrl>
    <Point><coordinates>-70.931760,47.087040,0</coordinates></Point>
    <ExtendedData xmlns:mwm="https://omaps.app">
      <Data name="spot"><value>montsainteanne</value></Data>
      <Data name="tags"><value>beginner expert bikepark</value></Data>
      <Data name="open_from"><value>06-15</value></Data>
      <Data name="closed_from"><value>10-16</value></Data>
      <mwm:icon>Mountain</mwm:icon>
      <mwm:visibility>1</mwm:visibility>
    </ExtendedData>
  </Placemark>
  <Placemark>
    <name>Mont-Sainte-Anne: gondola base (180 m)</name>
    <styleUrl>#placemark-gray</styleUrl>
    <Point><coordinates>-70.908490,47.074380,0</coordinates></Point>
    <ExtendedData xmlns:mwm="https://omaps.app">
      <Data name="spot"><value>montsainteanne</value></Data>
      <Data name="tags"><value>beginner expert bikepark</value></Data>
      <mwm:icon>Transport</mwm:icon>
      <mwm:visibility>1</mwm:visibility>
    </ExtendedData>
  </Placemark>
  <Placemark>
    <name>Fujimi Panorama (Nagano, Japan) [5500 JPY]</name>
    <description><![CDATA[<b>Summit 1780 m - top of the Suzuran gondola</b><br/><br/><b>Trails</b><br/>Japan's best-known downhill hill, on the flank of the Yatsugatake with the Southern Alps across the valley. Courses run from a wide beginner flow line to steep, rooty and rutted expert tracks; the longest links 8 km of trail for 730 m of descent, which makes for laps that punish arms rather than legs. A separate gentle skill-improvement area sits at the base for anyone starting out.<br/><br/><b>Getting up / price</b><br/>The Suzuran gondola lifts riders and bikes from 1055 m to the 1780 m summit in around 10 minutes; two pair lifts serve the lower courses. One-day gondola and lift pass 5500 JPY adult, 2800 JPY child; the skill area alone is 2500 JPY. The 2026 season runs 24 April to 15 November.<br/><br/><b>Open season</b><br/>Open from 24 April; closed from 16 November (published 2026 dates).<br/>Daily opening hours: 08:30-16:30<br/><small>Typical daily estimate; check the operator schedule.</small><br/><br/><b>Access</b><table class="access"><tr><th>From</th><th>Transport</th><th>Duration</th></tr><tr><td>Tokyo</td><td>Train + shuttle</td><td>~3h00</td></tr><tr><td>Fujimi station</td><td>Shuttle</td><td>~10 min</td></tr></table><br/><i>Source: <a href="https://www.fujimipanorama.com/mtb/">Fujimi Panorama</a>. Prices, schedules, trail status and access can change; verify before travel.</i>]]></description>
    <styleUrl>#placemark-blue</styleUrl>
    <Point><coordinates>138.181230,35.904970,0</coordinates></Point>
    <ExtendedData xmlns:mwm="https://omaps.app">
      <Data name="spot"><value>fujimi</value></Data>
      <Data name="tags"><value>beginner expert bikepark</value></Data>
      <Data name="open_from"><value>04-24</value></Data>
      <Data name="closed_from"><value>11-16</value></Data>
      <Data name="price_day"><value>5500 JPY</value></Data>
      <mwm:icon>Mountain</mwm:icon>
      <mwm:visibility>1</mwm:visibility>
    </ExtendedData>
  </Placemark>
  <Placemark>
    <name>Fujimi Panorama: gondola base (1055 m)</name>
    <styleUrl>#placemark-gray</styleUrl>
    <Point><coordinates>138.204760,35.913090,0</coordinates></Point>
    <ExtendedData xmlns:mwm="https://omaps.app">
      <Data name="spot"><value>fujimi</value></Data>
      <Data name="tags"><value>beginner expert bikepark</value></Data>
      <mwm:icon>Transport</mwm:icon>
      <mwm:visibility>1</mwm:visibility>
    </ExtendedData>
  </Placemark>
  <Placemark>
    <name>Metabief - Mont d'Or (Jura, FR) [26.90 EUR / Magic Pass]</name>
    <description><![CDATA[<b>Morond 1410 m - top of the Morond chairlift</b><br/><br/><b>Trails</b><br/>The biggest bike park in the eastern Jura, and the nearest real downhill to Lausanne. Eight marked downhill and enduro runs share about 390 m of vertical off the Morond, roughly 25 km of trail in total: dark spruce forest, roots and off-camber limestone rather than manicured berms, which makes the reds and blacks ride harder than the modest drop suggests. It rides best in the dry.<br/><br/><b>Getting up / price</b><br/>The Morond chairlift carries bikes, usually 9h30 to 17h30. Day pass 26.90 EUR, four consecutive hours 18.90 EUR. Free with the Magic Pass, including access to the Morond chairlift and bike park. The park opens 1 May 2026 on weekends and public holidays, runs daily from 27 June to 30 August, then returns to weekends in September.<br/><br/><b>Open season</b><br/>Open from 1 May; closed from 28 September (published 2026 bike-park dates).<br/>Daily opening hours: 09:30-17:30<br/><small>Published operating hours; check the operator schedule.</small><br/><br/><b>Access</b><table class="access"><tr><th>From</th><th>Transport</th><th>Duration</th></tr><tr><td>Lausanne</td><td>Car</td><td>~45 min</td></tr><tr><td>Lausanne</td><td>Train + bike</td><td>~1h30</td></tr></table><br/><i>Sources: <a href="https://www.magicpass.ch/en/ski-resorts/metabief-1794">Magic Pass Metabief</a> and the bike-park operator. Prices are 2026 indications &middot; check before you go.</i>]]></description>
    <styleUrl>#placemark-blue</styleUrl>
    <Point><coordinates>6.353640,46.751370,0</coordinates></Point>
    <ExtendedData xmlns:mwm="https://omaps.app">
      <Data name="spot"><value>metabief</value></Data>
      <Data name="tags"><value>beginner expert magicpass bikepark</value></Data>
      <Data name="open_from"><value>05-01</value></Data>
      <Data name="closed_from"><value>09-28</value></Data>
      <Data name="price_day"><value>26.90 EUR</value></Data>
      <mwm:icon>Mountain</mwm:icon>
      <mwm:visibility>1</mwm:visibility>
    </ExtendedData>
  </Placemark>
  <Placemark>
    <name>Metabief: Morond chairlift base (village, 1020 m)</name>
    <styleUrl>#placemark-gray</styleUrl>
    <Point><coordinates>6.356560,46.767620,0</coordinates></Point>
    <ExtendedData xmlns:mwm="https://omaps.app">
      <Data name="spot"><value>metabief</value></Data>
      <Data name="tags"><value>beginner expert magicpass bikepark</value></Data>
      <mwm:icon>Transport</mwm:icon>
      <mwm:visibility>1</mwm:visibility>
    </ExtendedData>
  </Placemark>
  <Placemark>
    <name>Bikepark Leogang - Asitz (Salzburg) [66 EUR]</name>
    <description><![CDATA[<b>Asitz 1755 m - top of the Asitzbahn</b><br/><br/><b>Trails</b><br/>The World Cup hill, and the one most riders mean when they say Austria. Hangman II is the race track, steep and rooty into the finish arena; Riderman and Speedster are the long, jump-heavy signature lines; the Flying Gangster and the wood-built sections keep it from being just another mountainside. There is a genuine green progression line and a skills area at the bottom, so it is not only a park for people who already send.<br/><br/><b>Getting up / price</b><br/>The Asitzbahn gondola runs in two sections from Leogang at 835 m, with the Asitzgipfelbahn continuing to 1860 m. Day pass 66 EUR adult in main season, 56 EUR for four hours; prices are dynamic and cheaper booked online. Season pass 449 EUR, and it also covers Saalbach Hinterglemm, Fieberbrunn and the Kitzsteinhorn. Open 8 May to 8 November 2026.<br/><br/><b>Open season</b><br/>Open from 8 May; closed from 9 November (published 2026 dates).<br/>Daily opening hours: 08:30-16:30<br/><small>Typical daily estimate; check the operator schedule.</small><br/><br/><b>Access</b><table class="access"><tr><th>From</th><th>Transport</th><th>Duration</th></tr><tr><td>Salzburg</td><td>Car</td><td>~1h00</td></tr><tr><td>Munich</td><td>Car</td><td>~2h00</td></tr></table><br/><i>Source: <a href="https://www.saalbach.com/en/summer/mountain-biking/bikepark-leogang">Bikepark Leogang</a>. Prices, schedules, trail status and access can change; verify before travel.</i>]]></description>
    <styleUrl>#placemark-blue</styleUrl>
    <Point><coordinates>12.714450,47.410790,0</coordinates></Point>
    <ExtendedData xmlns:mwm="https://omaps.app">
      <Data name="spot"><value>leogang</value></Data>
      <Data name="tags"><value>beginner expert bikepark</value></Data>
      <Data name="open_from"><value>05-08</value></Data>
      <Data name="closed_from"><value>11-09</value></Data>
      <Data name="price_day"><value>66 EUR</value></Data>
      <Data name="price_season"><value>449 EUR</value></Data>
      <mwm:icon>Mountain</mwm:icon>
      <mwm:visibility>1</mwm:visibility>
    </ExtendedData>
  </Placemark>
  <Placemark>
    <name>Leogang: Asitzbahn valley station (835 m)</name>
    <styleUrl>#placemark-gray</styleUrl>
    <Point><coordinates>12.718830,47.439250,0</coordinates></Point>
    <ExtendedData xmlns:mwm="https://omaps.app">
      <Data name="spot"><value>leogang</value></Data>
      <Data name="tags"><value>beginner expert bikepark</value></Data>
      <mwm:icon>Transport</mwm:icon>
      <mwm:visibility>1</mwm:visibility>
    </ExtendedData>
  </Placemark>
  <Placemark>
    <name>Leogang: Asitzgipfelbahn top (1860 m)</name>
    <styleUrl>#placemark-gray</styleUrl>
    <Point><coordinates>12.707480,47.405770,0</coordinates></Point>
    <ExtendedData xmlns:mwm="https://omaps.app">
      <Data name="spot"><value>leogang</value></Data>
      <Data name="tags"><value>beginner expert bikepark</value></Data>
      <mwm:icon>Transport</mwm:icon>
      <mwm:visibility>1</mwm:visibility>
    </ExtendedData>
  </Placemark>
  <Placemark>
    <name>Saalbach Hinterglemm - Schattberg (Salzburg) [39 EUR]</name>
    <description><![CDATA[<b>Schattberg Ost 2010 m - top of the Schattberg X-Press</b><br/><br/><b>Trails</b><br/>The other half of the Epic Bikepark, and the one that rewards riding all day rather than lapping one line. Over 36 km of park trail plus a dozen singletracks spread across both sides of a long valley, so you can cross the whole thing on lifts. The Hacklbergtrail from the Schattberg is the classic: 6 km and 600 m of descent of natural, flowing singletrack rather than berms. The Reiterkogel side holds the built lines - Blue Line, X-Line, Pro Line - and 18 km of new trail opened at Schoenleiten for 2026.<br/><br/><b>Getting up / price</b><br/>The Schattberg X-Press lifts bikes in two sections out of Saalbach at 990 m; a dozen other lifts carry bikes across the valley. Day pass 39 EUR adult, cheaper booked online, and free discounts apply with a JOKER CARD from local accommodation. The Leogang season pass is valid here.<br/><br/><b>Open season</b><br/>Open from 15 May; closed from 27 October (typical window; check the operator and conditions).<br/>Daily opening hours: 08:30-16:30<br/><small>Typical daily estimate; check the operator schedule.</small><br/><br/><b>Access</b><table class="access"><tr><th>From</th><th>Transport</th><th>Duration</th></tr><tr><td>Salzburg</td><td>Car</td><td>~1h15</td></tr></table><br/><i>Source: <a href="https://www.saalbach.com/en/summer/mountain-biking">Saalbach</a>. Prices, schedules, trail status and access can change; verify before travel.</i>]]></description>
    <styleUrl>#placemark-blue</styleUrl>
    <Point><coordinates>12.637990,47.367880,0</coordinates></Point>
    <ExtendedData xmlns:mwm="https://omaps.app">
      <Data name="spot"><value>saalbach</value></Data>
      <Data name="tags"><value>beginner expert bikepark</value></Data>
      <Data name="open_from"><value>05-15</value></Data>
      <Data name="closed_from"><value>10-27</value></Data>
      <Data name="price_day"><value>39 EUR</value></Data>
      <mwm:icon>Mountain</mwm:icon>
      <mwm:visibility>1</mwm:visibility>
    </ExtendedData>
  </Placemark>
  <Placemark>
    <name>Saalbach: Schattberg X-Press valley station (990 m)</name>
    <styleUrl>#placemark-gray</styleUrl>
    <Point><coordinates>12.635280,47.390310,0</coordinates></Point>
    <ExtendedData xmlns:mwm="https://omaps.app">
      <Data name="spot"><value>saalbach</value></Data>
      <Data name="tags"><value>beginner expert bikepark</value></Data>
      <mwm:icon>Transport</mwm:icon>
      <mwm:visibility>1</mwm:visibility>
    </ExtendedData>
  </Placemark>
  <Placemark>
    <name>Hinterglemm: Reiterkogelbahn, built lines (1475 m)</name>
    <styleUrl>#placemark-gray</styleUrl>
    <Point><coordinates>12.589100,47.388630,0</coordinates></Point>
    <ExtendedData xmlns:mwm="https://omaps.app">
      <Data name="spot"><value>saalbach</value></Data>
      <Data name="tags"><value>beginner expert bikepark</value></Data>
      <mwm:icon>Transport</mwm:icon>
      <mwm:visibility>1</mwm:visibility>
    </ExtendedData>
  </Placemark>
  <Placemark>
    <name>Bikepark Schladming - Planai (Styria) [58.50 EUR]</name>
    <description><![CDATA[<b>Planai 1820 m - top of the Planaibahn</b><br/><br/><b>Trails</b><br/>42 km of trail down a single big face, and the one Austrian park with real World Cup history under it. The 2.5 km World Cup downhill runs from the mid-station to the valley and links out of the 2.6 km Downhill Pro above it, which is as serious as Austrian racing gets. Everything else is built for airtime or for learning: the Flowline, the 99 Jumpline, the Monster Jumpline, and a Rookie Trail that actually works as a first descent.<br/><br/><b>Getting up / price</b><br/>The Planaibahn gondola runs in two sections from Schladming at 740 m. Day pass 58.50 EUR adult, 44.50 EUR youth. Open daily 29 May to 21 September 2026, then Thursday to Sunday until 5 October. The Gravity Card is accepted.<br/><br/><b>Open season</b><br/>Open from 29 May; closed from 6 October (published 2026 dates).<br/>Daily opening hours: 08:30-16:30<br/><small>Typical daily estimate; check the operator schedule.</small><br/><br/><b>Access</b><table class="access"><tr><th>From</th><th>Transport</th><th>Duration</th></tr><tr><td>Salzburg</td><td>Car</td><td>~1h20</td></tr><tr><td>Vienna</td><td>Car</td><td>~3h30</td></tr></table><br/><i>Source: <a href="https://www.schladming-dachstein.at/en/summer/biking/bikepark-schladming">Schladming-Dachstein</a>. Prices, schedules, trail status and access can change; verify before travel.</i>]]></description>
    <styleUrl>#placemark-blue</styleUrl>
    <Point><coordinates>13.724390,47.373000,0</coordinates></Point>
    <ExtendedData xmlns:mwm="https://omaps.app">
      <Data name="spot"><value>schladming</value></Data>
      <Data name="tags"><value>beginner expert bikepark</value></Data>
      <Data name="open_from"><value>05-29</value></Data>
      <Data name="closed_from"><value>10-06</value></Data>
      <Data name="price_day"><value>58.50 EUR</value></Data>
      <mwm:icon>Mountain</mwm:icon>
      <mwm:visibility>1</mwm:visibility>
    </ExtendedData>
  </Placemark>
  <Placemark>
    <name>Schladming: Planaibahn valley station (740 m)</name>
    <styleUrl>#placemark-gray</styleUrl>
    <Point><coordinates>13.693220,47.392890,0</coordinates></Point>
    <ExtendedData xmlns:mwm="https://omaps.app">
      <Data name="spot"><value>schladming</value></Data>
      <Data name="tags"><value>beginner expert bikepark</value></Data>
      <mwm:icon>Transport</mwm:icon>
      <mwm:visibility>1</mwm:visibility>
    </ExtendedData>
  </Placemark>
  <Placemark>
    <name>Bikepark Serfaus-Fiss-Ladis (Tirol) [38.50 EUR]</name>
    <description><![CDATA[<b>Moeseralm 1820 m - top of the Moeseralmbahn, Fiss</b><br/><br/><b>Trails</b><br/>Nine park trails from green to black, and the reason to come: two of the longest singletracks in the Alps drop off the ridge above. The Frommestrail runs 9.8 km for 900 m of descent, and the Zirbentrail 9.1 km through stone pine forest, both starting from the Schoenjoch at 2420 m. Down at the valley station there is a kids park, a pumptrack and a slopestyle zone, which makes this the best of the Austrian parks to bring a family to.<br/><br/><b>Getting up / price</b><br/>The Moeseralmbahn gondola from Fiss serves the park trails; the Schoenjochbahn continues to 2420 m for the long singletracks. Day pass 38.50 EUR adult, 33 EUR from midday. Lifts 8:30 to 17:00, season 13 June to 11 October 2026.<br/><br/><b>Open season</b><br/>Open from 13 June; closed from 12 October (published 2026 dates).<br/>Daily opening hours: 08:30-17:00<br/><small>Published operating hours; check the operator schedule.</small><br/><br/><b>Access</b><table class="access"><tr><th>From</th><th>Transport</th><th>Duration</th></tr><tr><td>Innsbruck</td><td>Car</td><td>~1h15</td></tr></table><br/><i>Source: <a href="https://www.bike-sfl.at/en">Bikepark Serfaus-Fiss-Ladis</a>. Prices, schedules, trail status and access can change; verify before travel.</i>]]></description>
    <styleUrl>#placemark-blue</styleUrl>
    <Point><coordinates>10.592420,47.059590,0</coordinates></Point>
    <ExtendedData xmlns:mwm="https://omaps.app">
      <Data name="spot"><value>serfaus</value></Data>
      <Data name="tags"><value>beginner expert bikepark</value></Data>
      <Data name="open_from"><value>06-13</value></Data>
      <Data name="closed_from"><value>10-12</value></Data>
      <Data name="price_day"><value>38.50 EUR</value></Data>
      <mwm:icon>Mountain</mwm:icon>
      <mwm:visibility>1</mwm:visibility>
    </ExtendedData>
  </Placemark>
  <Placemark>
    <name>Serfaus-Fiss-Ladis: Moeseralmbahn base, Fiss (1465 m)</name>
    <styleUrl>#placemark-gray</styleUrl>
    <Point><coordinates>10.613640,47.056730,0</coordinates></Point>
    <ExtendedData xmlns:mwm="https://omaps.app">
      <Data name="spot"><value>serfaus</value></Data>
      <Data name="tags"><value>beginner expert bikepark</value></Data>
      <mwm:icon>Transport</mwm:icon>
      <mwm:visibility>1</mwm:visibility>
    </ExtendedData>
  </Placemark>
  <Placemark>
    <name>Serfaus-Fiss-Ladis: Schoenjoch, Frommestrail start (2420 m)</name>
    <styleUrl>#placemark-gray</styleUrl>
    <Point><coordinates>10.589330,47.075180,0</coordinates></Point>
    <ExtendedData xmlns:mwm="https://omaps.app">
      <Data name="spot"><value>serfaus</value></Data>
      <Data name="tags"><value>expert bikepark</value></Data>
      <mwm:icon>Transport</mwm:icon>
      <mwm:visibility>1</mwm:visibility>
    </ExtendedData>
  </Placemark>
  <Placemark>
    <name>Bike Republic Soelden (Oetztal, Tirol) [39 EUR]</name>
    <description><![CDATA[<b>Giggijoch 2270 m - top of the Giggijochbahn</b><br/><br/><b>Trails</b><br/>High-alpine riding above the tree line, which almost nowhere else on this map offers on a lift ticket. 33 shaped lines over 42 km, and more than 70 km once the singletracks and enduro routes are counted. The Teaere Line is the flagship flow descent; the Gahe Line is the one people come back with stories about. Two separate lift systems, Giggijoch and Gaislachkogl, open different halves of the mountain.<br/><br/><b>Getting up / price</b><br/>The Giggijochbahn and Gaislachkoglbahn gondolas both take bikes and both sell tickets. Day pass 39 EUR adult, 28 EUR from 11:30. Being at 2270 m, the season is short and weather-dependent - check the lift status before driving up the Oetztal.<br/><br/><b>Open season</b><br/>Open from 12 June; closed from 5 October (typical window; check the operator and conditions).<br/>Daily opening hours: 08:30-16:30<br/><small>Typical daily estimate; check the operator schedule.</small><br/><br/><b>Access</b><table class="access"><tr><th>From</th><th>Transport</th><th>Duration</th></tr><tr><td>Innsbruck</td><td>Car</td><td>~1h00</td></tr></table><br/><i>Source: <a href="https://bikerepublic.soelden.com/">Bike Republic Solden</a>. Prices, schedules, trail status and access can change; verify before travel.</i>]]></description>
    <styleUrl>#placemark-blue</styleUrl>
    <Point><coordinates>10.975980,46.975260,0</coordinates></Point>
    <ExtendedData xmlns:mwm="https://omaps.app">
      <Data name="spot"><value>soelden</value></Data>
      <Data name="tags"><value>beginner expert bikepark</value></Data>
      <Data name="open_from"><value>06-12</value></Data>
      <Data name="closed_from"><value>10-05</value></Data>
      <Data name="price_day"><value>39 EUR</value></Data>
      <mwm:icon>Mountain</mwm:icon>
      <mwm:visibility>1</mwm:visibility>
    </ExtendedData>
  </Placemark>
  <Placemark>
    <name>Soelden: Giggijochbahn valley station (1345 m)</name>
    <styleUrl>#placemark-gray</styleUrl>
    <Point><coordinates>11.008680,46.972500,0</coordinates></Point>
    <ExtendedData xmlns:mwm="https://omaps.app">
      <Data name="spot"><value>soelden</value></Data>
      <Data name="tags"><value>beginner expert bikepark</value></Data>
      <mwm:icon>Transport</mwm:icon>
      <mwm:visibility>1</mwm:visibility>
    </ExtendedData>
  </Placemark>
  <Placemark>
    <name>Bikepark Innsbruck - Muttereralm (Tirol) [57 EUR]</name>
    <description><![CDATA[<b>Muttereralm 1600 m - top of the Muttereralmbahn</b><br/><br/><b>Trails</b><br/>Ten trails over about 20 km, ten minutes from the middle of Innsbruck, which makes this the easiest world-class riding to reach without a car on the whole map. Blue flow through to black downhill race track, an extended top section and connectors between the lines, plus a Rookie Park with an airbag. Across the valley, the Nordkette Singletrail drops off the Seegrube at 1900 m and has a reputation as one of the hardest marked descents in Europe - a different lift, a different ticket, and not a beginner's afternoon.<br/><br/><b>Getting up / price</b><br/>The Muttereralmbahn gondola from Mutters, reachable by tram from Innsbruck. Day pass 57 EUR at the window, from 44 EUR booked online at least three days ahead. Daily 9:00 to 17:00, late May to late October.<br/><br/><b>Open season</b><br/>Open from 25 May; closed from 26 October (typical window; check the operator and conditions).<br/>Daily opening hours: 09:00-17:00<br/><small>Published operating hours; check the operator schedule.</small><br/><br/><b>Access</b><table class="access"><tr><th>From</th><th>Transport</th><th>Duration</th></tr><tr><td>Innsbruck</td><td>Tram + gondola</td><td>~35 min</td></tr></table><br/><i>Source: <a href="https://www.bikepark-innsbruck.com/en/">Bikepark Innsbruck</a>. Prices, schedules, trail status and access can change; verify before travel.</i>]]></description>
    <styleUrl>#placemark-blue</styleUrl>
    <Point><coordinates>11.333710,47.211570,0</coordinates></Point>
    <ExtendedData xmlns:mwm="https://omaps.app">
      <Data name="spot"><value>innsbruck</value></Data>
      <Data name="tags"><value>beginner expert bikepark</value></Data>
      <Data name="open_from"><value>05-25</value></Data>
      <Data name="closed_from"><value>10-26</value></Data>
      <Data name="price_day"><value>57 EUR</value></Data>
      <mwm:icon>Mountain</mwm:icon>
      <mwm:visibility>1</mwm:visibility>
    </ExtendedData>
  </Placemark>
  <Placemark>
    <name>Innsbruck: Muttereralmbahn valley station, Mutters (970 m)</name>
    <styleUrl>#placemark-gray</styleUrl>
    <Point><coordinates>11.366270,47.222440,0</coordinates></Point>
    <ExtendedData xmlns:mwm="https://omaps.app">
      <Data name="spot"><value>innsbruck</value></Data>
      <Data name="tags"><value>beginner expert bikepark</value></Data>
      <mwm:icon>Transport</mwm:icon>
      <mwm:visibility>1</mwm:visibility>
    </ExtendedData>
  </Placemark>
  <Placemark>
    <name>Innsbruck: Seegrube, Nordkette Singletrail start (1900 m)</name>
    <description><![CDATA[Top of the Nordkette Singletrail, a separate lift and a separate ticket from the Muttereralm bike park. Expert only.]]></description>
    <styleUrl>#placemark-gray</styleUrl>
    <Point><coordinates>11.379740,47.306390,0</coordinates></Point>
    <ExtendedData xmlns:mwm="https://omaps.app">
      <Data name="spot"><value>innsbruck</value></Data>
      <Data name="tags"><value>expert bikepark</value></Data>
      <mwm:icon>Transport</mwm:icon>
      <mwm:visibility>1</mwm:visibility>
    </ExtendedData>
  </Placemark>
  <Placemark>
    <name>MTB Zone Bikepark Petzen (Carinthia) [49.50 EUR]</name>
    <description><![CDATA[<b>Petzen 1700 m - top of the Petzen gondola</b><br/><br/><b>Trails</b><br/>Home of the Flow Country Trail: 11.5 km of continuous, brakeless flow from 1700 m down to the valley, named best flow trail in the world by the IMBA in 2014 and still one of the longest in Europe. It is the reason most people drive to Carinthia. Around it sit the Shakedown, Freeride, Thriller, Jump Trail and an EWS race line, so the same 1050 m of vertical also gives you something rough to ride.<br/><br/><b>Getting up / price</b><br/>The Petzen gondola climbs from 650 m in Feistritz to 1700 m, daily 9:00 to 16:30 with the last ride up at 16:15. Day pass 49.50 EUR adult, 44.50 EUR for four hours, season 430 EUR across the MTB Zone parks.<br/><br/><b>Open season</b><br/>Open from 15 May; closed from 27 October (typical window; check the operator and conditions).<br/>Daily opening hours: 09:00-16:30<br/><small>Published hours; last ascent at 16:15.</small><br/><br/><b>Access</b><table class="access"><tr><th>From</th><th>Transport</th><th>Duration</th></tr><tr><td>Klagenfurt</td><td>Car</td><td>~45 min</td></tr><tr><td>Ljubljana</td><td>Car</td><td>~1h15</td></tr></table><br/><i>Source: <a href="https://www.mtbzone-bikepark.com/en/bikeparks/petzen/">MTB Zone Petzen</a>. Prices, schedules, trail status and access can change; verify before travel.</i>]]></description>
    <styleUrl>#placemark-blue</styleUrl>
    <Point><coordinates>14.771630,46.518080,0</coordinates></Point>
    <ExtendedData xmlns:mwm="https://omaps.app">
      <Data name="spot"><value>petzen</value></Data>
      <Data name="tags"><value>beginner expert bikepark</value></Data>
      <Data name="open_from"><value>05-15</value></Data>
      <Data name="closed_from"><value>10-27</value></Data>
      <Data name="price_day"><value>49.50 EUR</value></Data>
      <Data name="price_season"><value>430 EUR</value></Data>
      <mwm:icon>Mountain</mwm:icon>
      <mwm:visibility>1</mwm:visibility>
    </ExtendedData>
  </Placemark>
  <Placemark>
    <name>Petzen: gondola valley station, Feistritz (650 m)</name>
    <styleUrl>#placemark-gray</styleUrl>
    <Point><coordinates>14.773960,46.540450,0</coordinates></Point>
    <ExtendedData xmlns:mwm="https://omaps.app">
      <Data name="spot"><value>petzen</value></Data>
      <Data name="tags"><value>beginner expert bikepark</value></Data>
      <mwm:icon>Transport</mwm:icon>
      <mwm:visibility>1</mwm:visibility>
    </ExtendedData>
  </Placemark>
  <Placemark>
    <name>Flims Laax Falera - Crap Sogn Gion (Graubunden) [from 49 CHF]</name>
    <description><![CDATA[<b>Crap Sogn Gion 2215 m - top of the LAAX cable car</b><br/><br/><b>Trails</b><br/>One of the best-built trail networks in Switzerland, and the home of the Runca Trail: 7.6 km and 740 m of descent of flow, widely rated the finest flow line in the country. The Never End Trail adds a long natural descent back towards Flims, and the mini pipe and freestyle area at Crap Sogn Gion are the summer half of the resort's park-and-pipe reputation.<br/><br/><b>Getting up / price</b><br/>The LAAX cable car and the Arena Express from Flims both carry bikes to Crap Sogn Gion. Bike day passes start around 49 CHF for an adult; rates vary by date, so book online.<br/><br/><b>Open season</b><br/>Open from 15 June; closed from 26 October (typical window; check the operator and conditions).<br/>Daily opening hours: 09:00-17:00<br/><small>Typical daily estimate; check the operator schedule.</small><br/><br/><b>Access</b><table class="access"><tr><th>From</th><th>Transport</th><th>Duration</th></tr><tr><td>Zurich</td><td>Car</td><td>~1h45</td></tr><tr><td>Chur</td><td>Train + bus</td><td>~50 min</td></tr></table><br/><br/><i>Source: <a href="https://www.flimslaax.com/en/biking">Flims Laax</a>. Prices, schedules, trail status and access can change; verify before travel.</i>]]></description>
    <styleUrl>#placemark-blue</styleUrl>
    <Point><coordinates>9.215770,46.835190,0</coordinates></Point>
    <ExtendedData xmlns:mwm="https://omaps.app">
      <Data name="spot"><value>laax</value></Data>
      <Data name="tags"><value>beginner expert bikepark</value></Data>
      <Data name="price_day"><value>49 CHF</value></Data>
      <Data name="open_from"><value>06-15</value></Data>
      <Data name="closed_from"><value>10-26</value></Data>
      <mwm:icon>Mountain</mwm:icon>
      <mwm:visibility>1</mwm:visibility>
    </ExtendedData>
  </Placemark>
  <Placemark>
    <name>Laax: cable car valley station (1090 m)</name>
    <styleUrl>#placemark-gray</styleUrl>
    <Point><coordinates>9.263250,46.820170,0</coordinates></Point>
    <ExtendedData xmlns:mwm="https://omaps.app">
      <Data name="spot"><value>laax</value></Data>
      <Data name="tags"><value>beginner expert bikepark</value></Data>
      <mwm:icon>Transport</mwm:icon>
      <mwm:visibility>1</mwm:visibility>
    </ExtendedData>
  </Placemark>
  <Placemark>
    <name>Flims: Arena Express valley station (1090 m)</name>
    <styleUrl>#placemark-gray</styleUrl>
    <Point><coordinates>9.281270,46.833580,0</coordinates></Point>
    <ExtendedData xmlns:mwm="https://omaps.app">
      <Data name="spot"><value>laax</value></Data>
      <Data name="tags"><value>beginner expert bikepark</value></Data>
      <mwm:icon>Transport</mwm:icon>
      <mwm:visibility>1</mwm:visibility>
    </ExtendedData>
  </Placemark>
  <Placemark>
    <name>Davos Klosters - Gotschna (Graubunden) [60 CHF]</name>
    <description><![CDATA[<b>Gotschnagrat 2280 m - top of the Gotschnabahn</b><br/><br/><b>Trails</b><br/>The Gotschna Freeride is the gravity draw: 5.8 km and 590 m of descent, more than 200 banked turns and thirty-odd tables, built in the spirit of Whistler's A-Line and maintained to the same standard. Across the valley the Jakobshorn holds the Ischalp flow trail, about 7 km for 1000 m of descent, plus a technique trail that works as a genuine first day out.<br/><br/><b>Getting up / price</b><br/>The Gotschnabahn cable car from Klosters at 1190 m. A day pass including bike transport is about 60 CHF; the bike surcharge alone is 15 CHF, and a bike summer season pass is 160 CHF.<br/><br/><b>Open season</b><br/>Open from 15 June; closed from 20 October (typical window; check the operator and conditions).<br/>Daily opening hours: 08:30-17:00<br/><small>Typical daily estimate; check the operator schedule.</small><br/><br/><b>Access</b><table class="access"><tr><th>From</th><th>Transport</th><th>Duration</th></tr><tr><td>Zurich</td><td>Train</td><td>~2h15</td></tr><tr><td>Chur</td><td>Train</td><td>~1h00</td></tr></table><br/><br/><i>Source: <a href="https://www.davos.ch/en/experience/summer/bike">Davos Klosters</a>. Prices, schedules, trail status and access can change; verify before travel.</i>]]></description>
    <styleUrl>#placemark-green</styleUrl>
    <Point><coordinates>9.847830,46.859010,0</coordinates></Point>
    <ExtendedData xmlns:mwm="https://omaps.app">
      <Data name="spot"><value>davos</value></Data>
      <Data name="tags"><value>beginner expert natural</value></Data>
      <Data name="price_day"><value>60 CHF</value></Data>
      <Data name="price_season"><value>160 CHF</value></Data>
      <Data name="open_from"><value>06-15</value></Data>
      <Data name="closed_from"><value>10-20</value></Data>
      <mwm:icon>Mountain</mwm:icon>
      <mwm:visibility>1</mwm:visibility>
    </ExtendedData>
  </Placemark>
  <Placemark>
    <name>Klosters: Gotschnabahn valley station (1190 m)</name>
    <styleUrl>#placemark-gray</styleUrl>
    <Point><coordinates>9.880440,46.869000,0</coordinates></Point>
    <ExtendedData xmlns:mwm="https://omaps.app">
      <Data name="spot"><value>davos</value></Data>
      <Data name="tags"><value>beginner expert natural</value></Data>
      <mwm:icon>Transport</mwm:icon>
      <mwm:visibility>1</mwm:visibility>
    </ExtendedData>
  </Placemark>
  <Placemark>
    <name>Scuol - Motta Naluns (Unterengadin) [lift pass, price unverified]</name>
    <description><![CDATA[<b>Motta Naluns 2145 m - top of the Scuol gondola</b><br/><br/><b>Trails</b><br/>The quiet one. Ten marked mountain-bike routes fan out from Motta Naluns, two easy, two intermediate, three advanced and three hard, and they are natural trails cut into the hillside rather than shaped berms. 850 m of descent back to Scuol, and the Unterengadin gets a lot more sun and a lot fewer riders than Graubunden's headline parks. Finish in the Scuol thermal baths.<br/><br/><b>Getting up / price</b><br/>The Scuol gondola carries bikes, as do the Ftan and Naluns chairlifts. The operator publishes its summer tariff on bergbahnen-scuol.ch; we could not confirm a 2026 bike day rate, so check before you go.<br/><br/><b>Open season</b><br/>Open from 15 June; closed from 19 October (typical window; check the operator and conditions).<br/>Daily opening hours: 09:00-17:00<br/><small>Typical daily estimate; check the operator schedule.</small><br/><br/><b>Access</b><table class="access"><tr><th>From</th><th>Transport</th><th>Duration</th></tr><tr><td>Zurich</td><td>Train</td><td>~3h00</td></tr><tr><td>Landeck</td><td>Car</td><td>~1h00</td></tr></table><br/><br/><i>Source: <a href="https://www.engadin.com/en/bike">Engadin Scuol</a>. Prices, schedules, trail status and access can change; verify before travel.</i>]]></description>
    <styleUrl>#placemark-green</styleUrl>
    <Point><coordinates>10.272460,46.810970,0</coordinates></Point>
    <ExtendedData xmlns:mwm="https://omaps.app">
      <Data name="spot"><value>scuol</value></Data>
      <Data name="tags"><value>beginner expert natural</value></Data>
      <Data name="open_from"><value>06-15</value></Data>
      <Data name="closed_from"><value>10-19</value></Data>
      <mwm:icon>Mountain</mwm:icon>
      <mwm:visibility>1</mwm:visibility>
    </ExtendedData>
  </Placemark>
  <Placemark>
    <name>Scuol: gondola valley station (1295 m)</name>
    <styleUrl>#placemark-gray</styleUrl>
    <Point><coordinates>10.289130,46.795320,0</coordinates></Point>
    <ExtendedData xmlns:mwm="https://omaps.app">
      <Data name="spot"><value>scuol</value></Data>
      <Data name="tags"><value>beginner expert natural</value></Data>
      <mwm:icon>Transport</mwm:icon>
      <mwm:visibility>1</mwm:visibility>
    </ExtendedData>
  </Placemark>
  <Placemark>
    <name>Engelberg - Jochpass (Obwalden) [42 CHF]</name>
    <description><![CDATA[<b>Jochpass 2205 m - top of the Jochpass chairlift</b><br/><br/><b>Trails</b><br/>The Jochpass Trail is the reason to come: 4.5 km of flowtrail from the pass down to Trubsee, gentle curves and small jumps, with no technical difficulty and a genuinely spectacular setting under the Titlis. Lower down, the Hells-Bells Trail adds 1.6 km with berms and a few harder sections. Not a big park, but a very good day, and easy to reach from Lucerne without a car.<br/><br/><b>Getting up / price</b><br/>The Titlis Xpress gondola from Engelberg at 1000 m to Trubsee, then the Jochpass chairlift. MTB day pass 42 CHF for 16 and over, 21 CHF for 6 to 15, valid Engelberg - Trubsee - Jochpass - Engstlenalp.<br/><br/><b>Open season</b><br/>Open from 15 June; closed from 19 October (typical window; check the operator and conditions).<br/>Daily opening hours: 09:00-17:00<br/><small>Typical daily estimate; check the operator schedule.</small><br/><br/><b>Access</b><table class="access"><tr><th>From</th><th>Transport</th><th>Duration</th></tr><tr><td>Lucerne</td><td>Train</td><td>~45 min</td></tr><tr><td>Zurich</td><td>Train</td><td>~1h45</td></tr></table><br/><br/><i>Source: <a href="https://www.engelberg.ch/en/summer/biking/">Engelberg</a>. Prices, schedules, trail status and access can change; verify before travel.</i>]]></description>
    <styleUrl>#placemark-blue</styleUrl>
    <Point><coordinates>8.386750,46.778750,0</coordinates></Point>
    <ExtendedData xmlns:mwm="https://omaps.app">
      <Data name="spot"><value>engelberg</value></Data>
      <Data name="tags"><value>beginner expert bikepark</value></Data>
      <Data name="price_day"><value>42 CHF</value></Data>
      <Data name="open_from"><value>06-15</value></Data>
      <Data name="closed_from"><value>10-19</value></Data>
      <mwm:icon>Mountain</mwm:icon>
      <mwm:visibility>1</mwm:visibility>
    </ExtendedData>
  </Placemark>
  <Placemark>
    <name>Engelberg: Trubsee, gondola mid-station (1790 m)</name>
    <styleUrl>#placemark-gray</styleUrl>
    <Point><coordinates>8.397670,46.793500,0</coordinates></Point>
    <ExtendedData xmlns:mwm="https://omaps.app">
      <Data name="spot"><value>engelberg</value></Data>
      <Data name="tags"><value>beginner expert bikepark</value></Data>
      <mwm:icon>Transport</mwm:icon>
      <mwm:visibility>1</mwm:visibility>
    </ExtendedData>
  </Placemark>
  <Placemark>
    <name>Engelberg: Titlis Xpress valley station (1000 m)</name>
    <styleUrl>#placemark-gray</styleUrl>
    <Point><coordinates>8.396650,46.816220,0</coordinates></Point>
    <ExtendedData xmlns:mwm="https://omaps.app">
      <Data name="spot"><value>engelberg</value></Data>
      <Data name="tags"><value>beginner expert bikepark</value></Data>
      <mwm:icon>Transport</mwm:icon>
      <mwm:visibility>1</mwm:visibility>
    </ExtendedData>
  </Placemark>
  <Placemark>
    <name>Flumserberg - BikerBerg (St. Gallen) [35 CHF]</name>
    <description><![CDATA[<b>Prodalp 1575 m - top of the Prodalp-Express</b><br/><br/><b>Trails</b><br/>13 km of easy and intermediate BikerTrails above the Walensee, which makes this the friendliest gravity day within an hour of Zurich. BlueSalamander drops from Prodalp, and Red Fox and Red Rock come off the Prodkamm chairlift higher up. Nothing here is trying to frighten you; it is a place to build confidence with a lake view.<br/><br/><b>Getting up / price</b><br/>The 12-seat Prodalp-Express gondola from Tannenheim, plus the Prodkamm chairlift. Biker day ticket 35 CHF, including both lifts and the trails.<br/><br/><b>Open season</b><br/>Open from 23 May; closed from 26 October (typical window; check the operator and conditions).<br/>Daily opening hours: 09:00-17:00<br/><small>Typical daily estimate; check the operator schedule.</small><br/><br/><b>Access</b><table class="access"><tr><th>From</th><th>Transport</th><th>Duration</th></tr><tr><td>Zurich</td><td>Train + bus</td><td>~1h30</td></tr><tr><td>Zurich</td><td>Car</td><td>~1h00</td></tr></table><br/><br/><i>Source: <a href="https://www.flumserberg.ch/en/Experience-summer/Biking">Flumserberg</a>. Prices, schedules, trail status and access can change; verify before travel.</i>]]></description>
    <styleUrl>#placemark-blue</styleUrl>
    <Point><coordinates>9.290260,47.080440,0</coordinates></Point>
    <ExtendedData xmlns:mwm="https://omaps.app">
      <Data name="spot"><value>flumserberg</value></Data>
      <Data name="tags"><value>beginner expert bikepark</value></Data>
      <Data name="price_day"><value>35 CHF</value></Data>
      <Data name="open_from"><value>05-23</value></Data>
      <Data name="closed_from"><value>10-26</value></Data>
      <mwm:icon>Mountain</mwm:icon>
      <mwm:visibility>1</mwm:visibility>
    </ExtendedData>
  </Placemark>
  <Placemark>
    <name>Flumserberg: Prodalp-Express valley station, Tannenheim (1225 m)</name>
    <styleUrl>#placemark-gray</styleUrl>
    <Point><coordinates>9.303490,47.089060,0</coordinates></Point>
    <ExtendedData xmlns:mwm="https://omaps.app">
      <Data name="spot"><value>flumserberg</value></Data>
      <Data name="tags"><value>beginner expert bikepark</value></Data>
      <mwm:icon>Transport</mwm:icon>
      <mwm:visibility>1</mwm:visibility>
    </ExtendedData>
  </Placemark>
  <Placemark>
    <name>St. Moritz - Corviglia (Engadin) [lift pass, price unverified]</name>
    <description><![CDATA[<b>Corviglia 2485 m - top of the Signalbahn and the Marguns gondola</b><br/><br/><b>Trails</b><br/>High, wide and open, with the Engadin lakes below you for the whole descent. Corviglia is the hub: flow trails drop towards St. Moritz and Celerina, and the surrounding valley has one of the densest marked mountain-bike networks in Switzerland once you are willing to pedal between lifts. Not a bike park in the berms-and-tables sense, more a lift-served alpine playground.<br/><br/><b>Getting up / price</b><br/>The Signalbahn from St. Moritz Dorf and the gondola from Celerina to Marguns both carry bikes. Engadin publishes summer tariffs seasonally and we could not confirm a 2026 bike day rate; check the operator.<br/><br/><b>Open season</b><br/>Open from 15 June; closed from 19 October (typical window; check the operator and conditions).<br/>Daily opening hours: 08:30-17:00<br/><small>Typical daily estimate; check the operator schedule.</small><br/><br/><b>Access</b><table class="access"><tr><th>From</th><th>Transport</th><th>Duration</th></tr><tr><td>Zurich</td><td>Train</td><td>~3h15</td></tr><tr><td>Chur</td><td>Train</td><td>~2h00</td></tr></table><br/><br/><i>Source: <a href="https://www.engadin.ch/en/bike/">Engadin St. Moritz</a>. Prices, schedules, trail status and access can change; verify before travel.</i>]]></description>
    <styleUrl>#placemark-green</styleUrl>
    <Point><coordinates>9.818530,46.508010,0</coordinates></Point>
    <ExtendedData xmlns:mwm="https://omaps.app">
      <Data name="spot"><value>stmoritz</value></Data>
      <Data name="tags"><value>beginner expert natural</value></Data>
      <Data name="open_from"><value>06-15</value></Data>
      <Data name="closed_from"><value>10-19</value></Data>
      <mwm:icon>Mountain</mwm:icon>
      <mwm:visibility>1</mwm:visibility>
    </ExtendedData>
  </Placemark>
  <Placemark>
    <name>St. Moritz: Signalbahn valley station (1775 m)</name>
    <styleUrl>#placemark-gray</styleUrl>
    <Point><coordinates>9.832660,46.483530,0</coordinates></Point>
    <ExtendedData xmlns:mwm="https://omaps.app">
      <Data name="spot"><value>stmoritz</value></Data>
      <Data name="tags"><value>beginner expert natural</value></Data>
      <mwm:icon>Transport</mwm:icon>
      <mwm:visibility>1</mwm:visibility>
    </ExtendedData>
  </Placemark>
  <Placemark>
    <name>Celerina: Marguns gondola top (2275 m)</name>
    <styleUrl>#placemark-gray</styleUrl>
    <Point><coordinates>9.825040,46.516740,0</coordinates></Point>
    <ExtendedData xmlns:mwm="https://omaps.app">
      <Data name="spot"><value>stmoritz</value></Data>
      <Data name="tags"><value>beginner expert natural</value></Data>
      <mwm:icon>Transport</mwm:icon>
      <mwm:visibility>1</mwm:visibility>
    </ExtendedData>
  </Placemark>
  <Placemark>
    <name>Les Gets - Chavannes (Portes du Soleil, FR) [38 EUR]</name>
    <description><![CDATA[<b>Chavannes 1490 m - top of the Chavannes gondola</b><br/><br/><b>Trails</b><br/>128 km of marked trail on its own, and the gateway to the 650 km Portes du Soleil network next door. The Chavannes side holds most of the bike park - flow lines, jump trails and a well-judged green progression - while Mont Chery across the valley has the steep, rooty World Championship downhill track. As complete a bike-park week as France offers.<br/><br/><b>Getting up / price</b><br/>The Chavannes gondola and Chavannes Express from the village at 1170 m, plus the Mont Chery gondola. A Portes du Soleil day pass is 38 EUR online, 40 EUR at the desk; season 438 EUR. A single Les Gets lift ride is 9.30 EUR.<br/><br/><b>Open season</b><br/>Open from 19 June; closed from 13 September (published 2026 dates). Mont Chery closes 30 August; pre-opening weekends from 22 May.<br/>Daily opening hours: 09:00-17:00<br/><small>Typical daily estimate; check the operator schedule.</small><br/><br/><b>Access</b><table class="access"><tr><th>From</th><th>Transport</th><th>Duration</th></tr><tr><td>Geneva</td><td>Car</td><td>~1h30</td></tr><tr><td>Lausanne</td><td>Car</td><td>~2h00</td></tr></table><br/><br/><i>Source: <a href="https://www.lesgets.com/en/to-do/summer/mountain-bike/">Les Gets</a>. Prices, schedules, trail status and access can change; verify before travel.</i>]]></description>
    <styleUrl>#placemark-blue</styleUrl>
    <Point><coordinates>6.685490,46.150280,0</coordinates></Point>
    <ExtendedData xmlns:mwm="https://omaps.app">
      <Data name="spot"><value>lesgets</value></Data>
      <Data name="tags"><value>beginner expert bikepark</value></Data>
      <Data name="price_day"><value>38 EUR</value></Data>
      <Data name="price_season"><value>438 EUR</value></Data>
      <Data name="open_from"><value>06-19</value></Data>
      <Data name="closed_from"><value>09-13</value></Data>
      <mwm:icon>Mountain</mwm:icon>
      <mwm:visibility>1</mwm:visibility>
    </ExtendedData>
  </Placemark>
  <Placemark>
    <name>Les Gets: Chavannes gondola valley station (1170 m)</name>
    <styleUrl>#placemark-gray</styleUrl>
    <Point><coordinates>6.668730,46.156960,0</coordinates></Point>
    <ExtendedData xmlns:mwm="https://omaps.app">
      <Data name="spot"><value>lesgets</value></Data>
      <Data name="tags"><value>beginner expert bikepark</value></Data>
      <mwm:icon>Transport</mwm:icon>
      <mwm:visibility>1</mwm:visibility>
    </ExtendedData>
  </Placemark>
  <Placemark>
    <name>Les Gets: Mont Chery gondola top, World Champs DH (1535 m)</name>
    <styleUrl>#placemark-gray</styleUrl>
    <Point><coordinates>6.658700,46.165460,0</coordinates></Point>
    <ExtendedData xmlns:mwm="https://omaps.app">
      <Data name="spot"><value>lesgets</value></Data>
      <Data name="tags"><value>expert bikepark</value></Data>
      <mwm:icon>Transport</mwm:icon>
      <mwm:visibility>1</mwm:visibility>
    </ExtendedData>
  </Placemark>
  <Placemark>
    <name>Morzine - Le Pleney (Portes du Soleil, FR) [38 EUR]</name>
    <description><![CDATA[<b>Le Pleney 1490 m - top of the Pleney gondola</b><br/><br/><b>Trails</b><br/>The other half of the Morzine-Les Gets pairing, and the classic base for a Portes du Soleil trip: lifts run in every direction from town, and by lunchtime you can be in Switzerland. The Pleney holds the historic downhill runs straight back into the village, and the Prodains lift up to Avoriaz opens the high, rockier riding around the Lindarets and the Swiss border.<br/><br/><b>Getting up / price</b><br/>The Pleney gondola from the middle of Morzine at 985 m; the Prodains Express 3S serves Avoriaz. Portes du Soleil day pass 38 EUR online, season 438 EUR - the same ticket as Les Gets, Chatel and Champery.<br/><br/><b>Open season</b><br/>Open from 19 June; closed from 13 September (typical window; check the operator and conditions).<br/>Daily opening hours: 09:00-17:00<br/><small>Typical daily estimate; check the operator schedule.</small><br/><br/><b>Access</b><table class="access"><tr><th>From</th><th>Transport</th><th>Duration</th></tr><tr><td>Geneva</td><td>Car</td><td>~1h20</td></tr><tr><td>Lausanne</td><td>Car</td><td>~1h50</td></tr></table><br/><br/><i>Source: <a href="https://en.morzine-avoriaz.com/discover-morzine/summer/mountain-biking/">Morzine</a>. Prices, schedules, trail status and access can change; verify before travel.</i>]]></description>
    <styleUrl>#placemark-blue</styleUrl>
    <Point><coordinates>6.692590,46.169600,0</coordinates></Point>
    <ExtendedData xmlns:mwm="https://omaps.app">
      <Data name="spot"><value>morzine</value></Data>
      <Data name="tags"><value>beginner expert bikepark</value></Data>
      <Data name="price_day"><value>38 EUR</value></Data>
      <Data name="price_season"><value>438 EUR</value></Data>
      <Data name="open_from"><value>06-19</value></Data>
      <Data name="closed_from"><value>09-13</value></Data>
      <mwm:icon>Mountain</mwm:icon>
      <mwm:visibility>1</mwm:visibility>
    </ExtendedData>
  </Placemark>
  <Placemark>
    <name>Morzine: Pleney gondola valley station (985 m)</name>
    <styleUrl>#placemark-gray</styleUrl>
    <Point><coordinates>6.701940,46.179900,0</coordinates></Point>
    <ExtendedData xmlns:mwm="https://omaps.app">
      <Data name="spot"><value>morzine</value></Data>
      <Data name="tags"><value>beginner expert bikepark</value></Data>
      <mwm:icon>Transport</mwm:icon>
      <mwm:visibility>1</mwm:visibility>
    </ExtendedData>
  </Placemark>
  <Placemark>
    <name>Avoriaz: Prodains Express top (1760 m)</name>
    <styleUrl>#placemark-gray</styleUrl>
    <Point><coordinates>6.774810,46.187400,0</coordinates></Point>
    <ExtendedData xmlns:mwm="https://omaps.app">
      <Data name="spot"><value>morzine</value></Data>
      <Data name="tags"><value>beginner expert bikepark</value></Data>
      <mwm:icon>Transport</mwm:icon>
      <mwm:visibility>1</mwm:visibility>
    </ExtendedData>
  </Placemark>
  <Placemark>
    <name>La Clusaz (Aravis, FR) [23.50 EUR]</name>
    <description><![CDATA[<b>Beauregard 1630 m - top of the Beauregard gondola</b><br/><br/><b>Trails</b><br/>Six downhill runs and five enduro lines off the Beauregard and the Cret du Merle, inside a wider network of 125 km of marked trails across the Aravis. Steeper and more wooded than the big Tarentaise parks, and small enough to ride everything in a day. The village at the bottom is a genuine mountain town rather than a purpose-built base.<br/><br/><b>Getting up / price</b><br/>The Beauregard gondola from the village at 1040 m, plus the Cret du Merle and Cret du Loup chairlifts. Bike day pass 23.50 EUR adult, 19 EUR child.<br/><br/><b>Open season</b><br/>Open from 13 June; closed from 20 September (published 2026 dates). Weekends in June and September, daily 1 July to 30 August.<br/>Daily opening hours: 09:00-17:00<br/><small>Typical daily estimate; check the operator schedule.</small><br/><br/><b>Access</b><table class="access"><tr><th>From</th><th>Transport</th><th>Duration</th></tr><tr><td>Geneva</td><td>Car</td><td>~1h15</td></tr><tr><td>Annecy</td><td>Car</td><td>~40 min</td></tr></table><br/><br/><i>Source: <a href="https://www.laclusaz.com/en/mountain-biking/">La Clusaz</a>. Prices, schedules, trail status and access can change; verify before travel.</i>]]></description>
    <styleUrl>#placemark-blue</styleUrl>
    <Point><coordinates>6.406810,45.893970,0</coordinates></Point>
    <ExtendedData xmlns:mwm="https://omaps.app">
      <Data name="spot"><value>laclusaz</value></Data>
      <Data name="tags"><value>beginner expert bikepark</value></Data>
      <Data name="price_day"><value>23.50 EUR</value></Data>
      <Data name="open_from"><value>06-13</value></Data>
      <Data name="closed_from"><value>09-20</value></Data>
      <mwm:icon>Mountain</mwm:icon>
      <mwm:visibility>1</mwm:visibility>
    </ExtendedData>
  </Placemark>
  <Placemark>
    <name>La Clusaz: Beauregard gondola valley station (1040 m)</name>
    <styleUrl>#placemark-gray</styleUrl>
    <Point><coordinates>6.422250,45.903210,0</coordinates></Point>
    <ExtendedData xmlns:mwm="https://omaps.app">
      <Data name="spot"><value>laclusaz</value></Data>
      <Data name="tags"><value>beginner expert bikepark</value></Data>
      <mwm:icon>Transport</mwm:icon>
      <mwm:visibility>1</mwm:visibility>
    </ExtendedData>
  </Placemark>
  <Placemark>
    <name>Samoens - Grand Massif (FR) [33 EUR]</name>
    <description><![CDATA[<b>Samoens 1600 - top of the Grand Massif Express</b><br/><br/><b>Trails</b><br/>The Grand Massif Express climbs almost 900 m out of the valley floor, which gives Samoens some of the longest continuous descents in Haute-Savoie. The bike park itself is moderate rather than extreme, but the pass covers Flaine, Les Carroz and Morillon too, so an enduro day linking four resorts is the real draw.<br/><br/><b>Getting up / price</b><br/>The Grand Massif Express gondola from Samoens at 700 m. A Grand Massif pedestrian and bike day pass is 33 EUR and covers the whole domain; single-resort day passes at Les Carroz and Morillon are 20-21 EUR.<br/><br/><b>Open season</b><br/>Open from 27 June; closed from 31 August (typical window; check the operator and conditions).<br/>Daily opening hours: 09:00-17:00<br/><small>Typical daily estimate; check the operator schedule.</small><br/><br/><b>Access</b><table class="access"><tr><th>From</th><th>Transport</th><th>Duration</th></tr><tr><td>Geneva</td><td>Car</td><td>~1h15</td></tr><tr><td>Lausanne</td><td>Car</td><td>~2h15</td></tr></table><br/><br/><i>Source: <a href="https://www.samoens.com/en/mountain-biking/">Samoens</a>. Prices, schedules, trail status and access can change; verify before travel.</i>]]></description>
    <styleUrl>#placemark-blue</styleUrl>
    <Point><coordinates>6.702320,46.055470,0</coordinates></Point>
    <ExtendedData xmlns:mwm="https://omaps.app">
      <Data name="spot"><value>samoens</value></Data>
      <Data name="tags"><value>beginner expert bikepark</value></Data>
      <Data name="price_day"><value>33 EUR</value></Data>
      <Data name="open_from"><value>06-27</value></Data>
      <Data name="closed_from"><value>08-31</value></Data>
      <mwm:icon>Mountain</mwm:icon>
      <mwm:visibility>1</mwm:visibility>
    </ExtendedData>
  </Placemark>
  <Placemark>
    <name>Samoens: Grand Massif Express valley station (700 m)</name>
    <styleUrl>#placemark-gray</styleUrl>
    <Point><coordinates>6.721230,46.076530,0</coordinates></Point>
    <ExtendedData xmlns:mwm="https://omaps.app">
      <Data name="spot"><value>samoens</value></Data>
      <Data name="tags"><value>beginner expert bikepark</value></Data>
      <mwm:icon>Transport</mwm:icon>
      <mwm:visibility>1</mwm:visibility>
    </ExtendedData>
  </Placemark>
  <Placemark>
    <name>Tignes (Tarentaise, FR) [20 EUR]</name>
    <description><![CDATA[<b>Toviere 2695 m - top of the Toviere gondola</b><br/><br/><b>Trails</b><br/>High-altitude riding at the top of the Tarentaise: the Tignes - Val d'Isere bike area counts 230 km of routes across downhill, enduro and cross-country, most of it above 2000 m and above the trees. Rocky, fast and exposed, with a short season to match. One of the cheapest big lift passes in the French Alps.<br/><br/><b>Getting up / price</b><br/>The Toviere gondola from Tignes le Lac at 2090 m, plus the Palafour and other summer lifts. Bike day pass 20 EUR, six days 80 EUR, season 160 EUR; lifts also included in the My Tignes activity card.<br/><br/><b>Open season</b><br/>Open from 4 July; closed from 30 August (published 2026 dates).<br/>Daily opening hours: 09:00-17:00<br/><small>Typical daily estimate; check the operator schedule.</small><br/><br/><b>Access</b><table class="access"><tr><th>From</th><th>Transport</th><th>Duration</th></tr><tr><td>Geneva</td><td>Car</td><td>~3h00</td></tr><tr><td>Chambery</td><td>Car</td><td>~2h15</td></tr></table><br/><br/><i>Source: <a href="https://en.tignes.net/activities/summer/mountain-bike">Tignes</a>. Prices, schedules, trail status and access can change; verify before travel.</i>]]></description>
    <styleUrl>#placemark-blue</styleUrl>
    <Point><coordinates>6.919620,45.455800,0</coordinates></Point>
    <ExtendedData xmlns:mwm="https://omaps.app">
      <Data name="spot"><value>tignes</value></Data>
      <Data name="tags"><value>beginner expert bikepark</value></Data>
      <Data name="price_day"><value>20 EUR</value></Data>
      <Data name="price_season"><value>160 EUR</value></Data>
      <Data name="open_from"><value>07-04</value></Data>
      <Data name="closed_from"><value>08-30</value></Data>
      <mwm:icon>Mountain</mwm:icon>
      <mwm:visibility>1</mwm:visibility>
    </ExtendedData>
  </Placemark>
  <Placemark>
    <name>Tignes: Toviere gondola base, Tignes le Lac (2090 m)</name>
    <styleUrl>#placemark-gray</styleUrl>
    <Point><coordinates>6.907230,45.468240,0</coordinates></Point>
    <ExtendedData xmlns:mwm="https://omaps.app">
      <Data name="spot"><value>tignes</value></Data>
      <Data name="tags"><value>beginner expert bikepark</value></Data>
      <mwm:icon>Transport</mwm:icon>
      <mwm:visibility>1</mwm:visibility>
    </ExtendedData>
  </Placemark>
  <Placemark>
    <name>Serre Chevalier (Hautes-Alpes, FR) [28 EUR]</name>
    <description><![CDATA[<b>Ratier 1895 m - top of the Ratier gondola, Chantemerle</b><br/><br/><b>Trails</b><br/>A big, sunny, south-facing domain strung along the Guisane valley, with four sectors and enough vertical that the descents to the valley floor go on far longer than you expect. Chantemerle and Villeneuve carry the bike park; the Serre Chevalier cable car above Ratier reaches 2470 m for the high traverses. Larch forest, dry dirt and 300 days of sun a year.<br/><br/><b>Getting up / price</b><br/>The Ratier gondola from Chantemerle at 1360 m; the Casse du Boeuf chairlift at Villeneuve opens first each season. Bike day pass 28 EUR, two non-consecutive days 48.50 EUR, adult season 270.50 EUR.<br/><br/><b>Open season</b><br/>Open from 20 June; closed from 30 August (published 2026 dates). Chantemerle opens 27 June, Briancon and Monetier 4 July.<br/>Daily opening hours: 09:00-17:00<br/><small>Typical daily estimate; check the operator schedule.</small><br/><br/><b>Access</b><table class="access"><tr><th>From</th><th>Transport</th><th>Duration</th></tr><tr><td>Grenoble</td><td>Car</td><td>~1h45</td></tr><tr><td>Marseille</td><td>Car</td><td>~3h00</td></tr></table><br/><br/><i>Source: <a href="https://www.serre-chevalier.com/en/summer/bike">Serre Chevalier</a>. Prices, schedules, trail status and access can change; verify before travel.</i>]]></description>
    <styleUrl>#placemark-blue</styleUrl>
    <Point><coordinates>6.571110,44.925010,0</coordinates></Point>
    <ExtendedData xmlns:mwm="https://omaps.app">
      <Data name="spot"><value>serrechevalier</value></Data>
      <Data name="tags"><value>beginner expert bikepark</value></Data>
      <Data name="price_day"><value>28 EUR</value></Data>
      <Data name="price_season"><value>270.50 EUR</value></Data>
      <Data name="open_from"><value>06-20</value></Data>
      <Data name="closed_from"><value>08-30</value></Data>
      <mwm:icon>Mountain</mwm:icon>
      <mwm:visibility>1</mwm:visibility>
    </ExtendedData>
  </Placemark>
  <Placemark>
    <name>Serre Chevalier: Ratier gondola valley station, Chantemerle (1360 m)</name>
    <styleUrl>#placemark-gray</styleUrl>
    <Point><coordinates>6.587400,44.932930,0</coordinates></Point>
    <ExtendedData xmlns:mwm="https://omaps.app">
      <Data name="spot"><value>serrechevalier</value></Data>
      <Data name="tags"><value>beginner expert bikepark</value></Data>
      <mwm:icon>Transport</mwm:icon>
      <mwm:visibility>1</mwm:visibility>
    </ExtendedData>
  </Placemark>
  <Placemark>
    <name>Serre Chevalier: cable car summit (2470 m)</name>
    <styleUrl>#placemark-gray</styleUrl>
    <Point><coordinates>6.550300,44.910920,0</coordinates></Point>
    <ExtendedData xmlns:mwm="https://omaps.app">
      <Data name="spot"><value>serrechevalier</value></Data>
      <Data name="tags"><value>expert bikepark</value></Data>
      <mwm:icon>Transport</mwm:icon>
      <mwm:visibility>1</mwm:visibility>
    </ExtendedData>
  </Placemark>
  <Placemark>
    <name>SilverStar Bike Park (British Columbia) [84 CAD]</name>
    <description><![CDATA[<b>Silver Star summit 1885 m - top of the Summit Express gondola</b><br/><br/><b>Trails</b><br/>Canada's second-largest bike park, and the one riders name when they have had enough of Whistler's crowds. Over 69 km of park trail inside a 139 km network, more than 870 berms, and a spread that runs from mellow green flow to double-black tech. The Comet Six Pack is the biggest mountain-bike lift in the country, 480 m of vertical in under eight minutes. Dry Okanagan dirt, which rides fast.<br/><br/><b>Getting up / price</b><br/>The Summit Express gondola and the Comet Six Pack from the village at 1600 m. Adult day ticket 84 CAD.<br/><br/><b>Open season</b><br/>Open from 21 June; closed from 15 September (published 2026 dates).<br/>Daily opening hours: 10:00-17:00<br/><small>Typical daily estimate; check the operator schedule.</small><br/><br/><b>Access</b><table class="access"><tr><th>From</th><th>Transport</th><th>Duration</th></tr><tr><td>Kelowna</td><td>Car</td><td>~1h15</td></tr><tr><td>Vancouver</td><td>Car</td><td>~4h45</td></tr></table><br/><br/><i>Source: <a href="https://www.skisilverstar.com/summer/bike-park">SilverStar</a>. Prices, schedules, trail status and access can change; verify before travel.</i>]]></description>
    <styleUrl>#placemark-blue</styleUrl>
    <Point><coordinates>-119.063760,50.368480,0</coordinates></Point>
    <ExtendedData xmlns:mwm="https://omaps.app">
      <Data name="spot"><value>silverstar</value></Data>
      <Data name="tags"><value>beginner expert bikepark</value></Data>
      <Data name="price_day"><value>84 CAD</value></Data>
      <Data name="open_from"><value>06-21</value></Data>
      <Data name="closed_from"><value>09-15</value></Data>
      <mwm:icon>Mountain</mwm:icon>
      <mwm:visibility>1</mwm:visibility>
    </ExtendedData>
  </Placemark>
  <Placemark>
    <name>SilverStar: village base (1600 m)</name>
    <styleUrl>#placemark-gray</styleUrl>
    <Point><coordinates>-119.057100,50.360430,0</coordinates></Point>
    <ExtendedData xmlns:mwm="https://omaps.app">
      <Data name="spot"><value>silverstar</value></Data>
      <Data name="tags"><value>beginner expert bikepark</value></Data>
      <mwm:icon>Transport</mwm:icon>
      <mwm:visibility>1</mwm:visibility>
    </ExtendedData>
  </Placemark>
  <Placemark>
    <name>Sun Peaks Bike Park (British Columbia) [82 CAD]</name>
    <description><![CDATA[<b>Sunburst 1850 m - top of the Sunburst Express</b><br/><br/><b>Trails</b><br/>Three mountains, high alpine terrain and a park that leans towards long, sustained descents rather than lap-the-jump-line repetition. Sunburst is the gravity hub; the cross-country network above the village is genuinely worth a day of its own. Quieter and cheaper than Whistler, with the same dry interior dirt as SilverStar two hours away.<br/><br/><b>Getting up / price</b><br/>The Sunburst Express chairlift from the village at 1260 m. Adult day ticket 82 CAD at the window, up to 35% less booked online in advance.<br/><br/><b>Open season</b><br/>Open from 20 June; closed from 7 September (typical window; check the operator and conditions).<br/>Daily opening hours: 10:00-17:00<br/><small>Typical daily estimate; check the operator schedule.</small><br/><br/><b>Access</b><table class="access"><tr><th>From</th><th>Transport</th><th>Duration</th></tr><tr><td>Kamloops</td><td>Car</td><td>~50 min</td></tr><tr><td>Vancouver</td><td>Car</td><td>~4h30</td></tr></table><br/><br/><i>Source: <a href="https://www.sunpeaksresort.com/bike">Sun Peaks</a>. Prices, schedules, trail status and access can change; verify before travel.</i>]]></description>
    <styleUrl>#placemark-blue</styleUrl>
    <Point><coordinates>-119.909240,50.899860,0</coordinates></Point>
    <ExtendedData xmlns:mwm="https://omaps.app">
      <Data name="spot"><value>sunpeaks</value></Data>
      <Data name="tags"><value>beginner expert bikepark</value></Data>
      <Data name="price_day"><value>82 CAD</value></Data>
      <Data name="open_from"><value>06-20</value></Data>
      <Data name="closed_from"><value>09-07</value></Data>
      <mwm:icon>Mountain</mwm:icon>
      <mwm:visibility>1</mwm:visibility>
    </ExtendedData>
  </Placemark>
  <Placemark>
    <name>Sun Peaks: village base (1260 m)</name>
    <styleUrl>#placemark-gray</styleUrl>
    <Point><coordinates>-119.887330,50.884610,0</coordinates></Point>
    <ExtendedData xmlns:mwm="https://omaps.app">
      <Data name="spot"><value>sunpeaks</value></Data>
      <Data name="tags"><value>beginner expert bikepark</value></Data>
      <mwm:icon>Transport</mwm:icon>
      <mwm:visibility>1</mwm:visibility>
    </ExtendedData>
  </Placemark>
  <Placemark>
    <name>Fernie Alpine Resort (British Columbia) [lift ticket, price unverified]</name>
    <description><![CDATA[<b>Elk Quad top 1365 m - the bike park's main unload</b><br/><br/><b>Trails</b><br/>Steep, raw and unmistakably Kootenay: loam, roots, rock rolls and old-growth cedar, on a mountain that gets enough rain to keep the dirt tacky when the Okanagan parks are blown out. The Elk Quad serves the park trails; the Timber Bowl and Great Bear chairs open the bigger terrain above. Not the place to learn, and much loved by people who already know how.<br/><br/><b>Getting up / price</b><br/>The Elk Quad from the resort base at 1065 m, daily 10:00 to 16:00 and until 19:00 on Tuesdays and Thursdays. The resort sells day tickets through its own store; we could not confirm a 2026 adult rate, so check skifernie.com.<br/><br/><b>Open season</b><br/>Open from 25 June; closed from 7 September (published 2026 dates).<br/>Daily opening hours: 10:00-16:00<br/><small>Published hours; Tuesdays and Thursdays run until 19:00.</small><br/><br/><b>Access</b><table class="access"><tr><th>From</th><th>Transport</th><th>Duration</th></tr><tr><td>Calgary</td><td>Car</td><td>~3h00</td></tr><tr><td>Cranbrook</td><td>Car</td><td>~1h15</td></tr></table><br/><br/><i>Source: <a href="https://skifernie.com/summer/mountain-biking/">Fernie Alpine Resort</a>. Prices, schedules, trail status and access can change; verify before travel.</i>]]></description>
    <styleUrl>#placemark-blue</styleUrl>
    <Point><coordinates>-115.105800,49.463860,0</coordinates></Point>
    <ExtendedData xmlns:mwm="https://omaps.app">
      <Data name="spot"><value>fernie</value></Data>
      <Data name="tags"><value>beginner expert bikepark</value></Data>
      <Data name="open_from"><value>06-25</value></Data>
      <Data name="closed_from"><value>09-07</value></Data>
      <mwm:icon>Mountain</mwm:icon>
      <mwm:visibility>1</mwm:visibility>
    </ExtendedData>
  </Placemark>
  <Placemark>
    <name>Fernie: resort base (1065 m)</name>
    <styleUrl>#placemark-gray</styleUrl>
    <Point><coordinates>-115.087030,49.465160,0</coordinates></Point>
    <ExtendedData xmlns:mwm="https://omaps.app">
      <Data name="spot"><value>fernie</value></Data>
      <Data name="tags"><value>beginner expert bikepark</value></Data>
      <mwm:icon>Transport</mwm:icon>
      <mwm:visibility>1</mwm:visibility>
    </ExtendedData>
  </Placemark>
  <Placemark>
    <name>Mont-Tremblant (Quebec) [lift ticket, price unverified]</name>
    <description><![CDATA[<b>Summit 875 m - top of the Telecabine Express</b><br/><br/><b>Trails</b><br/>The biggest gravity operation in eastern Canada after Bromont, and the one with the most vertical: 610 m from the summit to the pedestrian village, on Laurentian granite that stays technical in the wet. The network mixes machine-built flow on the lower mountain with rooty, rocky natural lines up top, and the cross-country trails around Lac Tremblant run for kilometres.<br/><br/><b>Getting up / price</b><br/>The Telecabine Express gondola from the village at 260 m. Summer bike ticket prices are sold through the resort and we could not confirm a 2026 adult rate; check tremblant.ca.<br/><br/><b>Open season</b><br/>Open from 24 May; closed from 13 October (typical window; check the operator and conditions).<br/>Daily opening hours: 10:00-17:00<br/><small>Typical daily estimate; check the operator schedule.</small><br/><br/><b>Access</b><table class="access"><tr><th>From</th><th>Transport</th><th>Duration</th></tr><tr><td>Montreal</td><td>Car</td><td>~1h45</td></tr><tr><td>Ottawa</td><td>Car</td><td>~2h30</td></tr></table><br/><br/><i>Source: <a href="https://www.tremblant.ca/things-to-do/activities/mountain-biking">Tremblant</a>. Prices, schedules, trail status and access can change; verify before travel.</i>]]></description>
    <styleUrl>#placemark-blue</styleUrl>
    <Point><coordinates>-74.553370,46.220360,0</coordinates></Point>
    <ExtendedData xmlns:mwm="https://omaps.app">
      <Data name="spot"><value>tremblant</value></Data>
      <Data name="tags"><value>beginner expert bikepark</value></Data>
      <Data name="open_from"><value>05-24</value></Data>
      <Data name="closed_from"><value>10-13</value></Data>
      <mwm:icon>Mountain</mwm:icon>
      <mwm:visibility>1</mwm:visibility>
    </ExtendedData>
  </Placemark>
  <Placemark>
    <name>Mont-Tremblant: gondola base, pedestrian village (260 m)</name>
    <styleUrl>#placemark-gray</styleUrl>
    <Point><coordinates>-74.583910,46.213110,0</coordinates></Point>
    <ExtendedData xmlns:mwm="https://omaps.app">
      <Data name="spot"><value>tremblant</value></Data>
      <Data name="tags"><value>beginner expert bikepark</value></Data>
      <mwm:icon>Transport</mwm:icon>
      <mwm:visibility>1</mwm:visibility>
    </ExtendedData>
  </Placemark>
  <Placemark>
    <name>Bromont (Quebec) [70-95 CAD, dynamic]</name>
    <description><![CDATA[<b>Mont Brome 540 m - top of the Express du Village</b><br/><br/><b>Trails</b><br/>The busiest bike park in Quebec and one of the longest-running in North America, with a ticket that also opens the neighbouring Parc des Sommets network. Only 340 m of vertical, but the trail count and the night-riding operation mean people ride here all season rather than making a pilgrimage. Flow, jump lines and technical Eastern Townships granite in about equal measure.<br/><br/><b>Getting up / price</b><br/>Six lifts serve the mountain from the village at 200 m. Adult single-day tickets are dynamically priced between 70 and 95 CAD - the earlier you book, the cheaper - and an unlimited adult season pass is 699 CAD, taxes extra.<br/><br/><b>Open season</b><br/>Open from 15 May; closed from 26 October (typical window; check the operator and conditions).<br/>Daily opening hours: 10:00-17:00<br/><small>Typical daily estimate; check the operator schedule.</small><br/><br/><b>Access</b><table class="access"><tr><th>From</th><th>Transport</th><th>Duration</th></tr><tr><td>Montreal</td><td>Car</td><td>~1h00</td></tr><tr><td>Sherbrooke</td><td>Car</td><td>~45 min</td></tr></table><br/><br/><i>Source: <a href="https://www.bromontmontagne.com/en/mountain-biking/">Bromont</a>. Prices, schedules, trail status and access can change; verify before travel.</i>]]></description>
    <styleUrl>#placemark-blue</styleUrl>
    <Point><coordinates>-72.637660,45.289510,0</coordinates></Point>
    <ExtendedData xmlns:mwm="https://omaps.app">
      <Data name="spot"><value>bromont</value></Data>
      <Data name="tags"><value>beginner expert bikepark</value></Data>
      <Data name="price_season"><value>699 CAD</value></Data>
      <Data name="open_from"><value>05-15</value></Data>
      <Data name="closed_from"><value>10-26</value></Data>
      <mwm:icon>Mountain</mwm:icon>
      <mwm:visibility>1</mwm:visibility>
    </ExtendedData>
  </Placemark>
  <Placemark>
    <name>Bromont: Express du Village base (200 m)</name>
    <styleUrl>#placemark-gray</styleUrl>
    <Point><coordinates>-72.636840,45.300730,0</coordinates></Point>
    <ExtendedData xmlns:mwm="https://omaps.app">
      <Data name="spot"><value>bromont</value></Data>
      <Data name="tags"><value>beginner expert bikepark</value></Data>
      <mwm:icon>Transport</mwm:icon>
      <mwm:visibility>1</mwm:visibility>
    </ExtendedData>
  </Placemark>
  <Placemark>
    <name>Mont Sainte-Cecile (Quebec) [paid access, no lift]</name>
    <description><![CDATA[<b>Mont Sainte-Cecile 895 m - pedal-access trail centre near Lac-Megantic</b><br/><br/><b>Trails</b><br/>A young purpose-built network on a forested Appalachian mountain, with about 12 km of trails open by 2025 and further expansion underway. Five descents, one climbing trail and two traverses use roughly 285 m of vertical. The lower mountain has easier family and progression terrain plus a pump track; the south summit has intermediate and difficult trails; the north summit descents are very difficult and aimed at expert riders.<br/><br/><b>Getting up / price</b><br/>No lift: climb the signed ascent under your own power. Trail access is paid, but a current mountain-bike day price could not be confirmed. Bike and e-bike rental is available. Buy access and check conditions on the <a href="https://montstececile.square.site/">official Mont Sainte-Cecile site</a>.<br/><br/><b>Open season</b><br/>Open from 16 March; closed from 1 December (published 2026 tourism dates). Weather and mud closures can shorten the riding season.<br/>Daily opening hours: 10:00-17:00<br/><small>Typical daily estimate; check the operator schedule.</small><br/><br/><b>Access</b><table class="access"><tr><th>From</th><th>Transport</th><th>Duration</th></tr><tr><td>Lac-Megantic</td><td>Car</td><td>~20 min</td></tr><tr><td>Sherbrooke</td><td>Car</td><td>~1h20</td></tr></table><br/><br/><i>Trail information and opening dates checked for 2026; verify current access before you go.</i>]]></description>
    <styleUrl>#placemark-brown</styleUrl>
    <Point><coordinates>-70.969722,45.690833,0</coordinates></Point>
    <ExtendedData xmlns:mwm="https://omaps.app">
      <Data name="spot"><value>montstececile</value></Data>
      <Data name="tags"><value>beginner expert bikepark</value></Data>
      <Data name="open_from"><value>03-16</value></Data>
      <Data name="closed_from"><value>12-01</value></Data>
      <mwm:icon>Mountain</mwm:icon>
      <mwm:visibility>1</mwm:visibility>
    </ExtendedData>
  </Placemark>
  <Placemark>
    <name>Hakuba Iwatake Bike Park (Nagano) [4800 JPY]</name>
    <description><![CDATA[<b>Iwatake summit 1290 m - top of the Noah gondola</b><br/><br/><b>Trails</b><br/>The gravity centre of the Hakuba Valley, with the Northern Alps filling the skyline across the valley. Alps Downhill is the signature run: 6.9 km of rolling berms that a confident beginner can ride and an expert can carry real speed down. Kamikaze Downhill is the opposite - steep, rooty, rock-gardened singletrack with a long-standing reputation. A pump track and skills area sit at the base.<br/><br/><b>Getting up / price</b><br/>The Noah gondola lifts riders and bikes from 745 m to the 1290 m summit in about eight minutes. One-day gondola pass 4800 JPY for the bike park.<br/><br/><b>Open season</b><br/>Open from 25 April; closed from 15 November (typical window; check the operator and conditions).<br/>Daily opening hours: 08:30-16:30<br/><small>Typical daily estimate; check the operator schedule.</small><br/><br/><b>Access</b><table class="access"><tr><th>From</th><th>Transport</th><th>Duration</th></tr><tr><td>Tokyo</td><td>Train + bus</td><td>~3h30</td></tr><tr><td>Nagano</td><td>Train + bus</td><td>~1h15</td></tr></table><br/><br/><i>Source: <a href="https://iwatake-mountain-resort.com/en/green/mountain-bike">Hakuba Iwatake</a>. Prices, schedules, trail status and access can change; verify before travel.</i>]]></description>
    <styleUrl>#placemark-blue</styleUrl>
    <Point><coordinates>137.840340,36.728350,0</coordinates></Point>
    <ExtendedData xmlns:mwm="https://omaps.app">
      <Data name="spot"><value>iwatake</value></Data>
      <Data name="tags"><value>beginner expert bikepark</value></Data>
      <Data name="price_day"><value>4800 JPY</value></Data>
      <Data name="open_from"><value>04-25</value></Data>
      <Data name="closed_from"><value>11-15</value></Data>
      <mwm:icon>Mountain</mwm:icon>
      <mwm:visibility>1</mwm:visibility>
    </ExtendedData>
  </Placemark>
  <Placemark>
    <name>Hakuba Iwatake: Noah gondola base (745 m)</name>
    <styleUrl>#placemark-gray</styleUrl>
    <Point><coordinates>137.858620,36.717050,0</coordinates></Point>
    <ExtendedData xmlns:mwm="https://omaps.app">
      <Data name="spot"><value>iwatake</value></Data>
      <Data name="tags"><value>beginner expert bikepark</value></Data>
      <mwm:icon>Transport</mwm:icon>
      <mwm:visibility>1</mwm:visibility>
    </ExtendedData>
  </Placemark>
  <Placemark>
    <name>Fujiten Resort (Yamanashi) [lift pass, price unverified]</name>
    <description><![CDATA[<b>Top station 1450 m - on the north flank of Mount Fuji</b><br/><br/><b>Trails</b><br/>A ski hill that turns over to mountain bikes for the green season, with courses laid out by the professional freerider Daiki Takahashi. The range is unusually wide for a small hill: open piste lines that a first-timer can roll down, through to technical built sections that will hold an expert's attention. Mount Fuji is directly above you, which no other park on this map can offer.<br/><br/><b>Getting up / price</b><br/>Chairlifts carry riders and bikes from the base at 1295 m. The resort publishes its green-season lift rates seasonally and we could not confirm a 2026 figure, so check fujiten.net before travelling.<br/><br/><b>Open season</b><br/>Open from 1 May; closed from 31 October (typical window; check the operator and conditions).<br/>Daily opening hours: 08:30-16:30<br/><small>Typical daily estimate; check the operator schedule.</small><br/><br/><b>Access</b><table class="access"><tr><th>From</th><th>Transport</th><th>Duration</th></tr><tr><td>Tokyo</td><td>Car</td><td>~2h00</td></tr><tr><td>Kawaguchiko</td><td>Car</td><td>~30 min</td></tr></table><br/><br/><i>Source: <a href="https://www.fujiten.net/mtb/">Fujiten</a>. Prices, schedules, trail status and access can change; verify before travel.</i>]]></description>
    <styleUrl>#placemark-blue</styleUrl>
    <Point><coordinates>138.689050,35.432170,0</coordinates></Point>
    <ExtendedData xmlns:mwm="https://omaps.app">
      <Data name="spot"><value>fujiten</value></Data>
      <Data name="tags"><value>beginner expert bikepark</value></Data>
      <Data name="open_from"><value>05-01</value></Data>
      <Data name="closed_from"><value>10-31</value></Data>
      <mwm:icon>Mountain</mwm:icon>
      <mwm:visibility>1</mwm:visibility>
    </ExtendedData>
  </Placemark>
  <Placemark>
    <name>Fujiten: base area (1295 m)</name>
    <styleUrl>#placemark-gray</styleUrl>
    <Point><coordinates>138.688390,35.441410,0</coordinates></Point>
    <ExtendedData xmlns:mwm="https://omaps.app">
      <Data name="spot"><value>fujiten</value></Data>
      <Data name="tags"><value>beginner expert bikepark</value></Data>
      <mwm:icon>Transport</mwm:icon>
      <mwm:visibility>1</mwm:visibility>
    </ExtendedData>
  </Placemark>
  <Placemark>
    <name>Thredbo (New South Wales, AU) [season 759 AUD; day rate unverified]</name>
    <description><![CDATA[<b>Kosciuszko Express top 1930 m - the gravity hub</b><br/><br/><b>Trails</b><br/>Australia's only lift-accessed mountain-bike park, and it carries the whole country's gravity scene on its own. The Kosciuszko Express serves the long descents, the Cannonball Downhill among them, while the Merritts Gondola opens the flow and all-mountain trails lower down. Grades run from green through to the race lines used by the Cannonball Festival every February. Dry, dusty granite country above the treeline, and nothing else like it within several thousand kilometres.<br/><br/><b>Getting up / price</b><br/>The Kosciuszko Express chairlift and the Merritts Gondola both carry bikes from the village at 1370 m. The 2026/27 Gravity Pass starts at 759 AUD for the season; we could not confirm a single-day rate, so check thredbo.com.au. Note this is a southern-hemisphere season - it runs while the Alps are shut.<br/><br/><b>Open season</b><br/>Open from 21 November; closed from 27 April (published dates). 2026/27 season: 21 November 2026 to 26 April 2027.<br/>Daily opening hours: 09:00-16:30<br/><small>Typical daily estimate; check the operator schedule.</small><br/><br/><b>Access</b><table class="access"><tr><th>From</th><th>Transport</th><th>Duration</th></tr><tr><td>Canberra</td><td>Car</td><td>~2h30</td></tr><tr><td>Sydney</td><td>Car</td><td>~5h30</td></tr></table><br/><br/><i>Source: <a href="https://www.thredbo.com.au/activities/biking/">Thredbo</a>. Prices, schedules, trail status and access can change; verify before travel.</i>]]></description>
    <styleUrl>#placemark-blue</styleUrl>
    <Point><coordinates>148.287870,-36.493900,0</coordinates></Point>
    <ExtendedData xmlns:mwm="https://omaps.app">
      <Data name="spot"><value>thredbo</value></Data>
      <Data name="tags"><value>beginner expert bikepark</value></Data>
      <Data name="price_season"><value>759 AUD</value></Data>
      <Data name="open_from"><value>11-21</value></Data>
      <Data name="closed_from"><value>04-27</value></Data>
      <mwm:icon>Mountain</mwm:icon>
      <mwm:visibility>1</mwm:visibility>
    </ExtendedData>
  </Placemark>
  <Placemark>
    <name>Thredbo: Merritts Gondola top (1665 m)</name>
    <styleUrl>#placemark-gray</styleUrl>
    <Point><coordinates>148.307370,-36.491770,0</coordinates></Point>
    <ExtendedData xmlns:mwm="https://omaps.app">
      <Data name="spot"><value>thredbo</value></Data>
      <Data name="tags"><value>beginner expert bikepark</value></Data>
      <mwm:icon>Transport</mwm:icon>
      <mwm:visibility>1</mwm:visibility>
    </ExtendedData>
  </Placemark>
  <Placemark>
    <name>Thredbo: village lift base (1370 m)</name>
    <styleUrl>#placemark-gray</styleUrl>
    <Point><coordinates>148.303950,-36.503580,0</coordinates></Point>
    <ExtendedData xmlns:mwm="https://omaps.app">
      <Data name="spot"><value>thredbo</value></Data>
      <Data name="tags"><value>beginner expert bikepark</value></Data>
      <mwm:icon>Transport</mwm:icon>
      <mwm:visibility>1</mwm:visibility>
    </ExtendedData>
  </Placemark>
  <Placemark>
    <name>Nevados de Chillan (Nuble, CL) [lift pass, price unverified]</name>
    <description><![CDATA[<b>El Refugio top 1840 m - the higher of the two bike lifts</b><br/><br/><b>Trails</b><br/>Seventeen trails on the flank of an active volcano, in araucaria and native forest: ten flow lines that suit a beginner, five fast enduro descents and two cross-country circuits. El Refugio is the newer lift and opens the harder terrain; El Tata covers the park pistes. It hosted the UCI Masters Mountain Bike World Championships in March 2026, on the Aguila downhill course and the Olimpico cross-country loop.<br/><br/><b>Getting up / price</b><br/>Two chairlifts take bikes, El Tata and El Refugio, both from Plaza Tata at 1535 m, where the ticket office, rental and cafe are. The park runs 10:00 to 16:45. Tickets load onto a rechargeable card; we could not confirm a 2026 bike day rate, so check nevadosdechillan.com.<br/><br/><b>Open season</b><br/>Open from 1 December; closed from 30 April (typical window; check the operator and conditions). Southern-hemisphere season.<br/>Daily opening hours: 10:00-16:45<br/><small>Published operating hours; check the operator schedule.</small><br/><br/><b>Access</b><table class="access"><tr><th>From</th><th>Transport</th><th>Duration</th></tr><tr><td>Chillan</td><td>Car</td><td>~1h30</td></tr><tr><td>Santiago</td><td>Car</td><td>~6h00</td></tr></table><br/><br/><i>Source: <a href="https://nevadosdechillan.com/en/bike-park/">Nevados de Chillan</a>. Prices, schedules, trail status and access can change; verify before travel.</i>]]></description>
    <styleUrl>#placemark-blue</styleUrl>
    <Point><coordinates>-71.426980,-36.894370,0</coordinates></Point>
    <ExtendedData xmlns:mwm="https://omaps.app">
      <Data name="spot"><value>chillan</value></Data>
      <Data name="tags"><value>beginner expert bikepark</value></Data>
      <Data name="open_from"><value>12-01</value></Data>
      <Data name="closed_from"><value>04-30</value></Data>
      <mwm:icon>Mountain</mwm:icon>
      <mwm:visibility>1</mwm:visibility>
    </ExtendedData>
  </Placemark>
  <Placemark>
    <name>Nevados de Chillan: El Tata chairlift top (1700 m)</name>
    <styleUrl>#placemark-gray</styleUrl>
    <Point><coordinates>-71.413750,-36.904690,0</coordinates></Point>
    <ExtendedData xmlns:mwm="https://omaps.app">
      <Data name="spot"><value>chillan</value></Data>
      <Data name="tags"><value>beginner expert bikepark</value></Data>
      <mwm:icon>Transport</mwm:icon>
      <mwm:visibility>1</mwm:visibility>
    </ExtendedData>
  </Placemark>
  <Placemark>
    <name>Nevados de Chillan: Plaza Tata, bike park entry (1535 m)</name>
    <styleUrl>#placemark-gray</styleUrl>
    <Point><coordinates>-71.422420,-36.909420,0</coordinates></Point>
    <ExtendedData xmlns:mwm="https://omaps.app">
      <Data name="spot"><value>chillan</value></Data>
      <Data name="tags"><value>beginner expert bikepark</value></Data>
      <mwm:icon>Transport</mwm:icon>
      <mwm:visibility>1</mwm:visibility>
    </ExtendedData>
  </Placemark>
  <Placemark>
    <name>Cerro Catedral (Bariloche, AR) [lift pass, price unverified]</name>
    <description><![CDATA[<b>Amancay 1705 m - top of the Telecabina Amancay</b><br/><br/><b>Trails</b><br/>Among the largest bike parks in South America, dropping through lenga forest inside the Nahuel Huapi national park with Lago Gutierrez below and the Andes behind. Eight marked descents cover everything from first-timer flow to genuinely technical downhill, and the chairlifts above the gondola reach a little over 2000 m if you want the long way down.<br/><br/><b>Getting up / price</b><br/>The Telecabina Amancay runs year-round from the base at 1055 m and takes bikes in summer; the Lenga and Nubes chairlifts extend the terrain to about 2000 m. Summer operating dates and bike-carriage rates were listed as to be confirmed when this was compiled - check catedralaltapatagonia.com before you count on it.<br/><br/><b>Open season</b><br/>Open from 1 December; closed from 15 April (typical window; check the operator and conditions). Southern-hemisphere season.<br/>Daily opening hours: 09:00-16:30<br/><small>Typical daily estimate; check the operator schedule.</small><br/><br/><b>Access</b><table class="access"><tr><th>From</th><th>Transport</th><th>Duration</th></tr><tr><td>Bariloche</td><td>Car</td><td>~30 min</td></tr><tr><td>Bariloche</td><td>Bus</td><td>~50 min</td></tr></table><br/><br/><i>Source: <a href="https://www.catedralaltapatagonia.com/en/summer">Catedral Alta Patagonia</a>. Prices, schedules, trail status and access can change; verify before travel.</i>]]></description>
    <styleUrl>#placemark-blue</styleUrl>
    <Point><coordinates>-71.464050,-41.175790,0</coordinates></Point>
    <ExtendedData xmlns:mwm="https://omaps.app">
      <Data name="spot"><value>catedral</value></Data>
      <Data name="tags"><value>beginner expert bikepark</value></Data>
      <Data name="open_from"><value>12-01</value></Data>
      <Data name="closed_from"><value>04-15</value></Data>
      <mwm:icon>Mountain</mwm:icon>
      <mwm:visibility>1</mwm:visibility>
    </ExtendedData>
  </Placemark>
  <Placemark>
    <name>Cerro Catedral: Amancay gondola base (1055 m)</name>
    <styleUrl>#placemark-gray</styleUrl>
    <Point><coordinates>-71.443300,-41.168340,0</coordinates></Point>
    <ExtendedData xmlns:mwm="https://omaps.app">
      <Data name="spot"><value>catedral</value></Data>
      <Data name="tags"><value>beginner expert bikepark</value></Data>
      <mwm:icon>Transport</mwm:icon>
      <mwm:visibility>1</mwm:visibility>
    </ExtendedData>
  </Placemark>
  <Placemark>
    <name>Cerro Catedral: Lenga chairlift top (2005 m)</name>
    <styleUrl>#placemark-gray</styleUrl>
    <Point><coordinates>-71.484360,-41.173160,0</coordinates></Point>
    <ExtendedData xmlns:mwm="https://omaps.app">
      <Data name="spot"><value>catedral</value></Data>
      <Data name="tags"><value>expert bikepark</value></Data>
      <mwm:icon>Transport</mwm:icon>
      <mwm:visibility>1</mwm:visibility>
    </ExtendedData>
  </Placemark>
  <Placemark>
    <name>La Parva (Santiago, CL) [lift pass, price unverified]</name>
    <description><![CDATA[<b>La Parva Base Camp 2765 m - bike park meeting point and lift base</b><br/><br/><b>Trails</b><br/>One of the highest bike parks anywhere: about 10 km of trail across three runs, medium to expert, shaped by the French trail builder Jonathan Mahec, an hour and a half above Santiago. Big berms, drops and a lot of sky. Base Camp at the bottom has the cafe, parking and camping, and is the meeting point for the whole summer operation.<br/><br/><b>Getting up / price</b><br/>One chairlift is adapted for bikes and lifts riders out of Base Camp. Reported day rates for the lift plus trails are around 10,000 CLP, but the operator's summer information is out of date and which lift runs varies by year - confirm with laparva.cl before driving up. The pin marks Base Camp rather than a top station for that reason.<br/><br/><b>Open season</b><br/>Open from 1 December; closed from 1 April (typical window; check the operator and conditions). Weekends only in parts of the season.<br/>Daily opening hours: 09:00-16:30<br/><small>Typical daily estimate; check the operator schedule.</small><br/><br/><b>Access</b><table class="access"><tr><th>From</th><th>Transport</th><th>Duration</th></tr><tr><td>Santiago</td><td>Car</td><td>~1h30</td></tr></table><br/><br/><i>Source: <a href="https://www.laparva.cl/">La Parva</a>. Prices, schedules, trail status and access can change; verify before travel.</i>]]></description>
    <styleUrl>#placemark-blue</styleUrl>
    <Point><coordinates>-70.292470,-33.350310,0</coordinates></Point>
    <ExtendedData xmlns:mwm="https://omaps.app">
      <Data name="spot"><value>laparva</value></Data>
      <Data name="tags"><value>expert bikepark</value></Data>
      <Data name="open_from"><value>12-01</value></Data>
      <Data name="closed_from"><value>04-01</value></Data>
      <mwm:icon>Mountain</mwm:icon>
      <mwm:visibility>1</mwm:visibility>
    </ExtendedData>
  </Placemark>
  <Placemark>
    <name>La Parva: Cururo chairlift top (2945 m)</name>
    <styleUrl>#placemark-gray</styleUrl>
    <Point><coordinates>-70.281540,-33.350090,0</coordinates></Point>
    <ExtendedData xmlns:mwm="https://omaps.app">
      <Data name="spot"><value>laparva</value></Data>
      <Data name="tags"><value>expert bikepark</value></Data>
      <mwm:icon>Transport</mwm:icon>
      <mwm:visibility>1</mwm:visibility>
    </ExtendedData>
  </Placemark>
  <Placemark>
    <name>Oaxaca - Sierra Norte / Ixtepeji (MX) [shuttle, no lift]</name>
    <description><![CDATA[<b>Santa Catarina Ixtepeji 2355 m - the shuttle village</b><br/><br/><b>Trails</b><br/>Where enduro started in Mexico, and still the best riding in the country. The Ixtepeji forest, 45 minutes north of Oaxaca City, holds long descents through semi-wet pine and oak between roughly 2800 m and 3240 m on the ridge above, dropping thousands of metres towards the valley. Dry rocky lines, loamy forest lines, and enough of them that operators run multi-day trips without repeating.<br/><br/><b>Getting up / price</b><br/>No lift: pickups shuttle riders to the ridge, which is how essentially all Mexican gravity riding works. The trails cross communal Zapotec land, so go with one of the Oaxaca operators rather than turning up alone - it is also how the communities get paid. Costs are per-tour, not per-day, so no pass price here.<br/><br/><b>Open season</b><br/>Open from 1 November; closed from 15 June (typical window; check the operator and conditions). The summer rains are the off season.<br/><br/><b>Access</b><table class="access"><tr><th>From</th><th>Transport</th><th>Duration</th></tr><tr><td>Oaxaca City</td><td>Car</td><td>~45 min</td></tr></table><br/><br/><i>Source: <a href="https://sierranorte.org.mx/">Sierra Norte Expediciones</a>. Prices, schedules, trail status and access can change; verify before travel.</i>]]></description>
    <styleUrl>#placemark-brown</styleUrl>
    <Point><coordinates>-96.580807,17.221892,0</coordinates></Point>
    <ExtendedData xmlns:mwm="https://omaps.app">
      <Data name="spot"><value>oaxaca</value></Data>
      <Data name="tags"><value>beginner expert winter natural</value></Data>
      <Data name="open_from"><value>11-01</value></Data>
      <Data name="closed_from"><value>06-15</value></Data>
      <mwm:icon>Mountain</mwm:icon>
      <mwm:visibility>1</mwm:visibility>
    </ExtendedData>
  </Placemark>
  <Placemark>
    <name>Valle de Bravo - Monte Alto (MX) [shuttle, no lift]</name>
    <description><![CDATA[<b>Parque Estatal Monte Alto 2120 m - the main trail area</b><br/><br/><b>Trails</b><br/>Mexico's best-known mountain-bike town, an hour and a half west of Mexico City above a lake. Monte Alto is the marked and maintained core - pine and oak forest, well signed, views down onto the town - and there are seven distinct riding areas around the valley in total, from beginner loops to steep downhill used for national races.<br/><br/><b>Getting up / price</b><br/>No lift. Local operators run vans up from the town centre and pick you up at the bottom; you can also pedal, since the climb from the lake is only a few hundred metres. Trail access itself is free.<br/><br/><b>Open season</b><br/>Open from 1 November; closed from 1 June (typical window; check the operator and conditions). The summer rains are the off season.<br/><br/><b>Access</b><table class="access"><tr><th>From</th><th>Transport</th><th>Duration</th></tr><tr><td>Mexico City</td><td>Car</td><td>~2h30</td></tr><tr><td>Toluca</td><td>Car</td><td>~1h15</td></tr></table><br/><br/><i>Source: <a href="https://www.trailforks.com/region/valle-de-bravo/">Trailforks Valle de Bravo</a>. Prices, schedules, trail status and access can change; verify before travel.</i>]]></description>
    <styleUrl>#placemark-brown</styleUrl>
    <Point><coordinates>-100.113929,19.191510,0</coordinates></Point>
    <ExtendedData xmlns:mwm="https://omaps.app">
      <Data name="spot"><value>vallebravo</value></Data>
      <Data name="tags"><value>beginner expert winter natural</value></Data>
      <Data name="open_from"><value>11-01</value></Data>
      <Data name="closed_from"><value>06-01</value></Data>
      <mwm:icon>Mountain</mwm:icon>
      <mwm:visibility>1</mwm:visibility>
    </ExtendedData>
  </Placemark>
  <Placemark>
    <name>Buen Camino Bike Park (San Mateo, CR) [25 USD, no lift]</name>
    <description><![CDATA[<b>San Mateo, Alajuela - access town for the park (pin approximate)</b><br/><br/><b>Trails</b><br/>A purpose-built 128-hectare bike park in tropical mountain forest an hour west of San Jose, and the most developed thing of its kind in Central America. Graded like a proper park: Viejo Verde as the green, El Patron and Jaguar as blues, Boss and Machete as double blacks, with jumps, wooden bridges and long sections of dense jungle. There is a restaurant and six cabins on site.<br/><br/><b>Getting up / price</b><br/>No lift - you ride up and descend. Bike day pass 25 USD bought on site, hiking 15 USD; full-day bike rental about 130 USD. Open Wednesday to Monday, 08:00 to 16:00, closed Tuesdays. The park sits on Finca Ecologica El Bosque above San Mateo; it has no OpenStreetMap entry, so this pin marks the town rather than the gate.<br/><br/><b>Open season</b><br/>Open from 1 January with no seasonal closure (normally open year-round).<br/>Daily opening hours: 08:00-16:00<br/><small>Published Wednesday-Monday hours; closed Tuesday.</small><br/><br/><b>Access</b><table class="access"><tr><th>From</th><th>Transport</th><th>Duration</th></tr><tr><td>San Jose</td><td>Car</td><td>~1h00</td></tr><tr><td>Jaco</td><td>Car</td><td>~40 min</td></tr></table><br/><br/><i>Source: <a href="https://www.buencaminocostarica.com/">Buen Camino</a>. Prices, schedules, trail status and access can change; verify before travel.</i>]]></description>
    <styleUrl>#placemark-brown</styleUrl>
    <Point><coordinates>-84.531904,9.960528,0</coordinates></Point>
    <ExtendedData xmlns:mwm="https://omaps.app">
      <Data name="spot"><value>buencamino</value></Data>
      <Data name="tags"><value>beginner expert winter bikepark</value></Data>
      <Data name="price_day"><value>25 USD</value></Data>
      <Data name="open_from"><value>01-01</value></Data>
      <Data name="closed_from"><value>01-01</value></Data>
      <mwm:icon>Mountain</mwm:icon>
      <mwm:visibility>1</mwm:visibility>
    </ExtendedData>
  </Placemark>
  <Placemark>
    <name>El Zur (Volcan de Agua, GT) [guided only, 90-199 USD]</name>
    <description><![CDATA[<b>Trailhead about 2500 m on Volcan de Agua (pin approximate)</b><br/><br/><b>Trails</b><br/>Over 25 km of purpose-built singletrack cut into a private reserve on the flank of Volcan de Agua, above Antigua. Flowing and fast rather than brutal, dropping more than a vertical kilometre through coffee country and cloud forest, and almost certainly the best-built trail network in Central America. Almost nobody has ridden it, because you cannot get to it on your own.<br/><br/><b>Getting up / price</b><br/>No lift: a 4x4 shuttle takes you and the bike to about 2500 m. The reserve is private and closed except to landowners and to Old Town Outfitters in Antigua, who charge 90 to 199 USD per person depending on group size, lunch included, for a 4 to 5 hour trip starting at 08:00. The exact trailhead is not public, so this pin is the 2500 m contour on the north flank, not a surveyed point.<br/><br/><b>Open season</b><br/>Open from 1 November; closed from 1 May (typical window; check the operator and conditions). Dry season riding.<br/><br/><b>Access</b><table class="access"><tr><th>From</th><th>Transport</th><th>Duration</th></tr><tr><td>Antigua Guatemala</td><td>Car</td><td>~30 min</td></tr><tr><td>Guatemala City</td><td>Car</td><td>~1h30</td></tr></table><br/><br/><i>Source: <a href="https://www.oldtownoutfitters.com/">Old Town Outfitters</a>. Prices, schedules, trail status and access can change; verify before travel.</i>]]></description>
    <styleUrl>#placemark-brown</styleUrl>
    <Point><coordinates>-90.743400,14.486900,0</coordinates></Point>
    <ExtendedData xmlns:mwm="https://omaps.app">
      <Data name="spot"><value>elzur</value></Data>
      <Data name="tags"><value>expert winter natural</value></Data>
      <Data name="open_from"><value>11-01</value></Data>
      <Data name="closed_from"><value>05-01</value></Data>
      <mwm:icon>Mountain</mwm:icon>
      <mwm:visibility>1</mwm:visibility>
    </ExtendedData>
  </Placemark>
  <Placemark>
    <name>Oukaimeden High Atlas Enduro (MA) [no lift]</name>
    <description><![CDATA[<b>Oukaimeden plateau, about 2600 m - High Atlas natural enduro</b><br/><br/><b>Trails</b><br/>A high-altitude base for raw, unmarked descents on mule trails, goat paths and old village tracks rather than a maintained bike park. Guided rides link jeep tracks with technical scree traverses, rock, compacted earth, switchbacks and long singletrack descents through Berber villages and pine forest. A documented one-way Oukaimeden to Asni route is about 33 km with roughly 1785 m of descent and 245 m of climbing; the nearby Asni network has about 37 km of mapped trail. Best for experienced, self-sufficient enduro riders.<br/><br/><b>Getting up / price</b><br/>No dependable bike lift. Pedal, arrange a vehicle shuttle, or ride with a local guide from Marrakech. The winter ski lifts are not a bike-park uplift. Carry repair supplies, water and offline navigation; trails are unsigned and route conditions can change after storms or road works.<br/><br/><p class="warn">&#9888;&#65039; Remote natural mountain terrain with exposure, livestock and pedestrians. Do not ride blindly through villages or cultivated land, and use a local guide for the larger point-to-point descents.</p><b>Open season</b><br/>Open from 1 April; closed from 1 December (typical riding window). Snow can linger at altitude in winter, while midsummer is very hot lower in the valleys; spring and autumn are usually best.<br/><br/><b>Access</b><table class="access"><tr><th>From</th><th>Transport</th><th>Duration</th></tr><tr><td>Marrakech</td><td>Car / shuttle</td><td>~1h45</td></tr><tr><td>Asni</td><td>Car / shuttle</td><td>~1h15</td></tr></table><br/><i>Sources: <a href="https://bike-morocco.com/marrakech-biking-day-trip/morocco-singletrack/atlas-mountains-single-tracks">Bike Morocco High Atlas singletrack</a>, <a href="https://www.trailforks.com/region/asni-72491/">Trailforks Asni region</a> and <a href="https://www.wikiloc.com/offroading-trails/oukaimeden-asni-90217787">Oukaimeden-Asni route report</a>. Seasonal dates are an average, not an official opening calendar; check weather and local conditions.</i>]]></description>
    <styleUrl>#placemark-brown</styleUrl>
    <Point><coordinates>-7.861900,31.206300,0</coordinates></Point>
    <ExtendedData xmlns:mwm="https://omaps.app">
      <Data name="spot"><value>oukaimeden</value></Data>
      <Data name="tags"><value>expert natural</value></Data>
      <Data name="open_from"><value>04-01</value></Data>
      <Data name="closed_from"><value>12-01</value></Data>
      <mwm:icon>Mountain</mwm:icon>
      <mwm:visibility>1</mwm:visibility>
    </ExtendedData>
  </Placemark>
  <Placemark>
    <name>Kronplatz - Plan de Corones (South Tyrol) [53 EUR]</name>
    <description><![CDATA[<b>Kronplatz summit 2270 m - top of the Kronplatz 2000 gondola</b><br/><br/><b>Trails</b><br/>The biggest bike park in the Dolomites, on a free-standing dome with lifts up three separate sides. The Herrnsteig is the one people come for: 8 km and 1300 m of descent from the summit to Reischach, South Tyrol's first designated freeride trail back in 2010 and still the yardstick. Around it sit graded flow and jump lines, and the Furcia and San Vigilio sectors on the far flanks. The 360-degree summit view over the Dolomites is not a bad way to start a run.<br/><br/><b>Getting up / price</b><br/>Every summer gondola carries bikes: Kronplatz 2000 and Ried from Reischach at 950 m, Olang from the Valdaora side, Piz de Plaies from San Vigilio. Adult bike day pass 53 EUR, season 325 EUR, bike transport included. The Dolomiti Supersummer pass at 67 EUR a day covers this and the neighbouring valleys.<br/><br/><b>Open season</b><br/>Open from 16 May; closed from 12 October (published 2026 dates). Sectors open in stages: Reischach from 16 May, San Vigilio from 19 June, Valdaora from 20 June.<br/>Daily opening hours: 09:00-17:00<br/><small>Typical daily estimate; check the operator schedule.</small><br/><br/><b>Access</b><table class="access"><tr><th>From</th><th>Transport</th><th>Duration</th></tr><tr><td>Bolzano</td><td>Car</td><td>~1h15</td></tr><tr><td>Innsbruck</td><td>Car</td><td>~1h45</td></tr></table><br/><br/><i>Source: <a href="https://www.kronplatz.com/en/the-kronplatz/summer/bike">Kronplatz</a>. Prices, schedules, trail status and access can change; verify before travel.</i>]]></description>
    <styleUrl>#placemark-blue</styleUrl>
    <Point><coordinates>11.957220,46.739450,0</coordinates></Point>
    <ExtendedData xmlns:mwm="https://omaps.app">
      <Data name="spot"><value>kronplatz</value></Data>
      <Data name="tags"><value>beginner expert bikepark</value></Data>
      <Data name="price_day"><value>53 EUR</value></Data>
      <Data name="price_season"><value>325 EUR</value></Data>
      <Data name="open_from"><value>05-16</value></Data>
      <Data name="closed_from"><value>10-12</value></Data>
      <mwm:icon>Mountain</mwm:icon>
      <mwm:visibility>1</mwm:visibility>
    </ExtendedData>
  </Placemark>
  <Placemark>
    <name>Kronplatz: Reischach valley station (950 m)</name>
    <styleUrl>#placemark-gray</styleUrl>
    <Point><coordinates>11.941030,46.771950,0</coordinates></Point>
    <ExtendedData xmlns:mwm="https://omaps.app">
      <Data name="spot"><value>kronplatz</value></Data>
      <Data name="tags"><value>beginner expert bikepark</value></Data>
      <mwm:icon>Transport</mwm:icon>
      <mwm:visibility>1</mwm:visibility>
    </ExtendedData>
  </Placemark>
  <Placemark>
    <name>Kronplatz: Olang I valley station (1160 m)</name>
    <styleUrl>#placemark-gray</styleUrl>
    <Point><coordinates>12.010650,46.746690,0</coordinates></Point>
    <ExtendedData xmlns:mwm="https://omaps.app">
      <Data name="spot"><value>kronplatz</value></Data>
      <Data name="tags"><value>beginner expert bikepark</value></Data>
      <mwm:icon>Transport</mwm:icon>
      <mwm:visibility>1</mwm:visibility>
    </ExtendedData>
  </Placemark>
  <Placemark>
    <name>Dolomiti Paganella Bike Area (Andalo, TN) [day pass, price unverified]</name>
    <description><![CDATA[<b>Doss Pela 1770 m - top of the Andalo gondola</b><br/><br/><b>Trails</b><br/>One of the two or three best-known bike areas in Italy, spread over three villages on the Brenta side of the valley. Andalo is the flow-trail heart, Molveno looks down onto its lake, and Fai della Paganella holds the harder, rawer lines. Chairlifts continue to Cima Paganella at 2125 m for the long top-to-bottom runs, more than a kilometre of descent to the valley floor.<br/><br/><b>Getting up / price</b><br/>The Andalo - Doss Pela gondola from 1030 m is the main bike lift, with the Albi de Mez and Selletta chairlifts above it. Passes are sold per zone or for the whole area, by the day or by four hours. The operator listed 57 EUR for a full-area adult day in 2025 and had not published a 2026 rate when this was compiled, so treat that as a guide and check paganella.net.<br/><br/><b>Open season</b><br/>Open from 18 May; closed from 2 November (typical window; check the operator and conditions). Andalo opens first, the upper chairlifts from late May.<br/>Daily opening hours: 09:00-17:00<br/><small>Typical daily estimate; check the operator schedule.</small><br/><br/><b>Access</b><table class="access"><tr><th>From</th><th>Transport</th><th>Duration</th></tr><tr><td>Trento</td><td>Car</td><td>~40 min</td></tr><tr><td>Verona</td><td>Car</td><td>~2h00</td></tr></table><br/><br/><i>Source: <a href="https://www.dolomitipaganellabike.com/en">Dolomiti Paganella Bike</a>. Prices, schedules, trail status and access can change; verify before travel.</i>]]></description>
    <styleUrl>#placemark-blue</styleUrl>
    <Point><coordinates>11.021340,46.145560,0</coordinates></Point>
    <ExtendedData xmlns:mwm="https://omaps.app">
      <Data name="spot"><value>paganella</value></Data>
      <Data name="tags"><value>beginner expert bikepark</value></Data>
      <Data name="open_from"><value>05-18</value></Data>
      <Data name="closed_from"><value>11-02</value></Data>
      <mwm:icon>Mountain</mwm:icon>
      <mwm:visibility>1</mwm:visibility>
    </ExtendedData>
  </Placemark>
  <Placemark>
    <name>Paganella: Andalo gondola valley station (1030 m)</name>
    <styleUrl>#placemark-gray</styleUrl>
    <Point><coordinates>11.005600,46.163570,0</coordinates></Point>
    <ExtendedData xmlns:mwm="https://omaps.app">
      <Data name="spot"><value>paganella</value></Data>
      <Data name="tags"><value>beginner expert bikepark</value></Data>
      <mwm:icon>Transport</mwm:icon>
      <mwm:visibility>1</mwm:visibility>
    </ExtendedData>
  </Placemark>
  <Placemark>
    <name>Paganella: Cima Paganella (2115 m)</name>
    <styleUrl>#placemark-gray</styleUrl>
    <Point><coordinates>11.037700,46.143900,0</coordinates></Point>
    <ExtendedData xmlns:mwm="https://omaps.app">
      <Data name="spot"><value>paganella</value></Data>
      <Data name="tags"><value>expert bikepark</value></Data>
      <mwm:icon>Transport</mwm:icon>
      <mwm:visibility>1</mwm:visibility>
    </ExtendedData>
  </Placemark>
  <Placemark>
    <name>Alta Badia - Bike Beats (South Tyrol) [28 EUR]</name>
    <description><![CDATA[<b>Piz Sorega 1995 m - top of the San Cassiano gondola</b><br/><br/><b>Trails</b><br/>Five hand-built flow trails through the larch woods under the Sella and the Lavarella, and the most photogenic riding in the Dolomites for the effort involved. Odli is the easy 1.5 km panoramic serpentine, Avena the 2 km blue, Cor the 1.3 km red, with Fle and Mans making up the rest. Northshore sections, rollers and jumps rather than steep raw descents - this is a place to ride all day and enjoy it, not to get scared.<br/><br/><b>Getting up / price</b><br/>Three lifts take bikes: Piz Sorega from San Cassiano at 1545 m, La Fraina and Pralongia. A Moviment daily card is about 28 EUR. The Gravity Card is valid on the Bike Beats lifts. Note that the Mans trail was closed for maintenance when this was compiled.<br/><br/><b>Open season</b><br/>Open from 18 June; closed from 2 October (published 2026 dates).<br/>Daily opening hours: 09:00-17:00<br/><small>Typical daily estimate; check the operator schedule.</small><br/><br/><b>Access</b><table class="access"><tr><th>From</th><th>Transport</th><th>Duration</th></tr><tr><td>Bolzano</td><td>Car</td><td>~1h20</td></tr><tr><td>Brunico</td><td>Car</td><td>~50 min</td></tr></table><br/><br/><i>Source: <a href="https://www.altabadia.org/en/bike/beats">Alta Badia Bike Beats</a>. Prices, schedules, trail status and access can change; verify before travel.</i>]]></description>
    <styleUrl>#placemark-blue</styleUrl>
    <Point><coordinates>11.922790,46.556330,0</coordinates></Point>
    <ExtendedData xmlns:mwm="https://omaps.app">
      <Data name="spot"><value>altabadia</value></Data>
      <Data name="tags"><value>beginner expert bikepark</value></Data>
      <Data name="price_day"><value>28 EUR</value></Data>
      <Data name="open_from"><value>06-18</value></Data>
      <Data name="closed_from"><value>10-02</value></Data>
      <mwm:icon>Mountain</mwm:icon>
      <mwm:visibility>1</mwm:visibility>
    </ExtendedData>
  </Placemark>
  <Placemark>
    <name>Alta Badia: Piz Sorega gondola base, San Cassiano (1545 m)</name>
    <styleUrl>#placemark-gray</styleUrl>
    <Point><coordinates>11.937750,46.567550,0</coordinates></Point>
    <ExtendedData xmlns:mwm="https://omaps.app">
      <Data name="spot"><value>altabadia</value></Data>
      <Data name="tags"><value>beginner expert bikepark</value></Data>
      <mwm:icon>Transport</mwm:icon>
      <mwm:visibility>1</mwm:visibility>
    </ExtendedData>
  </Placemark>
  <Placemark>
    <name>Alta Badia: Piz la Ila top, La Villa (2080 m)</name>
    <styleUrl>#placemark-gray</styleUrl>
    <Point><coordinates>11.906070,46.565490,0</coordinates></Point>
    <ExtendedData xmlns:mwm="https://omaps.app">
      <Data name="spot"><value>altabadia</value></Data>
      <Data name="tags"><value>beginner expert bikepark</value></Data>
      <mwm:icon>Transport</mwm:icon>
      <mwm:visibility>1</mwm:visibility>
    </ExtendedData>
  </Placemark>
  <Placemark>
    <name>Carezza - Val d'Ega / Eggental (South Tyrol) [lift pass, price unverified]</name>
    <description><![CDATA[<b>Laurin 1 top station 1740 m - above Nova Levante</b><br/><br/><b>Trails</b><br/>The Carezza Trail is the draw: 4.4 km and more than 500 m of descent from the top of the village cable car back down to Nova Levante, mixing steep turns, northshores, banked curves and jumps, and rideable by most people who can already ride. A training bikepark with a pumptrack, switchbacks, a jumpline and balance northshores sits at the top station, with a second one at Deutschnofen, and the Rosengarten fills the skyline the whole way down.<br/><br/><b>Getting up / price</b><br/>The Laurin 1 gondola from the middle of Nova Levante at 1190 m carries bikes to the trailhead. The operator had not published a 2026 bike rate when this was compiled - the neighbouring Obereggen lifts charge a 6 EUR bike supplement on a 22 EUR return, which gives an idea of the order. Check eggental.com.<br/><br/><b>Open season</b><br/>Open from 23 May; closed from 2 November (published 2026 dates). Dates are the lift company's summer season.<br/>Daily opening hours: 09:00-17:00<br/><small>Typical daily estimate; check the operator schedule.</small><br/><br/><b>Access</b><table class="access"><tr><th>From</th><th>Transport</th><th>Duration</th></tr><tr><td>Bolzano</td><td>Car</td><td>~35 min</td></tr><tr><td>Trento</td><td>Car</td><td>~1h20</td></tr></table><br/><br/><i>Source: <a href="https://eggental.com/en/summer-holidays/biking">Eggental</a>. Prices, schedules, trail status and access can change; verify before travel.</i>]]></description>
    <styleUrl>#placemark-blue</styleUrl>
    <Point><coordinates>11.588830,46.444200,0</coordinates></Point>
    <ExtendedData xmlns:mwm="https://omaps.app">
      <Data name="spot"><value>carezza</value></Data>
      <Data name="tags"><value>beginner expert bikepark</value></Data>
      <Data name="open_from"><value>05-23</value></Data>
      <Data name="closed_from"><value>11-02</value></Data>
      <mwm:icon>Mountain</mwm:icon>
      <mwm:visibility>1</mwm:visibility>
    </ExtendedData>
  </Placemark>
  <Placemark>
    <name>Carezza: Laurin 1 valley station, Nova Levante (1190 m)</name>
    <styleUrl>#placemark-gray</styleUrl>
    <Point><coordinates>11.545840,46.432290,0</coordinates></Point>
    <ExtendedData xmlns:mwm="https://omaps.app">
      <Data name="spot"><value>carezza</value></Data>
      <Data name="tags"><value>beginner expert bikepark</value></Data>
      <mwm:icon>Transport</mwm:icon>
      <mwm:visibility>1</mwm:visibility>
    </ExtendedData>
  </Placemark>
  <Placemark>
    <name>Bike Park Pohorje Maribor (SI) [36.50-49 EUR]</name>
    <description><![CDATA[<b>Pohorska Vzpenjaca, Maribor - World Cup gravity park</b><br/><br/><b>Trails</b><br/>A proper gondola-served park descending almost into Maribor, with progression from the green 2.4 km Family Line to flow and jump lines, red hand-built enduro trails and the legendary black World Cup course. World Cup drops 431 m over 2 km through roots, rocks, speed and large jumps; Fury adds steep natural corners and drops, while the expanded Areh zone provides more family, flow and technical riding.<br/><br/><b>Getting up / price</b><br/>The Pohorska Vzpenjaca gondola serves the main hill, with additional lifts in the Areh zone. Adult 2026 day passes are 36.50-44 EUR on weekdays depending on period and 49 EUR Friday-Sunday and holidays. Gravity Card is accepted. The lower Family Line can sometimes operate outside the main season when snow-free, but check the live trail and lift status.<br/><br/><b>Open season</b><br/>Open from 11 March; closed from 1 December (published opening and 2026 season-pass end used as the practical season).<br/>Daily opening hours: 09:00-17:00<br/><small>Typical daily estimate; check the operator schedule.</small><br/><br/><b>Access</b><table class="access"><tr><th>From</th><th>Transport</th><th>Duration</th></tr><tr><td>Maribor centre</td><td>Bus / bike</td><td>~20 min</td></tr><tr><td>Graz</td><td>Car</td><td>~55 min</td></tr></table><br/><i>Source: <a href="https://www.visitpohorje.si/en/bike-park-pohorje-maribor-awaits-its-first-visitors/">official 2026 opening notice</a>, <a href="https://www.visitpohorje.si/kolesarski-park-mariborsko-pohorje/">official trail descriptions</a> and <a href="https://www.visitpohorje.si/ceniki/kolesarski-park/">official 2026 prices</a>.</i>]]></description>
    <styleUrl>#placemark-blue</styleUrl>
    <Point><coordinates>15.603900,46.533100,0</coordinates></Point>
    <ExtendedData xmlns:mwm="https://omaps.app">
      <Data name="spot"><value>pohorje</value></Data>
      <Data name="tags"><value>beginner expert bikepark</value></Data>
      <Data name="price_day"><value>49 EUR</value></Data>
      <Data name="price_season"><value>490 EUR</value></Data>
      <Data name="open_from"><value>03-11</value></Data>
      <Data name="closed_from"><value>12-01</value></Data>
      <mwm:icon>Transport</mwm:icon>
      <mwm:visibility>1</mwm:visibility>
    </ExtendedData>
  </Placemark>
  <Placemark>
    <name>Bike Park Rabac (HR) [no lift]</name>
    <description><![CDATA[<b>Rabac, Istria - purpose-built coastal trail centre</b><br/><br/><b>Trails</b><br/>A compact purpose-built network above the Adriatic, part of the wider Maslinica trail system. It mixes easier flow and family trails with rocky technical descents, switchbacks, pump-track features and harder downhill-style lines on dry limestone terrain. The sea views and mild coast climate make it a particularly useful shoulder-season destination, with Bike Center Rabac providing rental, repairs, washing, storage and guided rides.<br/><br/><b>Getting up / price</b><br/>No lift: pedal the climbing roads and connectors or arrange transport through a local operator. Trail access is generally free; rentals and guided services are separate. Rock is sharp and polished in places, so sturdy tyres and protection are sensible.<br/><br/><b>Open season</b><br/>Open from 1 January with no seasonal closure in a typical year. The destination markets year-round cycling; avoid the hottest summer afternoons and check trail conditions after storms.<br/>Daily opening hours: 08:00-18:00<br/><small>Typical daily estimate; check the operator schedule.</small><br/><br/><b>Access</b><table class="access"><tr><th>From</th><th>Transport</th><th>Duration</th></tr><tr><td>Pula</td><td>Car</td><td>~50 min</td></tr><tr><td>Rijeka</td><td>Car</td><td>~1h10</td></tr></table><br/><i>Sources: <a href="https://www.valamar.com/en/croatia/rabac/biking">Rabac cycling and Bike Center services</a> and <a href="https://bike4you.hr/bike-park-rabac/">Bike Park Rabac overview</a>.</i>]]></description>
    <styleUrl>#placemark-brown</styleUrl>
    <Point><coordinates>14.157400,45.075900,0</coordinates></Point>
    <ExtendedData xmlns:mwm="https://omaps.app">
      <Data name="spot"><value>rabac</value></Data>
      <Data name="tags"><value>beginner expert bikepark</value></Data>
      <Data name="open_from"><value>01-01</value></Data>
      <Data name="closed_from"><value>01-01</value></Data>
      <mwm:icon>Mountain</mwm:icon>
      <mwm:visibility>1</mwm:visibility>
    </ExtendedData>
  </Placemark>
  <Placemark>
    <name>Mount Parnitha Enduro (Athens, GR) [no lift]</name>
    <description><![CDATA[<b>Mount Parnitha above Athens - rocky Mediterranean enduro</b><br/><br/><b>Trails</b><br/>The most established gravity-oriented natural riding area near Athens, with pine and fir forest, exposed limestone, loose rock, fast earth and technical descents between roughly 1000 m and the lower foothills. A representative guided route is about 30 km with 600 m of climbing and roughly 50 percent trail. This is an informal shared-use network rather than a signed park, and route choice matters after fires or forestry work.<br/><br/><b>Getting up / price</b><br/>No bike lift. Pedal from the foothills, self-shuttle by road, or book a guided vehicle-assisted day; one published guided option starts from 85 EUR per person for a group of five, with bike rental extra. Carry offline mapping and yield to walkers.<br/><br/><p class="warn">&#9888;&#65039; Wildfire danger can close the mountain at short notice. Do not ride during official fire restrictions, and avoid wet limestone and peak summer heat.</p><b>Open season</b><br/>Open from 1 October; closed from 1 June (typical cool-season window, not an official opening calendar). Check fire restrictions and local trail reports.<br/><br/><b>Access</b><table class="access"><tr><th>From</th><th>Transport</th><th>Duration</th></tr><tr><td>Athens centre</td><td>Car</td><td>~45 min</td></tr><tr><td>Athens airport</td><td>Car</td><td>~50 min</td></tr></table><br/><i>Sources: <a href="https://www.aegeantrails.com/guided-bike-tour/mount-parnitha-day-tour-athens/">Aegean Trails Parnitha enduro tour</a> and <a href="https://www.discovergreece.com/travel-ideas/best-of/7-most-popular-places-mountain-bike-greece">Discover Greece MTB destinations</a>. Seasonal dates are a conservative average.</i>]]></description>
    <styleUrl>#placemark-brown</styleUrl>
    <Point><coordinates>23.728900,38.168900,0</coordinates></Point>
    <ExtendedData xmlns:mwm="https://omaps.app">
      <Data name="spot"><value>parnitha</value></Data>
      <Data name="tags"><value>expert natural</value></Data>
      <Data name="open_from"><value>10-01</value></Data>
      <Data name="closed_from"><value>06-01</value></Data>
      <mwm:icon>Mountain</mwm:icon>
      <mwm:visibility>1</mwm:visibility>
    </ExtendedData>
  </Placemark>
  <Placemark>
    <name>Dajti Mountain Enduro (Tirana, AL) [gondola]</name>
    <description><![CDATA[<b>Fusha e Dajtit above Tirana - natural forest riding with gondola access</b><br/><br/><b>Trails</b><br/>Albania's most accessible mountain riding zone, with informal routes from the Dajti plateau through beech and pine forest toward Tirana. Expect rough natural paths, rock, roots, steep sections and exceptional views over the capital and Adriatic plain rather than shaped or graded bike-park runs. Formal waymarking and maintenance remain limited, so a guide or strong offline navigation is recommended.<br/><br/><b>Getting up / price</b><br/>Dajti Ekspres reaches the plateau and is reported to carry bikes, giving access without a full road climb. Confirm bicycle acceptance before travelling because operating rules can change. Road shuttles and pedalling are alternatives; there is no dedicated bike patrol or uplift ticket.<br/><br/><p class="warn">&#9888;&#65039; Shared national-park terrain: control speed around walkers, respect closures and do not assume every hiking path permits or suits bikes.</p><b>Open season</b><br/>Open from 1 March; closed from 1 December (typical riding window). Low trails may be rideable in winter; check gondola operation, rain and snow conditions.<br/>Daily opening hours: 09:00-18:00<br/><small>Typical daily estimate; check the operator schedule.</small><br/><br/><b>Access</b><table class="access"><tr><th>From</th><th>Transport</th><th>Duration</th></tr><tr><td>Tirana centre</td><td>Car / bus</td><td>~25 min to gondola</td></tr><tr><td>Tirana airport</td><td>Car</td><td>~40 min</td></tr></table><br/><i>Sources: <a href="https://akt.gov.al/en/attractions/Dajti-Mountain-National-Park/">Albanian tourism authority</a> and <a href="https://www.albania-spirit.com/guides/cycling-albania/">2026 Albania cycling guide</a>. Seasonal dates are an average.</i>]]></description>
    <styleUrl>#placemark-green</styleUrl>
    <Point><coordinates>19.916000,41.368400,0</coordinates></Point>
    <ExtendedData xmlns:mwm="https://omaps.app">
      <Data name="spot"><value>dajti</value></Data>
      <Data name="tags"><value>expert natural</value></Data>
      <Data name="open_from"><value>03-01</value></Data>
      <Data name="closed_from"><value>12-01</value></Data>
      <mwm:icon>Transport</mwm:icon>
      <mwm:visibility>1</mwm:visibility>
    </ExtendedData>
  </Placemark>
  <Placemark>
    <name>Kopaonik Bike Park (RS) [lift]</name>
    <description><![CDATA[<b>Pancicev Vrh, Kopaonik - Serbia's lift-served DH park</b><br/><br/><b>Trails</b><br/>A small proper downhill park in Serbia's main mountain resort. Three named descents - KGB, Struga and Mordor - total about 5 km across different surfaces, from approachable sections to steeper technical terrain. A skills area in Dolina Sportova adds practice features, while the wider mountain hosts longer MTB routes and the annual Tri Strane Kopaonika event.<br/><br/><b>Getting up / price</b><br/>The four-seat Pancicev Vrh chairlift has bike carriers and serves the downhill trail starts. Bike rental is available near the lift base. Summer lift dates, daily bike acceptance and prices can vary, so confirm them with the resort before travelling specifically for the park.<br/><br/><b>Open season</b><br/>Open from 15 June; closed from 15 September (typical summer-lift window; exact 2026 bike-park dates not published in the sources checked).<br/>Daily opening hours: 09:00-17:00<br/><small>Typical daily estimate; check the operator schedule.</small><br/><br/><b>Access</b><table class="access"><tr><th>From</th><th>Transport</th><th>Duration</th></tr><tr><td>Belgrade</td><td>Car</td><td>~3h45</td></tr><tr><td>Nis</td><td>Car</td><td>~2h30</td></tr></table><br/><i>Sources: <a href="https://www.kopaonik.rs/letnji-sadrzaji-kopaonika/">Kopaonik summer activities</a> and <a href="https://www.tristranekopaonika.rs/">2026 Kopaonik MTB event</a>. Seasonal dates are an average; verify lift operation.</i>]]></description>
    <styleUrl>#placemark-blue</styleUrl>
    <Point><coordinates>20.811700,43.285200,0</coordinates></Point>
    <ExtendedData xmlns:mwm="https://omaps.app">
      <Data name="spot"><value>kopaonik</value></Data>
      <Data name="tags"><value>beginner expert bikepark</value></Data>
      <Data name="open_from"><value>06-15</value></Data>
      <Data name="closed_from"><value>09-15</value></Data>
      <mwm:icon>Transport</mwm:icon>
      <mwm:visibility>1</mwm:visibility>
    </ExtendedData>
  </Placemark>
  <Placemark>
    <name>Peyragudes-Loudenvielle Bike Park (Pyrenees) [33 EUR]</name>
    <description><![CDATA[<b>Peyragudes 2400 m to Loudenvielle 950 m - lift-served Pyrenean enduro</b><br/><br/><b>Trails</b><br/>Twenty marked green-to-black downhill and enduro trails sit inside the Louron valley's much larger 420 km riding network. The full mountain combines maintained park lines, long natural enduro descents and World Cup terrain, with exceptional vertical back to the lake at Loudenvielle.<br/><br/><b>Getting up / price</b><br/>Skyvall carries bikes from Loudenvielle to 1600 m, then the Privilege chairlift reaches the high trail starts. The 2026 full-area adult day pass starts at 33 EUR; a station-only or Skyvall-only pass starts at 28 EUR.<br/><br/><b>Open season</b><br/>Open from 8 May; closed from 19 October (published 2026 span). May, June, September and October are mostly weekends and holidays; daily operation is from 4 July through 30 August, and the upper chairlifts run on selected days.<br/>Daily opening hours: 09:00-17:00<br/><small>Typical daily estimate; check the operator schedule.</small><br/><br/><b>Access</b><table class="access"><tr><th>From</th><th>Transport</th><th>Duration</th></tr><tr><td>Tarbes</td><td>Car</td><td>~1h10</td></tr><tr><td>Toulouse</td><td>Car</td><td>~1h50</td></tr></table><br/><i>Source: <a href="https://www.n-py.com/fr/peyragudes/bike-park">official N'PY bike park page</a>; verify which lifts operate on your date.</i>]]></description>
    <styleUrl>#placemark-blue</styleUrl>
    <Point><coordinates>0.457418,42.776188,0</coordinates></Point>
    <ExtendedData xmlns:mwm="https://omaps.app">
      <Data name="spot"><value>loudenvielle</value></Data>
      <Data name="tags"><value>beginner expert bikepark</value></Data>
      <Data name="open_from"><value>05-08</value></Data>
      <Data name="closed_from"><value>10-19</value></Data>
      <Data name="price_day"><value>33 EUR</value></Data>
      <Data name="price_season"><value>230 EUR</value></Data>
      <mwm:icon>Transport</mwm:icon>
      <mwm:visibility>1</mwm:visibility>
    </ExtendedData>
  </Placemark>
  <Placemark>
    <name>Saint-Lary Bike Park (Pyrenees) [26 EUR]</name>
    <description><![CDATA[<b>Bouleaux chairlift summit 2215 m - maintained riding above Pla d'Adet</b><br/><br/><b>Trails</b><br/>More than 40 km of marked green-to-black trails between 2215 m and 1700 m. Family Rider and Easy Rider provide genuine progression terrain, while Woodstock brings long flow and wood features; K-Bourre and Razorback supply the technical black riding. Ten maintained trails and an initiation zone make this one of the most complete parks in the French Pyrenees.<br/><br/><b>Getting up / price</b><br/>The detachable Bouleaux chairlift carries bikes. The 2026 adult day pass is 22.50 EUR from Pla d'Adet or 26 EUR including the cable car from Saint-Lary village.<br/><br/><b>Open season</b><br/>Open from 27 June; closed from 31 August (published 2026 dates). The opening weekend uses the Bouleaux chairlift only; daily operation runs from 4 July through 30 August.<br/>Daily opening hours: 09:00-17:00<br/><small>Typical daily estimate; check the operator schedule.</small><br/><br/><b>Access</b><table class="access"><tr><th>From</th><th>Transport</th><th>Duration</th></tr><tr><td>Tarbes</td><td>Car</td><td>~1h10</td></tr><tr><td>Toulouse</td><td>Car</td><td>~2h00</td></tr></table><br/><i>Source: <a href="https://saint-lary.altiservice.com/en/activities/bike-park/">official Saint-Lary bike park page</a>; check weather and lift status.</i>]]></description>
    <styleUrl>#placemark-blue</styleUrl>
    <Point><coordinates>0.320281,42.816564,0</coordinates></Point>
    <ExtendedData xmlns:mwm="https://omaps.app">
      <Data name="spot"><value>saintlary</value></Data>
      <Data name="tags"><value>beginner expert bikepark</value></Data>
      <Data name="open_from"><value>06-27</value></Data>
      <Data name="closed_from"><value>08-31</value></Data>
      <Data name="price_day"><value>26 EUR</value></Data>
      <Data name="price_season"><value>231 EUR</value></Data>
      <mwm:icon>Transport</mwm:icon>
      <mwm:visibility>1</mwm:visibility>
    </ExtendedData>
  </Placemark>
  <Placemark>
    <name>Les Angles Bike Park (Pyrenees) [24.50 EUR]</name>
    <description><![CDATA[<b>Roc d'Aude sector above Les Angles - 500 m of lift-served vertical</b><br/><br/><b>Trails</b><br/>About 30 km of purpose-built riding across nine descents and five difficulty levels. Long blue and red marathon lines drop through pine forest, while black tracks, jumps, a North Shore line and the separate Flow Zone cover more committed riding and skill progression.<br/><br/><b>Getting up / price</b><br/>The village gondola serves the park. The published adult day pass starts at 24.50 EUR, with four-hour and multi-day options also available.<br/><br/><b>Open season</b><br/>Open from 27 June; closed from 31 August (published 2026 dates). The park operates daily in the main window, subject to weather and the Tour de France closure on 6 July 2026.<br/>Daily opening hours: 09:00-17:00<br/><small>Typical daily estimate; check the operator schedule.</small><br/><br/><b>Access</b><table class="access"><tr><th>From</th><th>Transport</th><th>Duration</th></tr><tr><td>Perpignan</td><td>Car</td><td>~1h30</td></tr><tr><td>Barcelona</td><td>Car</td><td>~2h30</td></tr></table><br/><i>Sources: <a href="https://lesangles.com/evenement/ouverture-bike-park-les-angles/">Les Angles 2026 opening notice</a> and official ticket shop; check lift status.</i>]]></description>
    <styleUrl>#placemark-blue</styleUrl>
    <Point><coordinates>2.072672,42.577660,0</coordinates></Point>
    <ExtendedData xmlns:mwm="https://omaps.app">
      <Data name="spot"><value>lesangles</value></Data>
      <Data name="tags"><value>beginner expert bikepark</value></Data>
      <Data name="open_from"><value>06-27</value></Data>
      <Data name="closed_from"><value>08-31</value></Data>
      <Data name="price_day"><value>24.50 EUR</value></Data>
      <mwm:icon>Transport</mwm:icon>
      <mwm:visibility>1</mwm:visibility>
    </ExtendedData>
  </Placemark>
  <Placemark>
    <name>La Molina Bike Park (Catalonia, ES) [31 EUR]</name>
    <description><![CDATA[<b>La Tosa and Cap de Comella above La Molina - Spain's largest lift park</b><br/><br/><b>Trails</b><br/>Thirteen downhill circuits and more than 45 km of riding split between La Tosa and Comella, with freeride features, a woodpark, e-bike routes and a children's zone. The range runs from progression tracks to the 2.3 km Comella DH race course, which loses more than 400 m through technical natural and shaped sections.<br/><br/><b>Getting up / price</b><br/>The Cadi-Moixero gondola and Cap de Comella chairlift serve the park. The latest verified adult day rate is 31 EUR including insurance; check the resort for the current 2026 rate and lift schedule.<br/><br/><b>Open season</b><br/>Open from 14 June; closed from 6 October (typical window based on the latest full published season). Core daily lift operation is concentrated in July and August, with reduced schedules outside it.<br/>Daily opening hours: 09:00-17:00<br/><small>Typical daily estimate; check the operator schedule.</small><br/><br/><b>Access</b><table class="access"><tr><th>From</th><th>Transport</th><th>Duration</th></tr><tr><td>Barcelona</td><td>Car</td><td>~2h00</td></tr><tr><td>Barcelona</td><td>Train</td><td>~3h00</td></tr></table><br/><i>Sources: <a href="https://www.lamolina.cat/en/summer/resort/facilities-opening-status/">official La Molina opening report</a> and resort prices; seasonal dates are an estimate.</i>]]></description>
    <styleUrl>#placemark-blue</styleUrl>
    <Point><coordinates>1.934950,42.335960,0</coordinates></Point>
    <ExtendedData xmlns:mwm="https://omaps.app">
      <Data name="spot"><value>lamolina</value></Data>
      <Data name="tags"><value>beginner expert bikepark</value></Data>
      <Data name="open_from"><value>06-14</value></Data>
      <Data name="closed_from"><value>10-06</value></Data>
      <Data name="price_day"><value>31 EUR</value></Data>
      <mwm:icon>Transport</mwm:icon>
      <mwm:visibility>1</mwm:visibility>
    </ExtendedData>
  </Placemark>
  <Placemark>
    <name>Zona Zero Pirineos (Ainsa, ES) [no lift, free trails]</name>
    <description><![CDATA[<b>Ainsa 580 m - internationally known natural enduro trail centre</b><br/><br/><b>Trails</b><br/>A vast signed network built around restored historic paths through Sobrarbe's sandstone ridges, badlands, forests and abandoned villages. Routes range from approachable valley loops to long, exposed and highly technical enduro days. This is natural riding rather than a shaped park; carry navigation, water and repair equipment.<br/><br/><b>Getting up / price</b><br/>The trails themselves are free and normally climbed under pedal power. Commercial shuttles, guides, rentals and route support are available in Ainsa for riders who want uplift or local knowledge.<br/><br/><b>Open season</b><br/>Normally rideable year-round. Summer heat can be severe and high routes can hold snow in winter, so spring and autumn are the prime seasons.<br/><br/><b>Access</b><table class="access"><tr><th>From</th><th>Transport</th><th>Duration</th></tr><tr><td>Huesca</td><td>Car</td><td>~1h20</td></tr><tr><td>Zaragoza</td><td>Car</td><td>~2h10</td></tr></table><br/><i>Source: <a href="https://zonazeropirineos.com/en/">official Zona Zero Pirineos site</a>; respect route-specific closures and shared paths.</i>]]></description>
    <styleUrl>#placemark-brown</styleUrl>
    <Point><coordinates>0.143980,42.415225,0</coordinates></Point>
    <ExtendedData xmlns:mwm="https://omaps.app">
      <Data name="spot"><value>zonazero</value></Data>
      <Data name="tags"><value>beginner expert natural</value></Data>
      <Data name="open_from"><value>01-01</value></Data>
      <Data name="closed_from"><value>01-01</value></Data>
      <mwm:icon>Mountain</mwm:icon>
      <mwm:visibility>1</mwm:visibility>
    </ExtendedData>
  </Placemark>
  <Placemark>
    <name>Sierra Nevada Bike Park (Granada, ES) [lift price unverified]</name>
    <description><![CDATA[<b>Veleta sector 3030 m to Pradollano 2150 m - high-alpine Spanish riding</b><br/><br/><b>Trails</b><br/>Six downhill circuits descend from the exposed terrain near Veleta toward Borreguiles and Pradollano, complemented by a cross-country circuit at Fuente Alta. The huge elevation, loose rock and open high-mountain character make this very different from a forest bike park; weather and trail availability can change quickly.<br/><br/><b>Getting up / price</b><br/>Summer access uses the Borreguiles gondola and Veleta chairlift. A current bike-specific 2026 day rate was not clearly published, so confirm both bicycle carriage and open bike trails before travelling.<br/><br/><b>Open season</b><br/>Open from 11 July; closed from 24 August (published 2026 summer-lift dates). Individual bike trails may have a shorter window or remain closed depending on maintenance and conditions.<br/>Daily opening hours: 09:00-17:00<br/><small>Typical daily estimate; check the operator schedule.</small><br/><br/><b>Access</b><table class="access"><tr><th>From</th><th>Transport</th><th>Duration</th></tr><tr><td>Granada</td><td>Car / bus</td><td>~45 min</td></tr><tr><td>Malaga</td><td>Car</td><td>~2h00</td></tr></table><br/><i>Sources: <a href="https://sierranevada.es/en/summer/the-resort/calendar-and-rates/">official 2026 summer calendar</a> and Sierra Nevada bike park information; verify current trail status.</i>]]></description>
    <styleUrl>#placemark-blue</styleUrl>
    <Point><coordinates>-3.398640,37.093060,0</coordinates></Point>
    <ExtendedData xmlns:mwm="https://omaps.app">
      <Data name="spot"><value>sierranevada</value></Data>
      <Data name="tags"><value>beginner expert bikepark</value></Data>
      <Data name="open_from"><value>07-11</value></Data>
      <Data name="closed_from"><value>08-24</value></Data>
      <mwm:icon>Transport</mwm:icon>
      <mwm:visibility>1</mwm:visibility>
    </ExtendedData>
  </Placemark>
  <Placemark>
    <name>Trail Park Klinovec (CZ) [lift price unverified]</name>
    <description><![CDATA[<b>Klinovec 1244 m - long lift-served flow trails on the Czech-German border</b><br/><br/><b>Trails</b><br/>One of Czechia's headline bike parks, known for unusually long descents: the easy Azur flow trail is about 10 km, Rubin about 8 km and Baron about 6 km. Shorter technical enduro and downhill lines add roots, rocks and steeper sections, giving useful progression from first park laps to expert riding.<br/><br/><b>Getting up / price</b><br/>The Prima Express chairlift carries bikes from the Jachymov side. Current bike-pass prices vary by date and were not reliably exposed by the operator, so check the official ticket shop before travelling.<br/><br/><b>Open season</b><br/>Open from 1 May; closed from 1 November (typical lift-served window; check the current calendar).<br/>Daily opening hours: 09:00-17:00<br/><small>Typical daily estimate; check the operator schedule.</small><br/><br/><b>Access</b><table class="access"><tr><th>From</th><th>Transport</th><th>Duration</th></tr><tr><td>Prague</td><td>Car</td><td>~2h00</td></tr><tr><td>Dresden</td><td>Car</td><td>~1h45</td></tr></table><br/><i>Source: <a href="https://www.trailpark.cz/">official Trail Park Klinovec site</a>; verify lift and trail status.</i>]]></description>
    <styleUrl>#placemark-blue</styleUrl>
    <Point><coordinates>12.967100,50.396400,0</coordinates></Point>
    <ExtendedData xmlns:mwm="https://omaps.app">
      <Data name="spot"><value>klinovec</value></Data>
      <Data name="tags"><value>beginner expert bikepark</value></Data>
      <Data name="open_from"><value>05-01</value></Data>
      <Data name="closed_from"><value>11-01</value></Data>
      <mwm:icon>Transport</mwm:icon>
      <mwm:visibility>1</mwm:visibility>
    </ExtendedData>
  </Placemark>
  <Placemark>
    <name>Trail Park Dolni Morava (CZ) [lift price unverified]</name>
    <description><![CDATA[<b>Slamnik sector above Dolni Morava - lift-served trail and enduro park</b><br/><br/><b>Trails</b><br/>A modern trail park with approachable blue flow lines, longer red descents and rougher enduro options. Machine-shaped berms and rollers make it friendly for progression, while roots, rock gardens and steeper natural sections provide worthwhile riding for experienced visitors.<br/><br/><b>Getting up / price</b><br/>The Sneznik chairlift carries bikes to the upper trail network. Day bike-pass prices are dynamically presented by the resort and were not reliably verified here; check the operator before visiting.<br/><br/><b>Open season</b><br/>Open from 8 May; closed from 1 November (typical 2026 summer and autumn lift window; reduced operation outside peak season).<br/>Daily opening hours: 09:00-17:00<br/><small>Typical daily estimate; check the operator schedule.</small><br/><br/><b>Access</b><table class="access"><tr><th>From</th><th>Transport</th><th>Duration</th></tr><tr><td>Olomouc</td><td>Car</td><td>~1h45</td></tr><tr><td>Prague</td><td>Car</td><td>~3h00</td></tr></table><br/><i>Source: <a href="https://www.dolnimorava.cz/single-trails">official Dolni Morava Trail Park page</a>; verify operating days.</i>]]></description>
    <styleUrl>#placemark-blue</styleUrl>
    <Point><coordinates>16.814700,50.150600,0</coordinates></Point>
    <ExtendedData xmlns:mwm="https://omaps.app">
      <Data name="spot"><value>dolnimorava</value></Data>
      <Data name="tags"><value>beginner expert bikepark</value></Data>
      <Data name="open_from"><value>05-08</value></Data>
      <Data name="closed_from"><value>11-01</value></Data>
      <mwm:icon>Transport</mwm:icon>
      <mwm:visibility>1</mwm:visibility>
    </ExtendedData>
  </Placemark>
  <Placemark>
    <name>Rychlebske Stezky (CZ) [no lift, donation supported]</name>
    <description><![CDATA[<b>Cerna Voda trail centre - hand-built riding in the Rychleby Mountains</b><br/><br/><b>Trails</b><br/>A celebrated community trail network built around granite slabs, boulders, roots and old forest paths. Lower flow and skills trails offer progression, while the classic SuperFlow and rocky upper routes reward strong technical riders. Trails start and finish near the main base.<br/><br/><b>Getting up / price</b><br>No lift: all routes are pedal-accessed. Riding is donation-supported; contribute at the base to fund maintenance and use local services where possible.<br/><br/><b>Open season</b><br/>Open from 1 April; closed from 1 November (typical riding window). Do not ride during freeze-thaw, snow or official wet-weather closures.<br/><br/><b>Access</b><table class="access"><tr><th>From</th><th>Transport</th><th>Duration</th></tr><tr><td>Olomouc</td><td>Car</td><td>~1h30</td></tr><tr><td>Wroclaw</td><td>Car</td><td>~2h15</td></tr></table><br/><i>Source: <a href="https://www.rychlebskestezky.cz/cs/traily">official Rychlebske Stezky trail page</a>; check current closures.</i>]]></description>
    <styleUrl>#placemark-brown</styleUrl>
    <Point><coordinates>17.185899,50.366870,0</coordinates></Point>
    <ExtendedData xmlns:mwm="https://omaps.app">
      <Data name="spot"><value>rychleby</value></Data>
      <Data name="tags"><value>beginner expert natural</value></Data>
      <Data name="open_from"><value>04-01</value></Data>
      <Data name="closed_from"><value>11-01</value></Data>
      <mwm:icon>Mountain</mwm:icon>
      <mwm:visibility>1</mwm:visibility>
    </ExtendedData>
  </Placemark>
  <Placemark>
    <name>The GAP Bikepark (Dublin, IE) [shuttle price unverified]</name>
    <description><![CDATA[<b>Glencullen Adventure Park - purpose-built gravity riding above Dublin</b><br/><br/><b>Trails</b><br/>A compact proper bike park with blue, red and black descents, jump lines and high-consequence expert features. The blue and red trails provide progression, but difficulty rises quickly and the hardest lines are aimed at confident gravity riders.<br/><br/><b>Getting up / price</b><br/>Five vans and bike trailers provide scheduled uplift, with pedal access also possible. Prices depend on the booked session and were not reliably verified here; reserve through the official site.<br/><br/><b>Open season</b><br>Normally open year-round on scheduled operating days; severe weather and forestry work can cause closures.<br/>Daily opening hours: 09:30-16:30<br/><small>Typical daily estimate; check the operator schedule.</small><br/><br/><b>Access</b><table class="access"><tr><th>From</th><th>Transport</th><th>Duration</th></tr><tr><td>Dublin centre</td><td>Car</td><td>~35 min</td></tr><tr><td>Dublin airport</td><td>Car</td><td>~40 min</td></tr></table><br/><i>Source: <a href="https://thegap.ie/trails/">official GAP trail page</a>; advance booking recommended.</i>]]></description>
    <styleUrl>#placemark-blue</styleUrl>
    <Point><coordinates>-6.225804,53.222602,0</coordinates></Point>
    <ExtendedData xmlns:mwm="https://omaps.app">
      <Data name="spot"><value>thegap</value></Data>
      <Data name="tags"><value>beginner expert bikepark</value></Data>
      <Data name="open_from"><value>01-01</value></Data>
      <Data name="closed_from"><value>01-01</value></Data>
      <mwm:icon>Transport</mwm:icon>
      <mwm:visibility>1</mwm:visibility>
    </ExtendedData>
  </Placemark>
  <Placemark>
    <name>Ballyhoura MTB Trails (IE) [no lift, parking fee]</name>
    <description><![CDATA[<b>Ballyhoura trailhead - Ireland's largest waymarked MTB network</b><br/><br/><b>Trails</b><br/>Five purpose-built forest loops range from the 7 km Greenwood blue route to the 51 km Castlepook red. Expect long forest-road climbs linked by tight singletrack, fast descents and increasingly rocky, technical sections. The network suits beginners on the shortest loop and experienced riders on the full red circuits.<br/><br/><b>Getting up / price</b><br/>No lift: every route is a pedal-powered loop. Trail access is free, with cashless parking charged at the trailhead; rental, bike wash and showers are available.<br/><br/><b>Open season</b><br/>Open year-round, with the car park operating 08:00-22:00. Storm damage, harvesting and saturated ground can close individual sections.<br/><br/><b>Access</b><table class="access"><tr><th>From</th><th>Transport</th><th>Duration</th></tr><tr><td>Limerick</td><td>Car</td><td>~50 min</td></tr><tr><td>Cork</td><td>Car</td><td>~1h10</td></tr></table><br/><i>Source: <a href="https://www.coillte.ie/site/ballyhoura/">official Coillte Ballyhoura page</a>; obey live closure signs.</i>]]></description>
    <styleUrl>#placemark-brown</styleUrl>
    <Point><coordinates>-8.496900,52.307200,0</coordinates></Point>
    <ExtendedData xmlns:mwm="https://omaps.app">
      <Data name="spot"><value>ballyhoura</value></Data>
      <Data name="tags"><value>beginner expert natural</value></Data>
      <Data name="open_from"><value>01-01</value></Data>
      <Data name="closed_from"><value>01-01</value></Data>
      <mwm:icon>Mountain</mwm:icon>
      <mwm:visibility>1</mwm:visibility>
    </ExtendedData>
  </Placemark>
  <Placemark>
    <name>BikePark Wales (Wales, UK) [uplift price unverified]</name>
    <description><![CDATA[<b>Gethin Woods above Merthyr Tydfil - the UK's largest gravity trail network</b><br/><br/><b>Trails</b><br/>More than fifty all-weather trails cover genuine beginner progression, high-speed flow, jumps and steep technical race-style terrain. Kermit provides a long green introduction, while the red, black and pro lines make the park a destination for experienced riders as well.<br/><br/><b>Getting up / price</b><br/>Dedicated vehicles provide booked uplift, or riders can buy pedal and e-bike access. Dynamic session prices were not reliably exposed, so check the official booking calendar.<br/><br/><b>Open season</b><br/>Normally open year-round on scheduled days. Booking availability, storms and trail work can affect individual dates.<br/>Daily opening hours: 09:30-16:30<br/><small>Typical daily estimate; check the operator schedule.</small><br/><br/><b>Access</b><table class="access"><tr><th>From</th><th>Transport</th><th>Duration</th></tr><tr><td>Cardiff</td><td>Car</td><td>~45 min</td></tr><tr><td>Bristol</td><td>Car</td><td>~1h30</td></tr></table><br/><i>Source: <a href="https://www.bikeparkwales.com/">official BikePark Wales site</a>; uplift booking is strongly recommended.</i>]]></description>
    <styleUrl>#placemark-blue</styleUrl>
    <Point><coordinates>-3.377800,51.718700,0</coordinates></Point>
    <ExtendedData xmlns:mwm="https://omaps.app">
      <Data name="spot"><value>bikeparkwales</value></Data>
      <Data name="tags"><value>beginner expert bikepark</value></Data>
      <Data name="open_from"><value>01-01</value></Data>
      <Data name="closed_from"><value>01-01</value></Data>
      <mwm:icon>Transport</mwm:icon>
      <mwm:visibility>1</mwm:visibility>
    </ExtendedData>
  </Placemark>
  <Placemark>
    <name>Dyfi Bike Park (Wales, UK) [uplift price unverified]</name>
    <description><![CDATA[<b>Dyfi Forest - big-mountain gravity trails built by the Athertons</b><br/><br/><b>Trails</b><br/>A 650-acre destination with hand-built red through triple-black trails. Long, fast and technical descents combine natural rock and roots with large jumps and race-scale features. There is no beginner terrain: even the red trails require solid bike-park skills.<br/><br/><b>Getting up / price</b><br/>Land Rover shuttles provide uplift from the base. Prices and operating days vary through the booking calendar, so reserve directly with the park.<br/><br/><b>Open season</b><br/>Normally open year-round on selected booked days, subject to Welsh mountain weather and maintenance closures.<br/>Daily opening hours: 09:30-16:30<br/><small>Typical daily estimate; check the operator schedule.</small><br/><br/><b>Access</b><table class="access"><tr><th>From</th><th>Transport</th><th>Duration</th></tr><tr><td>Aberystwyth</td><td>Car</td><td>~45 min</td></tr><tr><td>Manchester</td><td>Car</td><td>~2h30</td></tr></table><br/><i>Source: <a href="https://www.dyfibikepark.co.uk/">official Dyfi Bike Park site</a>; advance booking required.</i>]]></description>
    <styleUrl>#placemark-blue</styleUrl>
    <Point><coordinates>-3.852304,52.623753,0</coordinates></Point>
    <ExtendedData xmlns:mwm="https://omaps.app">
      <Data name="spot"><value>dyfi</value></Data>
      <Data name="tags"><value>expert bikepark</value></Data>
      <Data name="open_from"><value>01-01</value></Data>
      <Data name="closed_from"><value>01-01</value></Data>
      <mwm:icon>Transport</mwm:icon>
      <mwm:visibility>1</mwm:visibility>
    </ExtendedData>
  </Placemark>
  <Placemark>
    <name>Nevis Range (Fort William, UK) [39.85 GBP online]</name>
    <description><![CDATA[<b>Aonach Mor 650 m gondola station - World Cup downhill above Fort William</b><br/><br/><b>Trails</b><br/>Three major gondola descents: the legendary orange World Cup track, tight technical black Top Chief and the more approachable Blue Doon. Lower Witches trails add year-round pedal-access riding below the gondola. Highland weather, rocks and sustained vertical make even the easier mountain line demanding.<br/><br/><b>Getting up / price</b><br/>The Mountain Gondola carries riders and bikes in about fifteen minutes. The 2026 adult online multi-trip uplift is 39.85 GBP, or 41.95 GBP at the ticket office.<br/><br/><b>Open season</b><br/>Open from 1 May; closed from 1 October (typical bike-uplift window). Lower trails remain open year-round, while gondola dates and individual descents depend on weather, events and maintenance.<br/>Daily opening hours: 09:30-16:30<br/><small>Typical daily estimate; check the operator schedule.</small><br/><br/><b>Access</b><table class="access"><tr><th>From</th><th>Transport</th><th>Duration</th></tr><tr><td>Fort William</td><td>Car / bus</td><td>~15 min</td></tr><tr><td>Glasgow</td><td>Car</td><td>~2h45</td></tr></table><br/><i>Source: <a href="https://www.nevisrange.co.uk/activities/bike/uplift-prices/">official Nevis Range 2026 uplift page</a>; check the daily mountain report.</i>]]></description>
    <styleUrl>#placemark-blue</styleUrl>
    <Point><coordinates>-4.999258,56.852366,0</coordinates></Point>
    <ExtendedData xmlns:mwm="https://omaps.app">
      <Data name="spot"><value>nevisrange</value></Data>
      <Data name="tags"><value>beginner expert bikepark</value></Data>
      <Data name="open_from"><value>05-01</value></Data>
      <Data name="closed_from"><value>10-01</value></Data>
      <Data name="price_day"><value>39.85 GBP</value></Data>
      <Data name="price_season"><value>437.65 GBP</value></Data>
      <mwm:icon>Transport</mwm:icon>
      <mwm:visibility>1</mwm:visibility>
    </ExtendedData>
  </Placemark>
  <Placemark>
    <name>Glentress 7stanes (Scotland, UK) [no lift, parking fee]</name>
    <description><![CDATA[<b>Glentress Forest - 75 km of purpose-built Tweed Valley singletrack</b><br/><br/><b>Trails</b><br/>Scotland's flagship trail centre ranges from green family loops and blue progression trails to long red and black routes. Modern flow finales sit alongside classic rooty and rocky forest singletrack, with enough climbing and distance for full-day rides.<br/><br/><b>Getting up / price</b><br/>No lift: all official routes are pedal-accessed. Trails are free, with all-day parking charged at the visitor centre; bike hire, coaching, showers and food are available.<br/><br/><b>Open season</b><br/>Normally open year-round. Forestry work, storms and repairs regularly divert or close individual sections, so check current notices.<br/><br/><b>Access</b><table class="access"><tr><th>From</th><th>Transport</th><th>Duration</th></tr><tr><td>Edinburgh</td><td>Car</td><td>~1h00</td></tr><tr><td>Edinburgh</td><td>Bus</td><td>~1h30</td></tr></table><br/><i>Source: <a href="https://forestryandland.gov.scot/visit/destinations/glentress/bike">Forestry and Land Scotland</a>; follow live diversions.</i>]]></description>
    <styleUrl>#placemark-brown</styleUrl>
    <Point><coordinates>-3.182007,55.656936,0</coordinates></Point>
    <ExtendedData xmlns:mwm="https://omaps.app">
      <Data name="spot"><value>glentress</value></Data>
      <Data name="tags"><value>beginner expert natural</value></Data>
      <Data name="open_from"><value>01-01</value></Data>
      <Data name="closed_from"><value>01-01</value></Data>
      <mwm:icon>Mountain</mwm:icon>
      <mwm:visibility>1</mwm:visibility>
    </ExtendedData>
  </Placemark>
  <Placemark>
    <name>Innerleithen and Golfie (Scotland, UK) [optional shuttle]</name>
    <description><![CDATA[<b>Traquair and Caberston forests - technical Tweed Valley enduro</b><br/><br/><b>Trails</b><br/>Innerleithen's four formal downhill tracks drop steeply from Plora Rig, while the adjacent Golfie in Caberston Forest is famous for demanding natural enduro trails. Expect roots, mud, rock, steep chutes and limited easy options; this is primarily an expert destination.<br/><br/><b>Getting up / price</b><br/>Pedal and push-up access is always the baseline. Adrenalin Uplift runs a bookable shuttle to the formal downhill hill when available; current prices and dates depend on its calendar.<br/><br/><b>Open season</b><br/>Normally rideable year-round, subject to storm damage, forestry operations, trail maintenance and shuttle availability.<br/><br/><b>Access</b><table class="access"><tr><th>From</th><th>Transport</th><th>Duration</th></tr><tr><td>Edinburgh</td><td>Car</td><td>~1h10</td></tr><tr><td>Glentress</td><td>Car</td><td>~15 min</td></tr></table><br/><i>Source: <a href="https://forestryandland.gov.scot/visit/destinations/innerleithen/bike">Forestry and Land Scotland</a>; clean bikes to limit forest disease and obey closures.</i>]]></description>
    <styleUrl>#placemark-green</styleUrl>
    <Point><coordinates>-3.063384,55.619074,0</coordinates></Point>
    <ExtendedData xmlns:mwm="https://omaps.app">
      <Data name="spot"><value>innerleithen</value></Data>
      <Data name="tags"><value>expert natural</value></Data>
      <Data name="open_from"><value>01-01</value></Data>
      <Data name="closed_from"><value>01-01</value></Data>
      <mwm:icon>Transport</mwm:icon>
      <mwm:visibility>1</mwm:visibility>
    </ExtendedData>
  </Placemark>
  <Placemark>
    <name>Bike Park Czarna Gora (PL) [119 PLN weekdays]</name>
    <description><![CDATA[<b>Czarna Gora 1205 m - one of Poland's largest lift-served parks</b><br/><br/><b>Trails</b><br/>Nineteen maintained trails cover beginner flow, skills zones, freeride, enduro and advanced downhill. The Kids and Skills arenas make progression unusually accessible, while the steeper race lines provide serious rock, roots and technical features.<br/><br/><b>Getting up / price</b><br/>The Luxtorpeda chairlift and Efka lift carry bikes. The published 2026 adult weekday day pass is 119 PLN; weekend pricing can be higher.<br/><br/><b>Open season</b><br/>Open from 1 May; closed from 1 November (typical 2026 lift window; reduced schedules and maintenance closures apply).<br/>Daily opening hours: 09:00-17:00<br/><small>Typical daily estimate; check the operator schedule.</small><br/><br/><b>Access</b><table class="access"><tr><th>From</th><th>Transport</th><th>Duration</th></tr><tr><td>Wroclaw</td><td>Car</td><td>~2h00</td></tr><tr><td>Prague</td><td>Car</td><td>~3h00</td></tr></table><br/><i>Source: <a href="https://www.bikeparkczarnagora.pl/">official Bike Park Czarna Gora site</a>; check lift status.</i>]]></description>
    <styleUrl>#placemark-blue</styleUrl>
    <Point><coordinates>16.814000,50.260000,0</coordinates></Point>
    <ExtendedData xmlns:mwm="https://omaps.app">
      <Data name="spot"><value>czarnagora</value></Data>
      <Data name="tags"><value>beginner expert bikepark</value></Data>
      <Data name="open_from"><value>05-01</value></Data>
      <Data name="closed_from"><value>11-01</value></Data>
      <Data name="price_day"><value>119 PLN</value></Data>
      <mwm:icon>Transport</mwm:icon>
      <mwm:visibility>1</mwm:visibility>
    </ExtendedData>
  </Placemark>
  <Placemark>
    <name>Enduro Trails Srebrna Gora (PL) [shuttle price unverified]</name>
    <description><![CDATA[<b>Srebrna Gora - shuttle-assisted Lower Silesian enduro</b><br/><br/><b>Trails</b><br/>Long purpose-built and natural descents use roughly 330 m of vertical around the historic fortress. Lines range from flowing intermediate riding to steep technical enduro with rock, roots and tight forest sections; SGR Line is the signature expert descent.<br/><br/><b>Getting up / price</b><br/>Commercial vans and trailers provide booked uplift, with pedalling also possible. Current shuttle prices vary by package and were not reliably published in the sources checked.<br/><br/><b>Open season</b><br/>Open from 1 April; closed from 1 December (typical riding and shuttle window; check booking availability).<br/>Daily opening hours: 09:00-17:00<br/><small>Typical daily estimate; check the operator schedule.</small><br/><br/><b>Access</b><table class="access"><tr><th>From</th><th>Transport</th><th>Duration</th></tr><tr><td>Wroclaw</td><td>Car</td><td>~1h30</td></tr><tr><td>Prague</td><td>Car</td><td>~3h00</td></tr></table><br/><i>Sources: <a href="https://www.srebrna.com/rowery/">Srebrna Gora trail information</a> and NS Bikeparks; reserve uplift in advance.</i>]]></description>
    <styleUrl>#placemark-blue</styleUrl>
    <Point><coordinates>16.658923,50.575566,0</coordinates></Point>
    <ExtendedData xmlns:mwm="https://omaps.app">
      <Data name="spot"><value>srebrnagora</value></Data>
      <Data name="tags"><value>expert bikepark</value></Data>
      <Data name="open_from"><value>04-01</value></Data>
      <Data name="closed_from"><value>12-01</value></Data>
      <mwm:icon>Transport</mwm:icon>
      <mwm:visibility>1</mwm:visibility>
    </ExtendedData>
  </Placemark>
  <Placemark>
    <name>Enduro Trails Bielsko-Biala (PL) [no lift, free trails]</name>
    <description><![CDATA[<b>Blonia trail centre - Poland's best-known pedal-access enduro network</b><br/><br/><b>Trails</b><br/>A large signed network on the wooded hills above Bielsko-Biala, combining machine-built flow with technical natural enduro. Climbing trails link green and blue progression lines to red and black descents; the area hosted Enduro World Cup racing.<br/><br/><b>Getting up / price</b><br/>No lift at the main Blonia network: climb the signed uphill trails. Trail access is free, with rentals, coaching and services available at the base.<br/><br/><b>Open season</b><br/>Open from 1 April; closed from 1 December (typical window). Respect wet-weather, forestry and event closures.<br/>Daily opening hours: 08:00-18:00<br/><small>Typical daily estimate; check the operator schedule.</small><br/><br/><b>Access</b><table class="access"><tr><th>From</th><th>Transport</th><th>Duration</th></tr><tr><td>Katowice</td><td>Car / train</td><td>~1h15</td></tr><tr><td>Krakow</td><td>Car</td><td>~1h30</td></tr></table><br/><i>Source: <a href="https://endurotrails.pl/en">official Enduro Trails site</a>; check current trail status.</i>]]></description>
    <styleUrl>#placemark-brown</styleUrl>
    <Point><coordinates>19.001475,49.759856,0</coordinates></Point>
    <ExtendedData xmlns:mwm="https://omaps.app">
      <Data name="spot"><value>bielsko</value></Data>
      <Data name="tags"><value>beginner expert bikepark</value></Data>
      <Data name="open_from"><value>04-01</value></Data>
      <Data name="closed_from"><value>12-01</value></Data>
      <mwm:icon>Mountain</mwm:icon>
      <mwm:visibility>1</mwm:visibility>
    </ExtendedData>
  </Placemark>
  <Placemark>
    <name>Bike Park Kasina (PL) [169 PLN]</name>
    <description><![CDATA[<b>Snieznica above Kasina Wielka - compact lift-served gravity park</b><br/><br/><b>Trails</b><br/>A well-established Polish park with flow, jump and downhill lines packed into a compact hill. Easier shaped trails support progression, while rooty forest tracks and steeper technical variants suit advanced riders.<br/><br/><b>Getting up / price</b><br/>A high-speed chairlift carries bikes. The published 2026 regular adult day ticket is 169 PLN, or 149 PLN with the phone-sticker pass.<br/><br/><b>Open season</b><br/>Open from 1 May; closed from 1 November (typical operating window; check weekday and shoulder-season schedules).<br/>Daily opening hours: 09:00-17:00<br/><small>Typical daily estimate; check the operator schedule.</small><br/><br/><b>Access</b><table class="access"><tr><th>From</th><th>Transport</th><th>Duration</th></tr><tr><td>Krakow</td><td>Car</td><td>~1h10</td></tr><tr><td>Zakopane</td><td>Car</td><td>~1h20</td></tr></table><br/><i>Source: <a href="https://kasinaski.pl/en/price-lists/bike-park-price-list/">official Kasina 2026 price list</a>; check opening hours.</i>]]></description>
    <styleUrl>#placemark-blue</styleUrl>
    <Point><coordinates>20.159665,49.717046,0</coordinates></Point>
    <ExtendedData xmlns:mwm="https://omaps.app">
      <Data name="spot"><value>kasina</value></Data>
      <Data name="tags"><value>beginner expert bikepark</value></Data>
      <Data name="open_from"><value>05-01</value></Data>
      <Data name="closed_from"><value>11-01</value></Data>
      <Data name="price_day"><value>169 PLN</value></Data>
      <mwm:icon>Transport</mwm:icon>
      <mwm:visibility>1</mwm:visibility>
    </ExtendedData>
  </Placemark>
  <Placemark>
    <name>Szczyrk Bike Park by Trek (PL) [lift price unverified]</name>
    <description><![CDATA[<b>Szczyrk Mountain Resort - lift-served Beskid flow and downhill</b><br/><br/><b>Trails</b><br/>One-way purpose-built trails spread across the resort, from smoother blue flow and a progressive skill zone to red, black and competition-level downhill. The park hosts major Polish and European DH racing.<br/><br/><b>Getting up / price</b><br/>Gondola and chairlifts provide bike uplift. Current 2026 bike-pass prices are sold through the resort and were not reliably exposed here.<br/><br/><b>Open season</b><br/>Open from 1 May; closed from 1 November (typical lift window; shoulder-season operation may be weekends only).<br/>Daily opening hours: 09:00-17:00<br/><small>Typical daily estimate; check the operator schedule.</small><br/><br/><b>Access</b><table class="access"><tr><th>From</th><th>Transport</th><th>Duration</th></tr><tr><td>Katowice</td><td>Car</td><td>~1h30</td></tr><tr><td>Krakow</td><td>Car</td><td>~2h00</td></tr></table><br/><i>Source: <a href="https://www.szczyrkowski.pl/en/resort/szczyrk-news/szczyrk-mountain-resort-news">official Szczyrk 2026 news</a>; verify open lifts and trails.</i>]]></description>
    <styleUrl>#placemark-blue</styleUrl>
    <Point><coordinates>18.988607,49.683663,0</coordinates></Point>
    <ExtendedData xmlns:mwm="https://omaps.app">
      <Data name="spot"><value>szczyrk</value></Data>
      <Data name="tags"><value>beginner expert bikepark</value></Data>
      <Data name="open_from"><value>05-01</value></Data>
      <Data name="closed_from"><value>11-01</value></Data>
      <mwm:icon>Transport</mwm:icon>
      <mwm:visibility>1</mwm:visibility>
    </ExtendedData>
  </Placemark>
  <Placemark>
    <name>Gora Zar Bike Park (PL) [funicular price unverified]</name>
    <description><![CDATA[<b>Gora Zar 761 m - steep gravity trails above Miedzybrodzie Zywieckie</b><br/><br/><b>Trails</b><br/>A smaller Polish gravity venue with fast shaped sections and technical forest riding on a steep hill. It is best suited to intermediate and expert riders rather than first-time mountain bikers.<br/><br/><b>Getting up / price</b><br/>The PKL funicular carries riders toward the trail starts when bike service is operating. Current bike-specific pricing was not reliably published; confirm carriage and trail status before travelling.<br/><br/><b>Open season</b><br/>Open from 1 May; closed from 1 October (typical 2026 bike season, subject to announcements and weather).<br/>Daily opening hours: 09:00-17:00<br/><small>Typical daily estimate; check the operator schedule.</small><br/><br/><b>Access</b><table class="access"><tr><th>From</th><th>Transport</th><th>Duration</th></tr><tr><td>Katowice</td><td>Car</td><td>~1h30</td></tr><tr><td>Krakow</td><td>Car</td><td>~1h45</td></tr></table><br/><i>Source: <a href="https://www.pkl.pl/post/gora-zar/aktualnosci/otwarcie-tras-rowerowych-na-gorze-zar-juz-niebawem.html">PKL 2026 bike-trail announcement</a>; verify bike uplift.</i>]]></description>
    <styleUrl>#placemark-blue</styleUrl>
    <Point><coordinates>19.213981,49.771417,0</coordinates></Point>
    <ExtendedData xmlns:mwm="https://omaps.app">
      <Data name="spot"><value>gorazar</value></Data>
      <Data name="tags"><value>expert bikepark</value></Data>
      <Data name="open_from"><value>05-01</value></Data>
      <Data name="closed_from"><value>10-01</value></Data>
      <mwm:icon>Transport</mwm:icon>
      <mwm:visibility>1</mwm:visibility>
    </ExtendedData>
  </Placemark>
  <Placemark>
    <name>Munaka Bike and Hike Park (Estonia) [chairlift price unverified]</name>
    <description><![CDATA[<b>Vaike Munamagi above Otepaa - Estonia's chairlift-served bike park</b><br/><br/><b>Trails</b><br/>A small purpose-built enduro park using Estonia's unusually hilly Otepaa terrain. Short descents mix shaped features and natural forest surfaces, with bike rental and e-bike routes extending the riding beyond the lift hill.<br/><br/><b>Getting up / price</b><br/>Estonia's only summer chairlift carries bikes. Current day pricing was not reliably exposed, so check the operator before visiting.<br/><br/><b>Open season</b><br/>Open from 19 June; closed from 22 September (published main season). Weekend operation is standard; riding before and after the main dates is available to prebooked groups through 1 November.<br/>Daily opening hours: 09:00-17:00<br/><small>Typical daily estimate; check the operator schedule.</small><br/><br/><b>Access</b><table class="access"><tr><th>From</th><th>Transport</th><th>Duration</th></tr><tr><td>Tartu</td><td>Car</td><td>~40 min</td></tr><tr><td>Tallinn</td><td>Car</td><td>~2h30</td></tr></table><br/><i>Sources: <a href="https://www.munakas.ee/en/home/">official Munakas site</a> and Visit Estonia; check weekend hours.</i>]]></description>
    <styleUrl>#placemark-blue</styleUrl>
    <Point><coordinates>26.508078,58.039861,0</coordinates></Point>
    <ExtendedData xmlns:mwm="https://omaps.app">
      <Data name="spot"><value>munaka</value></Data>
      <Data name="tags"><value>beginner expert bikepark</value></Data>
      <Data name="open_from"><value>06-19</value></Data>
      <Data name="closed_from"><value>09-22</value></Data>
      <mwm:icon>Transport</mwm:icon>
      <mwm:visibility>1</mwm:visibility>
    </ExtendedData>
  </Placemark>
  <Placemark>
    <name>Valgehobusemae Bike Trail (Estonia) [no lift]</name>
    <description><![CDATA[<b>Valgehobusemae Recreation Centre - long forest and bog-country MTB loop</b><br/><br/><b>Trails</b><br/>A signed cross-country route of up to 50 km circles Valgehobusemae and Kakerdaja bog. Expect forest tracks, rolling singletrack and remote sections rather than gravity-park features; shorter options suit less experienced riders.<br/><br/><b>Getting up / price</b><br/>No lift: the network is ridden as pedal-powered loops. Access information and bike rental are available from the recreation centre.<br/><br/><b>Open season</b><br/>Open from 1 May; closed from 2 October (published cycling season).<br/><br/><b>Access</b><table class="access"><tr><th>From</th><th>Transport</th><th>Duration</th></tr><tr><td>Tallinn</td><td>Car</td><td>~1h00</td></tr><tr><td>Tartu</td><td>Car</td><td>~1h45</td></tr></table><br/><i>Source: <a href="https://visitestonia.com/en/valgehobusemae-bike-trail">Visit Estonia trail listing</a>; carry food, water and navigation.</i>]]></description>
    <styleUrl>#placemark-brown</styleUrl>
    <Point><coordinates>25.563860,59.220500,0</coordinates></Point>
    <ExtendedData xmlns:mwm="https://omaps.app">
      <Data name="spot"><value>valgehobuse</value></Data>
      <Data name="tags"><value>beginner natural</value></Data>
      <Data name="open_from"><value>05-01</value></Data>
      <Data name="closed_from"><value>10-02</value></Data>
      <mwm:icon>Mountain</mwm:icon>
      <mwm:visibility>1</mwm:visibility>
    </ExtendedData>
  </Placemark>
  <Placemark>
    <name>Riekstukalns DH Trails (Latvia) [no public uplift verified]</name>
    <description><![CDATA[<b>Riekstukalns near Baldone - Latvia's most established downhill training hill</b><br/><br/><b>Trails</b><br/>Short, steep community-maintained downhill lines use the ski hill's compact vertical, with roots, jumps and race-oriented features. This is a local training venue rather than a full-service destination park.<br/><br/><b>Getting up / price</b><br/>No dependable public bike uplift was verified: expect push-up or pedal access unless an event announces otherwise. Confirm access with the local downhill community.<br/><br/><b>Open season</b><br/>Open from 1 May; closed from 1 November (typical regional riding window; event and land-use restrictions can apply).<br/><br/><b>Access</b><table class="access"><tr><th>From</th><th>Transport</th><th>Duration</th></tr><tr><td>Riga</td><td>Car</td><td>~40 min</td></tr></table><br/><i>Source: <a href="https://downhill.lv/contact/">Downhill.lv training locations</a>; verify permission and conditions locally.</i>]]></description>
    <styleUrl>#placemark-brown</styleUrl>
    <Point><coordinates>24.403400,56.771578,0</coordinates></Point>
    <ExtendedData xmlns:mwm="https://omaps.app">
      <Data name="spot"><value>riekstukalns</value></Data>
      <Data name="tags"><value>expert natural</value></Data>
      <Data name="open_from"><value>05-01</value></Data>
      <Data name="closed_from"><value>11-01</value></Data>
      <mwm:icon>Mountain</mwm:icon>
      <mwm:visibility>1</mwm:visibility>
    </ExtendedData>
  </Placemark>
  <Placemark>
    <name>Sigulda DH Trails (Latvia) [no public uplift verified]</name>
    <description><![CDATA[<b>Gauja valley slopes at Sigulda - Latvian downhill and enduro terrain</b><br/><br/><b>Trails</b><br/>Short, steep natural descents around the deeply cut Gauja valley support local downhill training and racing. Expect roots, loam and compact technical runs rather than a signed commercial bike-park network.<br/><br/><b>Getting up / price</b><br/>No dependable public bike uplift was verified. Use pedal or push-up access and confirm the current legal training location with local riders before setting out.<br/><br/><b>Open season</b><br/>Open from 1 May; closed from 1 November (typical regional riding window). Weather, events and protected-area rules may restrict individual trails.<br/><br/><b>Access</b><table class="access"><tr><th>From</th><th>Transport</th><th>Duration</th></tr><tr><td>Riga</td><td>Car / train</td><td>~1h00</td></tr></table><br/><i>Source: <a href="https://downhill.lv/contact/">Downhill.lv training locations</a>; verify exact permitted trails locally.</i>]]></description>
    <styleUrl>#placemark-brown</styleUrl>
    <Point><coordinates>24.837583,57.150059,0</coordinates></Point>
    <ExtendedData xmlns:mwm="https://omaps.app">
      <Data name="spot"><value>sigulda</value></Data>
      <Data name="tags"><value>expert natural</value></Data>
      <Data name="open_from"><value>05-01</value></Data>
      <Data name="closed_from"><value>11-01</value></Data>
      <mwm:icon>Mountain</mwm:icon>
      <mwm:visibility>1</mwm:visibility>
    </ExtendedData>
  </Placemark>
  <Placemark>
    <name>Molyne Bike Park (Vilnius, LT) [no lift]</name>
    <description><![CDATA[<b>Plytines forest in Vilnius - small community skills and trail park</b><br/><br/><b>Trails</b><br/>A compact community-built area with an easy family trail and a jump line. The vertical is modest, but it is Lithuania's clearest purpose-built MTB progression spot and can be linked with longer forest riding around Antakalnis.<br/><br/><b>Getting up / price</b><br/>No lift: pedal or push back to the starts. No mandatory access price was verified; respect community maintenance and any posted forest rules.<br/><br/><b>Open season</b><br/>Open from 1 April; closed from 1 December (typical riding window). Avoid wet or freeze-thaw conditions that damage the small trail network.<br/>Daily opening hours: 08:00-18:00<br/><small>Typical daily estimate; check the operator schedule.</small><br/><br/><b>Access</b><table class="access"><tr><th>From</th><th>Transport</th><th>Duration</th></tr><tr><td>Vilnius centre</td><td>Bike / car</td><td>~25 min</td></tr></table><br/><i>Sources: <a href="https://www.molyne.lt/">Molyne community site</a> and current trail reports; verify local status.</i>]]></description>
    <styleUrl>#placemark-brown</styleUrl>
    <Point><coordinates>25.347898,54.726242,0</coordinates></Point>
    <ExtendedData xmlns:mwm="https://omaps.app">
      <Data name="spot"><value>molyne</value></Data>
      <Data name="tags"><value>beginner expert bikepark</value></Data>
      <Data name="open_from"><value>04-01</value></Data>
      <Data name="closed_from"><value>12-01</value></Data>
      <mwm:icon>Mountain</mwm:icon>
      <mwm:visibility>1</mwm:visibility>
    </ExtendedData>
  </Placemark>
  <Placemark>
    <name>Lac Blanc Bike Park (Vosges, FR) [33 EUR]</name>
    <description><![CDATA[<b>Lac Blanc 1200 to Lac Blanc 900 - the leading gravity park in the Vosges</b><br/><br/><b>Trails</b><br/>A long-established proper bike park with family and progression tracks, freeride, downhill, North Shore wood features and fast technical expert lines. The natural Vosges forest surface adds roots and rock beneath the shaped berms and jumps.<br/><br/><b>Getting up / price</b><br/>The dedicated lift returns bikes from Lac Blanc 900. The published 2026 adult day pass is 33 EUR; DH bike and protection rental is available at the base.<br/><br/><b>Open season</b><br/>Open from 11 April; closed from 26 October (published 2026 span). Daily or selected weekday operation runs in July and August; spring and autumn are primarily weekends and holidays.<br/>Daily opening hours: 09:00-17:00<br/><small>Typical daily estimate; check the operator schedule.</small><br/><br/><b>Access</b><table class="access"><tr><th>From</th><th>Transport</th><th>Duration</th></tr><tr><td>Colmar</td><td>Car</td><td>~40 min</td></tr><tr><td>Strasbourg</td><td>Car</td><td>~1h20</td></tr></table><br/><i>Source: <a href="https://www.lac-blanc.com/en/summer/cycling-mountain-bike-mtb-vosges/bike-park-dh/">official Lac Blanc Bike Park page</a>; check the detailed operating calendar.</i>]]></description>
    <styleUrl>#placemark-blue</styleUrl>
    <Point><coordinates>7.091003,48.132684,0</coordinates></Point>
    <ExtendedData xmlns:mwm="https://omaps.app">
      <Data name="spot"><value>lacblanc</value></Data>
      <Data name="tags"><value>beginner expert bikepark</value></Data>
      <Data name="open_from"><value>04-11</value></Data>
      <Data name="closed_from"><value>10-26</value></Data>
      <Data name="price_day"><value>33 EUR</value></Data>
      <mwm:icon>Transport</mwm:icon>
      <mwm:visibility>1</mwm:visibility>
    </ExtendedData>
  </Placemark>
  <Placemark>
    <name>La Bresse-Hohneck Bike Park (Vosges, FR) [31 EUR]</name>
    <description><![CDATA[<b>Vologne Express summit above La Bresse - rocky Vosges DH and freeride</b><br/><br/><b>Trails</b><br/>Ten maintained descents split between six technical DH tracks and four freeride lines. A green trail gives newcomers a route into the park, while the red and black lines are known for rough rock, roots, braking bumps and demanding race-style riding.<br/><br/><b>Getting up / price</b><br/>The Vologne Express chairlift carries bikes. The published 2026 adult day pass is 31 EUR; equipment rental and instruction are available at the resort.<br/><br/><b>Open season</b><br/>Open from 1 May; closed from 21 September (published 2026 dates). Daily operation runs from 4 July through 30 August, with a reduced schedule outside it.<br/>Daily opening hours: 09:00-17:00<br/><small>Typical daily estimate; check the operator schedule.</small><br/><br/><b>Access</b><table class="access"><tr><th>From</th><th>Transport</th><th>Duration</th></tr><tr><td>Colmar</td><td>Car</td><td>~1h00</td></tr><tr><td>Nancy</td><td>Car</td><td>~1h45</td></tr></table><br/><i>Source: <a href="https://labresse.labellemontagne.com/fr/ete/vtt-et-bikepark/bike-park/forfait-saison/">official La Bresse Bike Park page</a>; check trail status.</i>]]></description>
    <styleUrl>#placemark-blue</styleUrl>
    <Point><coordinates>6.972643,48.037592,0</coordinates></Point>
    <ExtendedData xmlns:mwm="https://omaps.app">
      <Data name="spot"><value>labresse</value></Data>
      <Data name="tags"><value>beginner expert bikepark</value></Data>
      <Data name="open_from"><value>05-01</value></Data>
      <Data name="closed_from"><value>09-21</value></Data>
      <Data name="price_day"><value>31 EUR</value></Data>
      <mwm:icon>Transport</mwm:icon>
      <mwm:visibility>1</mwm:visibility>
    </ExtendedData>
  </Placemark>
  <Placemark>
    <name>Pilat Enduro Trails (near Lyon, FR) [no lift, free trails]</name>
    <description><![CDATA[<b>Croix de Chaubouret above Saint-Etienne - official natural enduro network</b><br/><br/><b>Trails</b><br/>Six official enduro itineraries cross the varied Pilat massif, from shorter intermediate descents to the 18.6 km Col du Gratteau route with roughly 1100 m of climbing. These are shared natural paths rather than closed bike-park tracks, combining forest singletrack, rock, roots and linking climbs.<br/><br/><b>Getting up / price</b><br/>No lift and no mandatory trail fee. Ride the routes as pedal-powered itineraries or arrange your own point-to-point transport; riders must yield to walkers.<br/><br/><b>Open season</b><br/>Open from 1 March; closed from 1 December (typical riding window). Snow, freeze-thaw, storms and forestry work can shorten the season.<br/><br/><b>Access</b><table class="access"><tr><th>From</th><th>Transport</th><th>Duration</th></tr><tr><td>Saint-Etienne</td><td>Car</td><td>~25 min</td></tr><tr><td>Lyon</td><td>Car</td><td>~1h10</td></tr></table><br/><i>Source: <a href="https://www.pilat-tourisme.fr/planifier/activites-et-detente/velo-et-vtt/nos-circuits-vtt/enduro">official Pilat enduro route page</a>; shared paths are not downhill-only tracks.</i>]]></description>
    <styleUrl>#placemark-brown</styleUrl>
    <Point><coordinates>4.528009,45.368125,0</coordinates></Point>
    <ExtendedData xmlns:mwm="https://omaps.app">
      <Data name="spot"><value>pilat</value></Data>
      <Data name="tags"><value>beginner expert natural</value></Data>
      <Data name="open_from"><value>03-01</value></Data>
      <Data name="closed_from"><value>12-01</value></Data>
      <mwm:icon>Mountain</mwm:icon>
      <mwm:visibility>1</mwm:visibility>
    </ExtendedData>
  </Placemark>
  <Placemark>
    <name>Semnoz Bike Park (Annecy, FR) [17.50 EUR]</name>
    <description><![CDATA[<b>Semnoz above Lake Annecy - compact new Télémix-served park</b><br/><br/><b>Trails</b><br/>Four dedicated descents provide unusually clear progression close to Annecy: one family green, one more technical blue and two red trails with shaped turns, jumps and modules. It is a compact park rather than a full holiday domain, but its accessibility makes it a valuable local gravity spot.<br/><br/><b>Getting up / price</b><br/>The Télémix carries bikes to the trail starts. The published 2026 adult day pass is 17.50 EUR, or 14.50 EUR for four consecutive hours.<br/><br/><b>Open season</b><br/>Open from 20 June; closed from 21 September (published 2026 dates). Daily operation runs from 4 July through 30 August; June and September have selected weekend dates.<br/>Daily opening hours: 09:00-17:00<br/><small>Typical daily estimate; check the operator schedule.</small><br/><br/><b>Access</b><table class="access"><tr><th>From</th><th>Transport</th><th>Duration</th></tr><tr><td>Annecy</td><td>Car / summer bus</td><td>~35 min</td></tr><tr><td>Geneva</td><td>Car</td><td>~1h15</td></tr></table><br/><i>Source: <a href="https://www.semnoz.fr/vtt/">official Semnoz Bike Park page</a>; check operating dates.</i>]]></description>
    <styleUrl>#placemark-blue</styleUrl>
    <Point><coordinates>6.097538,45.803367,0</coordinates></Point>
    <ExtendedData xmlns:mwm="https://omaps.app">
      <Data name="spot"><value>semnoz</value></Data>
      <Data name="tags"><value>beginner expert bikepark</value></Data>
      <Data name="open_from"><value>06-20</value></Data>
      <Data name="closed_from"><value>09-21</value></Data>
      <Data name="price_day"><value>17.50 EUR</value></Data>
      <mwm:icon>Transport</mwm:icon>
      <mwm:visibility>1</mwm:visibility>
    </ExtendedData>
  </Placemark>
  <Placemark>
    <name>Le Grand-Bornand MTB (Aravis, FR) [20 EUR]</name>
    <description><![CDATA[<b>Rosay and Lachat above Le Grand-Bornand - lift-assisted Aravis trail riding</b><br/><br/><b>Trails</b><br/>More than 178 km across sixteen marked routes combine high alpine tracks, natural singletrack, cross-country loops and long descents into the village. The riding is less shaped than a dedicated DH park; the Grand Tour and Enduro du Grand-Bo are the notable sportier options.<br/><br/><b>Getting up / price</b><br/>The Rosay gondola and Lachat chairlift provide bike access to the upper network. The published 2026 adult day pass covering both lifts is 20 EUR.<br/><br/><b>Open season</b><br/>Open from 27 June; closed from 7 September (published 2026 span, including preview and closing weekends). Core daily operation runs from 4 July through 29 August.<br/>Daily opening hours: 09:00-17:00<br/><small>Typical daily estimate; check the operator schedule.</small><br/><br/><b>Access</b><table class="access"><tr><th>From</th><th>Transport</th><th>Duration</th></tr><tr><td>Annecy</td><td>Car</td><td>~45 min</td></tr><tr><td>Geneva</td><td>Car</td><td>~1h10</td></tr></table><br/><i>Source: <a href="https://www.legrandbornand.com/app/uploads/legrandbornand/2026/04/Summer-activities-guide-2026.pdf">official 2026 summer guide</a>; check which lift serves your route.</i>]]></description>
    <styleUrl>#placemark-green</styleUrl>
    <Point><coordinates>6.455653,45.958840,0</coordinates></Point>
    <ExtendedData xmlns:mwm="https://omaps.app">
      <Data name="spot"><value>grandbornand</value></Data>
      <Data name="tags"><value>beginner expert natural</value></Data>
      <Data name="open_from"><value>06-27</value></Data>
      <Data name="closed_from"><value>09-07</value></Data>
      <Data name="price_day"><value>20 EUR</value></Data>
      <mwm:icon>Transport</mwm:icon>
      <mwm:visibility>1</mwm:visibility>
    </ExtendedData>
  </Placemark>
  <Placemark>
    <name>Manigod - Tete de Cabeau (Aravis, FR) [18 EUR]</name>
    <description><![CDATA[<b>Tete de Cabeau 1650 m - small family-oriented lift park at Croix Fry</b><br/><br/><b>Trails</b><br/>Five family descents and one advanced trail make this a compact progression park. The green Aiglon line is about 1.1 km with 84 m of descent; harder variants add more speed, natural surface and technical features without the scale of nearby La Clusaz.<br/><br/><b>Getting up / price</b><br/>The Tete de Cabeau chairlift carries mountain bikes. The published 2026 adult day pass is 18 EUR, with single rides available for 8 EUR.<br/><br/><b>Open season</b><br/>Open from 27 June; closed from 31 August (published 2026 dates), operating 10:00-17:00 subject to conditions.<br/>Daily opening hours: 10:00-17:00<br/><small>Published operating hours; check the operator schedule.</small><br/><br/><b>Access</b><table class="access"><tr><th>From</th><th>Transport</th><th>Duration</th></tr><tr><td>Annecy</td><td>Car</td><td>~45 min</td></tr><tr><td>Geneva</td><td>Car</td><td>~1h15</td></tr></table><br/><i>Source: <a href="https://en.manigod.com/chairlift-for-pedestrians-mountain-bikers-and-mountain-carts.html">official Manigod 2026 lift page</a>; check trail status.</i>]]></description>
    <styleUrl>#placemark-blue</styleUrl>
    <Point><coordinates>6.408692,45.866725,0</coordinates></Point>
    <ExtendedData xmlns:mwm="https://omaps.app">
      <Data name="spot"><value>manigod</value></Data>
      <Data name="tags"><value>beginner expert bikepark</value></Data>
      <Data name="open_from"><value>06-27</value></Data>
      <Data name="closed_from"><value>08-31</value></Data>
      <Data name="price_day"><value>18 EUR</value></Data>
      <mwm:icon>Transport</mwm:icon>
      <mwm:visibility>1</mwm:visibility>
    </ExtendedData>
  </Placemark>
  <Placemark>
    <name>Mona YongPyong MTB Park (Pyeongchang, KR) [gondola, public price unverified]</name>
    <description><![CDATA[<b>Balwangsan at Mona YongPyong - South Korea's 2026 UCI World Cup gravity venue</b><br/><br/><b>Trails</b><br/>Purpose-built downhill and cross-country race terrain on the steep forested slopes of Balwangsan. Mona YongPyong hosted Asia's first UCI Mountain Bike World Series round in May 2026, with a full downhill course, technical natural sections and a dedicated finish bowl. This is serious race terrain rather than a broad beginner holiday network.<br/><br/><b>Getting up / price</b><br/>The resort gondola carried bikes from the main venue to the downhill start and the Rainbow chairlift returned accredited riders during the 2026 World Cup. A normal public bike-uplift price and calendar were not verified, so contact the resort before travelling outside an announced MTB event.<br/><br/><b>Open season</b><br/>Open from 1 May; closed from 1 October (estimated snow-free riding window). Public trail and uplift access may be limited to scheduled events even inside this period.<br/>Daily opening hours: 08:30-16:30<br/><small>Typical daily estimate; check the operator schedule.</small><br/><br/><b>Access</b><table class="access"><tr><th>From</th><th>Transport</th><th>Duration</th></tr><tr><td>Seoul</td><td>Car / intercity bus</td><td>~2h30</td></tr><tr><td>Gangneung</td><td>Car</td><td>~45 min</td></tr></table><br/><i>Sources: <a href="https://www.czechcyclingfederation.com/wp-content/uploads/2026/04/Event_Guide_-_South_Korea_V1.pdf">2026 UCI event guide</a> and <a href="https://www.yongpyong.co.kr/eng/index.do">official Mona YongPyong site</a>; confirm public MTB access.</i>]]></description>
    <styleUrl>#placemark-blue</styleUrl>
    <Point><coordinates>128.677729,37.628151,0</coordinates></Point>
    <ExtendedData xmlns:mwm="https://omaps.app">
      <Data name="spot"><value>yongpyong</value></Data>
      <Data name="tags"><value>expert bikepark</value></Data>
      <Data name="open_from"><value>05-01</value></Data>
      <Data name="closed_from"><value>10-01</value></Data>
      <mwm:icon>Transport</mwm:icon>
      <mwm:visibility>1</mwm:visibility>
    </ExtendedData>
  </Placemark>
  <Placemark>
    <name>Gochang MTB Park (Jeonbuk, KR) [no public uplift verified]</name>
    <description><![CDATA[<b>Bangjangsan foothills at Gochang - one of South Korea's established downhill parks</b><br/><br/><b>Trails</b><br/>A purpose-built mountain-bike park used for Korean downhill and cross-country riding, with steep forest race lines, rock, roots and technical features. The terrain is best suited to experienced riders; inspect features and current course conditions before committing.<br/><br/><b>Getting up / price</b><br/>No dependable public lift or shuttle service was verified. Plan to pedal or push unless a race or local organizer announces vehicle uplift. No current mandatory access price was published.<br/><br/><b>Open season</b><br/>Open from 1 March; closed from 1 December (typical regional riding window). The official listed hours are 09:00-17:00 and the facility is closed on Mondays; weather or events can change access.<br/>Daily opening hours: 09:00-17:00<br/><small>Published hours; closed Monday.</small><br/><br/><b>Access</b><table class="access"><tr><th>From</th><th>Transport</th><th>Duration</th></tr><tr><td>Gwangju</td><td>Car</td><td>~55 min</td></tr><tr><td>Jeonju</td><td>Car</td><td>~1h15</td></tr></table><br/><i>Source: <a href="https://www.gochang.go.kr/tour/board/view.gochang?boardId=BBS_TOUR&amp;categoryCode1=TOUR03&amp;dataSid=157491&amp;menuCd=DOM_000000402002003000&amp;orderBy=TAG_ID%20ASC%2CDATA_SID%20DESC&amp;paging=ok&amp;startPage=1">official Gochang tourism listing</a>; verify course status locally.</i>]]></description>
    <styleUrl>#placemark-brown</styleUrl>
    <Point><coordinates>126.738246,35.433435,0</coordinates></Point>
    <ExtendedData xmlns:mwm="https://omaps.app">
      <Data name="spot"><value>gochang</value></Data>
      <Data name="tags"><value>expert bikepark</value></Data>
      <Data name="open_from"><value>03-01</value></Data>
      <Data name="closed_from"><value>12-01</value></Data>
      <mwm:icon>Mountain</mwm:icon>
      <mwm:visibility>1</mwm:visibility>
    </ExtendedData>
  </Placemark>
  <Placemark>
    <name>Baegyangsan MTB Trails (Busan, KR) [no lift]</name>
    <description><![CDATA[<b>Baegyangsan above central Busan - natural urban mountain-bike network</b><br/><br/><b>Trails</b><br/>A dense mix of forest roads and natural singletrack with sustained climbing, rooty enduro descents and steeper downhill options. Local routes cover beginner, intermediate and advanced riding, but these are shared mountain paths rather than signed, bike-only park tracks. Start from the Busan Children's Grand Park side for convenient access.<br/><br/><b>Getting up / price</b><br/>No lift and no mandatory trail fee: pedal the forest-road climbs and connect the natural descents. Yield to walkers, avoid busy hiking periods and respect any temporary closures.<br/><br/><b>Open season</b><br/>Open year-round. Heavy summer rain, typhoons, ice and freeze-thaw conditions can make the steep natural trails unsuitable; avoid riding when the surface is saturated.<br/><br/><b>Access</b><table class="access"><tr><th>From</th><th>Transport</th><th>Duration</th></tr><tr><td>Central Busan</td><td>Bike / metro and bike</td><td>~30 min</td></tr></table><br/><i>Sources: <a href="https://www.visitbusan.net/index.do?lang_cd=en&amp;menuCd=DOM_000000302008001000&amp;uc_seq=446">Visit Busan mountain guide</a> and <a href="https://www.busan.go.kr/geopark_en/baegyangsan">Busan Geopark</a>; trails are shared and unsigned for MTB.</i>]]></description>
    <styleUrl>#placemark-brown</styleUrl>
    <Point><coordinates>129.044800,35.184700,0</coordinates></Point>
    <ExtendedData xmlns:mwm="https://omaps.app">
      <Data name="spot"><value>baegyangsan</value></Data>
      <Data name="tags"><value>beginner expert natural</value></Data>
      <Data name="open_from"><value>01-01</value></Data>
      <Data name="closed_from"><value>01-01</value></Data>
      <mwm:icon>Mountain</mwm:icon>
      <mwm:visibility>1</mwm:visibility>
    </ExtendedData>
  </Placemark>
  <Placemark>
    <name>Nanji Hangang Extreme Bike Park (Seoul, KR) [no lift]</name>
    <description><![CDATA[<b>Nanji Hangang Park - compact beginner MTB skills course in Seoul</b><br/><br/><b>Trails</b><br/>South Korea's first flat-site MTB practice course recreates small mountain contours and slopes in a 5,425 square metre facility. Its 450 m circuit is designed for beginner and intermediate riders to practise bike handling safely. It is a useful city session spot, not a destination downhill park.<br/><br/><b>Getting up / price</b><br/>No lift is needed on the compact circuit. No current admission charge was published; helmets and suitable protective equipment are required.<br/><br/><b>Open season</b><br/>Open year-round. Published hours are 09:00-18:00 in summer and 09:00-16:00 in winter; severe weather or maintenance can close the course.<br/>Daily opening hours: 09:00-18:00<br/><small>Published summer hours; winter closes at 16:00.</small><br/><br/><b>Access</b><table class="access"><tr><th>From</th><th>Transport</th><th>Duration</th></tr><tr><td>Central Seoul</td><td>Bike / metro and bike</td><td>~35 min</td></tr></table><br/><i>Source: <a href="https://data.visitkorea.or.kr/resource/1029885">Korea Tourism Organization facility listing</a>.</i>]]></description>
    <styleUrl>#placemark-brown</styleUrl>
    <Point><coordinates>126.885155,37.563025,0</coordinates></Point>
    <ExtendedData xmlns:mwm="https://omaps.app">
      <Data name="spot"><value>nanji</value></Data>
      <Data name="tags"><value>beginner bikepark</value></Data>
      <Data name="open_from"><value>01-01</value></Data>
      <Data name="closed_from"><value>01-01</value></Data>
      <mwm:icon>Mountain</mwm:icon>
      <mwm:visibility>1</mwm:visibility>
    </ExtendedData>
  </Placemark>
  <Placemark>
    <name>Manizales / Neira Coffee Trails (CO) [shuttle, price unverified]</name>
    <description><![CDATA[<b>Neira and the cloud-forest ridges above Manizales</b><br/><br/><b>Trails</b><br/>World-class natural enduro in Colombia's coffee country: long, raw descents mix loam, slick roots, rock, tight jungle turns and plantation paths. The area has hosted Enduro World Series racing, but it is a riding zone rather than a signed bike park; a local guide is strongly recommended.<br/><br/><b>Getting up / price</b><br/>Commercial guides use 4x4 or traditional chiva-style road shuttles. There is no public lift or standard day-pass price, and trail access can cross private farms.<br/><br/><b>Open season</b><br/>Open year-round; December-March and July-August are usually drier. Avoid saturated trails and confirm landslide and private-land access locally.<br/><br/><b>Access</b><table class="access"><tr><th>From</th><th>Transport</th><th>Duration</th></tr><tr><td>Manizales</td><td>Guide shuttle</td><td>~35 min to Neira</td></tr></table><br/><i>Sources: <a href="https://colombia.travel/en/colombia-in-expodubai/trails-del-cafe">Colombia Travel: Trails del Cafe</a> and <a href="https://colombiamountainbiking.com/about/">Colombia MTB</a>.</i>]]></description>
    <styleUrl>#placemark-brown</styleUrl>
    <Point><coordinates>-75.5180,5.1660,0</coordinates></Point>
    <ExtendedData xmlns:mwm="https://omaps.app">
      <Data name="spot"><value>manizales-enduro</value></Data>
      <Data name="tags"><value>expert natural</value></Data>
      <Data name="open_from"><value>01-01</value></Data>
      <Data name="closed_from"><value>01-01</value></Data>
      <mwm:icon>Mountain</mwm:icon><mwm:visibility>1</mwm:visibility>
    </ExtendedData>
  </Placemark>
  <Placemark>
    <name>Santa Elena / Medellin Enduro (CO) [shuttle, price unverified]</name>
    <description><![CDATA[<b>Santa Elena plateau above Medellin - informal gravity network</b><br/><br/><b>Trails</b><br/>Pine and cloud-forest singletrack descends from the cool plateau toward the Aburra valley, ranging from flowing local lines to steep, rooty and technical enduro. Routes are unsigned, change frequently and share land with walkers and farmers.<br/><br/><b>Getting up / price</b><br/>Use a local 4x4 shuttle, guide, or pedal the roads from Santa Elena. The Arvi Metrocable is useful for visiting the plateau, but bicycle carriage and direct access to gravity trails must be confirmed before relying on it.<br/><br/><b>Open season</b><br/>Open year-round; January-February and July-August are normally driest. Do not ride saturated cloud-forest trails.<br/><br/><b>Access</b><table class="access"><tr><th>From</th><th>Transport</th><th>Duration</th></tr><tr><td>Medellin centre</td><td>Car / local bus</td><td>~45 min</td></tr></table><br/><i>Sources: <a href="https://www.medellin.travel/santa-elena/?lang=en">official Medellin tourism guide</a> and <a href="https://www.medellin.gov.co/es/corregimientos/gerencia/santa-elena/">Medellin municipality</a>. Ride with local knowledge.</i>]]></description>
    <styleUrl>#placemark-brown</styleUrl>
    <Point><coordinates>-75.5020,6.2100,0</coordinates></Point>
    <ExtendedData xmlns:mwm="https://omaps.app">
      <Data name="spot"><value>santa-elena-co</value></Data>
      <Data name="tags"><value>expert natural</value></Data>
      <Data name="open_from"><value>01-01</value></Data><Data name="closed_from"><value>01-01</value></Data>
      <mwm:icon>Mountain</mwm:icon><mwm:visibility>1</mwm:visibility>
    </ExtendedData>
  </Placemark>
  <Placemark>
    <name>San Gil / Chicamocha Mule Trails (CO) [no lift]</name>
    <description><![CDATA[<b>San Gil and Chicamocha Canyon - rocky backcountry enduro</b><br/><br/><b>Trails</b><br/>Historic mule tracks, dry canyon paths and rough mountain roads create long, rocky adventure rides around San Gil and the Chicamocha rim. This is exposed backcountry riding, not a maintained trail centre; route-finding, heat and water management matter more than bike-park features.<br/><br/><b>Getting up / price</b><br/>No bike lift. Pedal point-to-point, arrange a local vehicle, or book a guide. Confirm access across villages and private land.<br/><br/><b>Open season</b><br/>Open year-round; December-March is typically driest. Avoid the hottest part of the day and check storm conditions in the canyon.<br/><br/><b>Access</b><table class="access"><tr><th>From</th><th>Transport</th><th>Duration</th></tr><tr><td>Bucaramanga</td><td>Car / bus</td><td>~2h30</td></tr></table><br/><i>Indicative regional adventure-riding pin; use a local guide and verify the chosen route.</i><br/><br/><i>Source: <a href="https://colombia.travel/en/san-gil">Colombia Travel</a>. Prices, schedules, trail status and access can change; verify before travel.</i>]]></description>
    <styleUrl>#placemark-brown</styleUrl>
    <Point><coordinates>-73.1330,6.5550,0</coordinates></Point>
    <ExtendedData xmlns:mwm="https://omaps.app">
      <Data name="spot"><value>sangil</value></Data><Data name="tags"><value>expert natural</value></Data>
      <Data name="open_from"><value>01-01</value></Data><Data name="closed_from"><value>01-01</value></Data>
      <mwm:icon>Mountain</mwm:icon><mwm:visibility>1</mwm:visibility>
    </ExtendedData>
  </Placemark>
  <Placemark>
    <name>Zoom Bike Park (Campos do Jordao, BR) [price unverified]</name>
    <description><![CDATA[<b>Campos do Jordao - maintained Mantiqueira trail centre</b><br/><br/><b>Trails</b><br/>A purpose-built, signed network for XC, all-mountain and enduro, with progression-friendly singletrack, technical lines and e-MTB-suitable climbing. The park is built and maintained specifically for mountain bikes rather than being an informal forest network.<br/><br/><b>Getting up / price</b><br/>No lift was verified: climb under your own power. Current admission, booking and wet-weather status must be checked with the operator.<br/><br/><b>Open season</b><br/>Normally rideable year-round, with rain closures possible. <br/>Daily opening hours: 08:00-17:00<br/><small>Typical daily estimate; check the operator schedule and rain closures.</small><br/><br/><b>Access</b><table class="access"><tr><th>From</th><th>Transport</th><th>Duration</th></tr><tr><td>Sao Paulo</td><td>Car</td><td>~2h45</td></tr></table><br/><i>Source: <a href="https://zoombikepark.com.br/">official Zoom Bike Park</a>.</i>]]></description>
    <styleUrl>#placemark-brown</styleUrl>
    <Point><coordinates>-45.5920,-22.7350,0</coordinates></Point>
    <ExtendedData xmlns:mwm="https://omaps.app">
      <Data name="spot"><value>zoom-bike-park</value></Data><Data name="tags"><value>beginner expert bikepark</value></Data>
      <Data name="open_from"><value>01-01</value></Data><Data name="closed_from"><value>01-01</value></Data>
      <mwm:icon>Mountain</mwm:icon><mwm:visibility>1</mwm:visibility>
    </ExtendedData>
  </Placemark>
  <Placemark>
    <name>Pomeranos DH Trails (Pomerode, BR) [no lift]</name>
    <description><![CDATA[<b>Pomerode hills - Santa Catarina downhill race terrain</b><br/><br/><b>Trails</b><br/>Steep subtropical forest descents used by the established Pomeranos downhill scene, with roots, red dirt, chutes and race-built technical sections. This is not confirmed as a continuously operated commercial park, so expect local trails rather than a staffed facility.<br/><br/><b>Getting up / price</b><br/>No public lift or standard shuttle was verified. Pedal or arrange access with local riders, and confirm landowner permission before riding.<br/><br/><b>Open season</b><br/>Open year-round when dry; avoid the clay trails after heavy rain.<br/><br/><b>Access</b><table class="access"><tr><th>From</th><th>Transport</th><th>Duration</th></tr><tr><td>Blumenau</td><td>Car</td><td>~45 min</td></tr></table><br/><i>Source: <a href="https://www.scciclismo.com.br/">Santa Catarina Cycling Federation</a>, which lists Pomeranos downhill events in Pomerode. Confirm current local access.</i>]]></description>
    <styleUrl>#placemark-brown</styleUrl>
    <Point><coordinates>-49.1760,-26.7400,0</coordinates></Point>
    <ExtendedData xmlns:mwm="https://omaps.app">
      <Data name="spot"><value>pomeranos</value></Data><Data name="tags"><value>expert natural</value></Data>
      <Data name="open_from"><value>01-01</value></Data><Data name="closed_from"><value>01-01</value></Data>
      <mwm:icon>Mountain</mwm:icon><mwm:visibility>1</mwm:visibility>
    </ExtendedData>
  </Placemark>
  <Placemark>
    <name>Serra da Canastra Adventure MTB (Minas Gerais, BR) [no lift]</name>
    <description><![CDATA[<b>Sao Roque de Minas gateway - high-plateau adventure riding</b><br/><br/><b>Trails</b><br/>Long red-dirt roads, rocky tracks, granite slabs and rural connectors cross the Canastra plateau and its waterfall country. The best riding is XC and backcountry trail exploration rather than gravity laps; carry navigation, water and repair equipment.<br/><br/><b>Getting up / price</b><br/>No lift. Pedal point-to-point or arrange a 4x4 support vehicle. National-park entry rules and permitted cycling routes must be checked before departure.<br/><br/><b>Open season</b><br/>Best from May to September in the dry season; summer storms can make river crossings and clay roads unsafe.<br/><br/><b>Access</b><table class="access"><tr><th>From</th><th>Transport</th><th>Duration</th></tr><tr><td>Belo Horizonte</td><td>Car</td><td>~5h30</td></tr></table><br/><i>Sources: <a href="https://www.gov.br/turismo/pt-br/assuntos/ultimas-noticia/o-encanto-das-aguas-e-queijos-da-serra-da-canastra">Brazil Ministry of Tourism</a> and <a href="https://turismodelfinopolis.com.br/">Delfinopolis tourism</a>. Verify protected-area rules.</i>]]></description>
    <styleUrl>#placemark-brown</styleUrl>
    <Point><coordinates>-46.3650,-20.2450,0</coordinates></Point>
    <ExtendedData xmlns:mwm="https://omaps.app">
      <Data name="spot"><value>canastra</value></Data><Data name="tags"><value>beginner expert natural</value></Data>
      <Data name="open_from"><value>05-01</value></Data><Data name="closed_from"><value>10-01</value></Data>
      <mwm:icon>Mountain</mwm:icon><mwm:visibility>1</mwm:visibility>
    </ExtendedData>
  </Placemark>
  <Placemark>
    <name>Timberland Mountain Bike Park (Rizal, PH) [250-550 PHP]</name>
    <description><![CDATA[<b>Timberland Heights, San Mateo - purpose-built trail park</b><br/><br/><b>Trails</b><br/>A patrolled, colour-graded network from beginner flow to expert gravity, with berms, rollers, tabletops, bridges and rollable drops. Expect climbing between descents because there is no uplift.<br/><br/><b>Getting up / price</b><br/>Pedal access. Published passes are 250 PHP weekdays and 550 PHP weekends and holidays, plus the operator's current insurance or registration requirements.<br/><br/><b>Open season</b><br/>Open year-round with a reduced wet-season schedule. <br/>Daily opening hours: 07:00-16:00<br/><small>Published hours; Wednesday-Sunday in the dry season and Thursday-Sunday in the wet season.</small><br/><br/><b>Access</b><table class="access"><tr><th>From</th><th>Transport</th><th>Duration</th></tr><tr><td>Metro Manila</td><td>Car</td><td>~1h15</td></tr></table><br/><i>Source: <a href="https://timberlandmountainbikepark.com/pages/know-before-you-go">official Timberland rider information</a>.</i>]]></description>
    <styleUrl>#placemark-brown</styleUrl>
    <Point><coordinates>121.1181,14.6796,0</coordinates></Point>
    <ExtendedData xmlns:mwm="https://omaps.app">
      <Data name="spot"><value>timberland-ph</value></Data><Data name="tags"><value>beginner expert bikepark</value></Data>
      <Data name="open_from"><value>01-01</value></Data><Data name="closed_from"><value>01-01</value></Data>
      <Data name="price_day"><value>550 PHP</value></Data>
      <mwm:icon>Mountain</mwm:icon><mwm:visibility>1</mwm:visibility>
    </ExtendedData>
  </Placemark>
  <Placemark>
    <name>Twin Lakes MTB Trail (Tagaytay, PH) [access status unverified]</name>
    <description><![CDATA[<b>Twin Lakes estate above Taal - compact scenic trail</b><br/><br/><b>Trails</b><br/>A 2.5 km off-road loop was built with fast descents, berms, off-camber turns, switchbacks, short climbs and views toward Taal Lake. It was designed for mixed abilities, but current maintenance and public access could not be confirmed from a recent operator page.<br/><br/><b>Getting up / price</b><br/>No lift; pedal the loop. Confirm at the estate before travelling specifically to ride.<br/><br/><b>Open season</b><br/>Potentially year-round when open and dry; avoid typhoon and saturated conditions.<br/><br/><b>Access</b><table class="access"><tr><th>From</th><th>Transport</th><th>Duration</th></tr><tr><td>Metro Manila</td><td>Car</td><td>~2h</td></tr></table><br/><i>Source: <a href="https://www.bworldonline.com/travel-tourism/2016/05/13/4980/a-mountain-bike-trail-in-tagaytay/">BusinessWorld trail report</a>. Current status is unverified.</i>]]></description>
    <styleUrl>#placemark-brown</styleUrl>
    <Point><coordinates>120.8540,14.0850,0</coordinates></Point>
    <ExtendedData xmlns:mwm="https://omaps.app">
      <Data name="spot"><value>twin-lakes-ph</value></Data><Data name="tags"><value>beginner expert natural</value></Data>
      <Data name="open_from"><value>01-01</value></Data><Data name="closed_from"><value>01-01</value></Data>
      <mwm:icon>Mountain</mwm:icon><mwm:visibility>1</mwm:visibility>
    </ExtendedData>
  </Placemark>
  <Placemark>
    <name>Mount Maarat / Patiis Trails (Rizal, PH) [no lift]</name>
    <description><![CDATA[<b>Mount Maarat above San Mateo - raw local enduro</b><br/><br/><b>Trails</b><br/>A long-established local network of brutally steep climbs and loose, rooty jungle descents, including the notorious Shotgun area. Lines are informal and technical rather than marked park trails, and land access can change.<br/><br/><b>Getting up / price</b><br/>No formal lift. Pedal, arrange a local pickup, and ride with people who know current entrances and private-land restrictions.<br/><br/><b>Open season</b><br/>Year-round in principle, but the dry months from November-May are more reliable. Avoid heavy rain and typhoon periods.<br/><br/><b>Access</b><table class="access"><tr><th>From</th><th>Transport</th><th>Duration</th></tr><tr><td>Metro Manila</td><td>Car</td><td>~1h15</td></tr></table><br/><i>Sources: Rizal's established Maarat riding area and local trail reports; access is informal and must be confirmed locally.</i><br/><br/><i>Source: <a href="https://www.trailforks.com/region/san-mateo-19137/">Trailforks San Mateo</a>. Prices, schedules, trail status and access can change; verify before travel.</i>]]></description>
    <styleUrl>#placemark-brown</styleUrl>
    <Point><coordinates>121.1510,14.7050,0</coordinates></Point>
    <ExtendedData xmlns:mwm="https://omaps.app">
      <Data name="spot"><value>maarat</value></Data><Data name="tags"><value>expert natural</value></Data>
      <Data name="open_from"><value>11-01</value></Data><Data name="closed_from"><value>06-01</value></Data>
      <mwm:icon>Mountain</mwm:icon><mwm:visibility>1</mwm:visibility>
    </ExtendedData>
  </Placemark>
  <Placemark>
    <name>Cikole Gravity Trails (Lembang, ID) [shuttle, price unverified]</name>
    <description><![CDATA[<b>Cikole pine forest above Bandung - established gravity zone</b><br/><br/><b>Trails</b><br/>Deep volcanic soil, pine-forest loam, roots and race-built downhill lines make Cikole one of Indonesia's best-known gravity areas. Expect a mix of raw DH, freeride features and locally shaped flow rather than a single unified resort trail map.<br/><br/><b>Getting up / price</b><br/>Local vehicle uplift and riding packages are available around the Cikole recreation area; there is no verified fixed public lift pass. Arrange uplift and guide details before arrival.<br/><br/><b>Open season</b><br/>Open year-round, best in the drier May-October period. <br/>Daily opening hours: 08:00-17:00<br/><small>Typical area estimate; confirm with the selected uplift or trail operator.</small><br/><br/><b>Access</b><table class="access"><tr><th>From</th><th>Transport</th><th>Duration</th></tr><tr><td>Bandung</td><td>Car</td><td>~1h15</td></tr></table><br/><i>Sources: Cikole's established MTB riding area and <a href="https://www.indonesia.travel/gb/en/travel-ideas/adventure/10-reason-s-why-you-experience-the-cikole-orchid-forest-at-lembang">Indonesia Travel</a> for the Cikole setting. Confirm the active trail operator.</i>]]></description>
    <styleUrl>#placemark-blue</styleUrl>
    <Point><coordinates>107.6510,-6.7860,0</coordinates></Point>
    <ExtendedData xmlns:mwm="https://omaps.app">
      <Data name="spot"><value>cikole</value></Data><Data name="tags"><value>beginner expert bikepark</value></Data>
      <Data name="open_from"><value>01-01</value></Data><Data name="closed_from"><value>01-01</value></Data>
      <mwm:icon>Transport</mwm:icon><mwm:visibility>1</mwm:visibility>
    </ExtendedData>
  </Placemark>
  <Placemark>
    <name>Klangon Merapi DH (Yogyakarta, ID) [no lift]</name>
    <description><![CDATA[<b>Klangon Hill on Mount Merapi - volcanic downhill track</b><br/><br/><b>Trails</b><br/>A recognised downhill competition venue at roughly 1,100 m, with fast, technical dirt and volcanic surfaces under a dramatic view of active Mount Merapi. It is a compact local track, not a large lift-served resort.<br/><br/><b>Getting up / price</b><br/>No public uplift was verified; push or pedal and ask locally about event-day vehicle access. A small general tourism or maintenance fee may apply.<br/><br/><b>Open season</b><br/>Open year-round subject to rain and volcanic exclusion zones. <br/>Daily opening hours: 06:00-18:00<br/><small>Typical daylight estimate; check weather and volcanic closures locally.</small><br/><br/><b>Access</b><table class="access"><tr><th>From</th><th>Transport</th><th>Duration</th></tr><tr><td>Yogyakarta</td><td>Car</td><td>~1h</td></tr></table><br/><i>Source: <a href="https://visitingjogja.jogjaprov.go.id/en/17059/klangon-hill-the-best-spot-to-enjoy-the-view-of-the-summit-of-mount-merapi/">Yogyakarta Tourism Portal</a>. Obey all Merapi safety closures.</i>]]></description>
    <styleUrl>#placemark-brown</styleUrl>
    <Point><coordinates>110.4470,-7.5840,0</coordinates></Point>
    <ExtendedData xmlns:mwm="https://omaps.app">
      <Data name="spot"><value>klangon</value></Data><Data name="tags"><value>expert bikepark</value></Data>
      <Data name="open_from"><value>01-01</value></Data><Data name="closed_from"><value>01-01</value></Data>
      <mwm:icon>Mountain</mwm:icon><mwm:visibility>1</mwm:visibility>
    </ExtendedData>
  </Placemark>
  <Placemark>
    <name>Kintamani / Mount Batur MTB (Bali, ID) [guided shuttle]</name>
    <description><![CDATA[<b>Kintamani crater rim - volcanic adventure descents</b><br/><br/><b>Trails</b><br/>Routes start around 1,500 m above the Batur caldera and descend on volcanic sand, dirt tracks, village lanes and tropical singletrack. Guided options range from easy scenic downhill tours to much rougher enduro-style lines toward Tianyar or the lower villages.<br/><br/><b>Getting up / price</b><br/>Commercial tours provide vehicle transfer to Kintamani; no bike lift. Choose an MTB-specific operator because many advertised cycling tours use easy roads rather than technical trails.<br/><br/><b>Open season</b><br/>Best from April-October; wet-season storms make volcanic surfaces and jungle sections unpredictable.<br/><br/><b>Access</b><table class="access"><tr><th>From</th><th>Transport</th><th>Duration</th></tr><tr><td>Ubud</td><td>Tour shuttle</td><td>~1h15</td></tr></table><br/><i>Sources: <a href="https://visitbali.id/property/recommended-mountain-biking-routes-with-panorama-of-bali-s-natural-beauty">Visit Bali MTB routes</a> and <a href="https://www.indonesia.travel/id/en/destination/bali-nusa-tenggara/bali/kintamani">Indonesia Travel</a>.</i>]]></description>
    <styleUrl>#placemark-brown</styleUrl>
    <Point><coordinates>115.3750,-8.2420,0</coordinates></Point>
    <ExtendedData xmlns:mwm="https://omaps.app">
      <Data name="spot"><value>kintamani</value></Data><Data name="tags"><value>beginner expert natural</value></Data>
      <Data name="open_from"><value>04-01</value></Data><Data name="closed_from"><value>11-01</value></Data>
      <mwm:icon>Mountain</mwm:icon><mwm:visibility>1</mwm:visibility>
    </ExtendedData>
  </Placemark>
  <Placemark>
    <name>Mangsang Bike Park (Batam, ID) [uplift price unverified]</name>
    <description><![CDATA[<b>Bukit Mangsang, Batam - downhill and enduro race park</b><br/><br/><b>Trails</b><br/>A gravity-focused local park with downhill, enduro and XC competition tracks, including steep race sections and a substantial rock garden. It hosted Indonesian national-level MTB competition and draws riders from Singapore and Malaysia.<br/><br/><b>Getting up / price</b><br/>Local packages use vehicle uplift, but no current walk-up schedule or price was verified. Contact the park before taking the ferry with a bike.<br/><br/><b>Open season</b><br/>Open year-round subject to tropical rain and events. <br/>Daily opening hours: 08:00-17:00<br/><small>Typical daily estimate; arrange current access and uplift before arrival.</small><br/><br/><b>Access</b><table class="access"><tr><th>From</th><th>Transport</th><th>Duration</th></tr><tr><td>Batam Centre</td><td>Car</td><td>~35 min</td></tr><tr><td>Singapore</td><td>Ferry + car</td><td>~2h30</td></tr></table><br/><i>Sources: <a href="https://dispora.batam.go.id/2024/07/09/penutupan-indonesia-mountain-bike-national-championship/">Batam sports authority</a> and <a href="https://www.antaranews.com/video/4004334/99-atlet-dari-lima-negara-berpacu-di-arena-sepeda-gunung-batam">ANTARA</a>.</i>]]></description>
    <styleUrl>#placemark-blue</styleUrl>
    <Point><coordinates>104.0570,1.0300,0</coordinates></Point>
    <ExtendedData xmlns:mwm="https://omaps.app">
      <Data name="spot"><value>mangsang</value></Data><Data name="tags"><value>expert bikepark</value></Data>
      <Data name="open_from"><value>01-01</value></Data><Data name="closed_from"><value>01-01</value></Data>
      <mwm:icon>Transport</mwm:icon><mwm:visibility>1</mwm:visibility>
    </ExtendedData>
  </Placemark>
  <Placemark>
    <name>Bukit Kiara Trails (Kuala Lumpur, MY) [no lift]</name>
    <description><![CDATA[<b>Bukit Kiara - volunteer-maintained urban jungle network</b><br/><br/><b>Trails</b><br/>A dense network of roughly 90 named trails, from approachable loops to root-heavy technical all-mountain and downhill lines such as the harder local classics. Trails were built and maintained by riders but are intentionally shared with hikers and runners.<br/><br/><b>Getting up / price</b><br/>Free pedal access; no lift. Climb the tarmac spine or trail connectors, yield to every non-rider and never build or modify lines without local approval.<br/><br/><b>Open season</b><br/>Open year-round, but do not ride during or immediately after tropical downpours.<br/><br/><b>Access</b><table class="access"><tr><th>From</th><th>Transport</th><th>Duration</th></tr><tr><td>Central Kuala Lumpur</td><td>Car / metro and bike</td><td>~25 min</td></tr></table><br/><i>Sources: <a href="https://www.fobk.org/trails/">Friends of Bukit Kiara</a> and <a href="https://www.traks.org.my/">TRAKS Malaysia</a>.</i>]]></description>
    <styleUrl>#placemark-brown</styleUrl>
    <Point><coordinates>101.6385,3.1435,0</coordinates></Point>
    <ExtendedData xmlns:mwm="https://omaps.app">
      <Data name="spot"><value>bukit-kiara</value></Data><Data name="tags"><value>beginner expert natural</value></Data>
      <Data name="open_from"><value>01-01</value></Data><Data name="closed_from"><value>01-01</value></Data>
      <mwm:icon>Mountain</mwm:icon><mwm:visibility>1</mwm:visibility>
    </ExtendedData>
  </Placemark>
  <Placemark>
    <name>Mount Kinabalu Foothills Adventure MTB (Sabah, MY) [guided, no lift]</name>
    <description><![CDATA[<b>Kundasang and the Crocker Range foothills - Borneo adventure riding</b><br/><br/><b>Trails</b><br/>Highland farm roads, village tracks and rainforest connectors offer scenic XC and guided adventure riding beneath Mount Kinabalu. This is not a formal bike park, and national-park hiking trails must not be assumed legal for bicycles.<br/><br/><b>Getting up / price</b><br/>No lift. Use a local cycling operator for vehicle support, permission and a legal route; do not enter protected footpaths without approval.<br/><br/><b>Open season</b><br/>Rideable year-round, with February-April usually drier. Tropical storms and mud can close or damage routes quickly.<br/><br/><b>Access</b><table class="access"><tr><th>From</th><th>Transport</th><th>Duration</th></tr><tr><td>Kota Kinabalu</td><td>Guide vehicle</td><td>~2h</td></tr></table><br/><i>Indicative regional adventure-riding pin. Confirm a permitted route with a Sabah operator and protected-area authorities.</i><br/><br/><i>Source: <a href="https://sabahtourism.com/">Sabah Tourism</a>. Prices, schedules, trail status and access can change; verify before travel.</i>]]></description>
    <styleUrl>#placemark-brown</styleUrl>
    <Point><coordinates>116.5750,6.0000,0</coordinates></Point>
    <ExtendedData xmlns:mwm="https://omaps.app">
      <Data name="spot"><value>kinabalu-mtb</value></Data><Data name="tags"><value>beginner expert natural</value></Data>
      <Data name="open_from"><value>01-01</value></Data><Data name="closed_from"><value>01-01</value></Data>
      <mwm:icon>Mountain</mwm:icon><mwm:visibility>1</mwm:visibility>
    </ExtendedData>
  </Placemark>
  <Placemark>
    <name>Chestnut Nature Park MTB Trails (Singapore) [no lift, free]</name>
    <description><![CDATA[<b>Chestnut Nature Park - purpose-built urban singletrack</b><br/><br/><b>Trails</b><br/>Singapore's largest nature park separates designated MTB and hiking routes, with rolling singletrack, berms, rock features and mixed-difficulty loops in an 81 ha forest setting. Ride only the marked MTB trails.<br/><br/><b>Getting up / price</b><br/>Free pedal access; no lift. Protect the trail surface by staying away in heavy rain and obey NParks closures.<br/><br/><b>Open season</b><br/>Open year-round. <br/>Daily opening hours: 07:00-19:00<br/><small>Published NParks opening hours; temporary weather closures may apply.</small><br/><br/><b>Access</b><table class="access"><tr><th>From</th><th>Transport</th><th>Duration</th></tr><tr><td>Central Singapore</td><td>Metro/bus + bike</td><td>~45 min</td></tr></table><br/><i>Source: <a href="https://www.nparks.gov.sg/visit/parks/park-detail/chestnut-nature-park">Singapore NParks</a>.</i>]]></description>
    <styleUrl>#placemark-brown</styleUrl>
    <Point><coordinates>103.7760,1.3720,0</coordinates></Point>
    <ExtendedData xmlns:mwm="https://omaps.app">
      <Data name="spot"><value>chestnut-sg</value></Data><Data name="tags"><value>beginner expert bikepark</value></Data>
      <Data name="open_from"><value>01-01</value></Data><Data name="closed_from"><value>01-01</value></Data>
      <mwm:icon>Mountain</mwm:icon><mwm:visibility>1</mwm:visibility>
    </ExtendedData>
  </Placemark>
  <Placemark>
    <name>Bukit Timah MTB Trail (Singapore) [no lift, free]</name>
    <description><![CDATA[<b>Dairy Farm / Bukit Timah - Singapore's oldest technical MTB loop</b><br/><br/><b>Trails</b><br/>A 7 km intermediate-to-advanced designated circuit with fast descents, rock gardens, drops, blind corners and technical climbs. Twenty-three named sections and multiple exits allow riders to shorten the loop.<br/><br/><b>Getting up / price</b><br/>Free pedal access; no lift. Bicycles must remain on the designated MTB trail and riders should follow NParks nature-reserve rules.<br/><br/><b>Open season</b><br/>Open year-round when conditions allow. <br/>Daily opening hours: 07:00-19:00<br/><small>Typical nature-reserve hours estimate; check NParks notices.</small><br/><br/><b>Access</b><table class="access"><tr><th>From</th><th>Transport</th><th>Duration</th></tr><tr><td>Central Singapore</td><td>Metro/bus + bike</td><td>~40 min</td></tr></table><br/><i>Source: <a href="https://www.nparks.gov.sg/visit/parks/bukit-timah-nature-reserve/activities/mountain-biking">Singapore NParks MTB guide</a>.</i>]]></description>
    <styleUrl>#placemark-brown</styleUrl>
    <Point><coordinates>103.7765,1.3490,0</coordinates></Point>
    <ExtendedData xmlns:mwm="https://omaps.app">
      <Data name="spot"><value>bukit-timah-sg</value></Data><Data name="tags"><value>expert bikepark</value></Data>
      <Data name="open_from"><value>01-01</value></Data><Data name="closed_from"><value>01-01</value></Data>
      <mwm:icon>Mountain</mwm:icon><mwm:visibility>1</mwm:visibility>
    </ExtendedData>
  </Placemark>
  <Placemark>
    <name>Ketam Mountain Bike Park (Pulau Ubin, SG) [no lift, free]</name>
    <description><![CDATA[<b>Ketam Quarry, Pulau Ubin - international-standard XC park</b><br/><br/><b>Trails</b><br/>Ten kilometres of purpose-built tracks around a former quarry, graded from blue square through black and double black. Expect narrow low-grip trail, long stepped climbs, drops, sharp corners and steep technical obstacles rather than uplifted downhill.<br/><br/><b>Getting up / price</b><br/>Free pedal access; no lift. Reach Pulau Ubin by bumboat from Changi Point, then ride from the village. Boat space and bicycle charges vary.<br/><br/><b>Open season</b><br/>Open year-round in daylight, subject to ferry service, rain and NParks closures. <br/>Daily opening hours: 07:00-19:00<br/><small>Daylight estimate; ferry service and NParks closures control practical access.</small><br/><br/><b>Access</b><table class="access"><tr><th>From</th><th>Transport</th><th>Duration</th></tr><tr><td>Central Singapore</td><td>Bus/taxi + bumboat + bike</td><td>~1h30</td></tr></table><br/><i>Source: <a href="https://pulau-ubin.nparks.gov.sg/activities/cycling/">Singapore NParks Pulau Ubin cycling guide</a>.</i>]]></description>
    <styleUrl>#placemark-brown</styleUrl>
    <Point><coordinates>103.9580,1.4050,0</coordinates></Point>
    <ExtendedData xmlns:mwm="https://omaps.app">
      <Data name="spot"><value>ketam-sg</value></Data><Data name="tags"><value>beginner expert bikepark</value></Data>
      <Data name="open_from"><value>01-01</value></Data><Data name="closed_from"><value>01-01</value></Data>
      <mwm:icon>Mountain</mwm:icon><mwm:visibility>1</mwm:visibility>
    </ExtendedData>
  </Placemark>
  <Placemark>
    <name>Dizin / Shemshak Alborz Enduro (IR) [no verified bike lift]</name>
    <description><![CDATA[<b>Gardaneh Dizin and Shemshak - high-Alborz alpine riding</b><br/><br/><b>Trails</b><br/>Loose, rocky ski-area roads, ridge tracks and natural paths can produce descents exceeding 1,000 m of vertical in dry, exposed alpine terrain. This is informal backcountry enduro, not a maintained summer bike park.<br/><br/><b>Getting up / price</b><br/>Summer bicycle uplift at Dizin or Shemshak could not be verified. Use a local guide and road shuttle or pedal; do not assume winter lifts carry bikes.<br/><br/><b>Open season</b><br/>Best from June-October after snowmelt. Afternoon storms, altitude and exposure require conservative planning.<br/><br/><b>Access</b><table class="access"><tr><th>From</th><th>Transport</th><th>Duration</th></tr><tr><td>Tehran</td><td>Car / guide shuttle</td><td>~2h30</td></tr></table><br/><i>Source: <a href="https://www.passzwang.net/en/dizin_cycling.php">Dizin Pass cycling guide</a>. MTB access is informal and must be verified locally.</i>]]></description>
    <styleUrl>#placemark-brown</styleUrl>
    <Point><coordinates>51.4170,36.0490,0</coordinates></Point>
    <ExtendedData xmlns:mwm="https://omaps.app">
      <Data name="spot"><value>dizin-enduro</value></Data><Data name="tags"><value>expert natural</value></Data>
      <Data name="open_from"><value>06-01</value></Data><Data name="closed_from"><value>11-01</value></Data>
      <mwm:icon>Mountain</mwm:icon><mwm:visibility>1</mwm:visibility>
    </ExtendedData>
  </Placemark>
  <Placemark>
    <name>Mount Tochal / Tehran Foothills (IR) [gondola bike access unverified]</name>
    <description><![CDATA[<b>Tochal above Tehran - huge vertical and technical foothill paths</b><br/><br/><b>Trails</b><br/>The Alborz rises directly from the city to almost 4,000 m. Rough natural paths around Darakeh and the mid-mountain stations offer rocky, exposed descending, but they are shared hiking terrain rather than sanctioned bike-park runs.<br/><br/><b>Getting up / price</b><br/>The Tochal Telecabin reaches high stations, but current bicycle carriage could not be confirmed. Ask the operator before relying on it; road shuttle and pedalling are safer planning assumptions.<br/><br/><b>Open season</b><br/>Lower foothills are broadly year-round; high routes are normally June-October. <br/>Daily opening hours: 07:30-15:00<br/><small>Typical gondola estimate; confirm current operation and bicycle acceptance.</small><br/><br/><b>Access</b><table class="access"><tr><th>From</th><th>Transport</th><th>Duration</th></tr><tr><td>Central Tehran</td><td>Car / taxi</td><td>~35 min</td></tr></table><br/><i>Source: Tochal Complex gondola infrastructure; confirm bicycle rules and stay off pedestrian-only paths.</i><br/><br/><i>Source: <a href="https://www.tochal.org/en/">Tochal</a>. Prices, schedules, trail status and access can change; verify before travel.</i>]]></description>
    <styleUrl>#placemark-green</styleUrl>
    <Point><coordinates>51.4090,35.8175,0</coordinates></Point>
    <ExtendedData xmlns:mwm="https://omaps.app">
      <Data name="spot"><value>tochal-mtb</value></Data><Data name="tags"><value>expert natural</value></Data>
      <Data name="open_from"><value>06-01</value></Data><Data name="closed_from"><value>11-01</value></Data>
      <mwm:icon>Mountain</mwm:icon><mwm:visibility>1</mwm:visibility>
    </ExtendedData>
  </Placemark>
  <Placemark>
    <name>Lafur / Mazandaran Forest MTB (IR) [guided, no lift]</name>
    <description><![CDATA[<b>Lafur Forest - Hyrcanian forest adventure riding</b><br/><br/><b>Trails</b><br/>Dense beech forest, loamy village tracks, steep mountain roads and wet roots offer a green contrast to Iran's dry southern Alborz. There is no signed trail centre, and forest protection, land access and navigation require local knowledge.<br/><br/><b>Getting up / price</b><br/>No lift. Arrange a guide and vehicle support from Mazandaran; use only permitted roads and tracks.<br/><br/><b>Open season</b><br/>Best from April-June and September-November. Avoid saturated trails, snow and peak summer humidity.<br/><br/><b>Access</b><table class="access"><tr><th>From</th><th>Transport</th><th>Duration</th></tr><tr><td>Tehran</td><td>Car</td><td>~4h</td></tr></table><br/><i>Source: <a href="https://visitiran.ir/en/attraction/Lafur--Forest">Visit Iran: Lafur Forest</a>. This is a regional adventure pin, not a marked MTB park.</i>]]></description>
    <styleUrl>#placemark-brown</styleUrl>
    <Point><coordinates>52.9300,36.2600,0</coordinates></Point>
    <ExtendedData xmlns:mwm="https://omaps.app">
      <Data name="spot"><value>lafur</value></Data><Data name="tags"><value>expert natural</value></Data>
      <Data name="open_from"><value>04-01</value></Data><Data name="closed_from"><value>12-01</value></Data>
      <mwm:icon>Mountain</mwm:icon><mwm:visibility>1</mwm:visibility>
    </ExtendedData>
  </Placemark>
  <Placemark>
    <name>Lar National Park / Damavand MTB (IR) [guided, no lift]</name>
    <description><![CDATA[<b>Lar Valley beneath Mount Damavand - high-altitude expedition MTB</b><br/><br/><b>Trails</b><br/>A serious point-to-point backcountry ride across alpine plateau, riverbeds, dirt tracks and high passes beneath Iran's 5,610 m volcano. Commercial itineraries rate it highly demanding and normally take several days.<br/><br/><b>Getting up / price</b><br/>No lift. Guided trips use support vehicles and camps; permits and protected-area access must be arranged in advance.<br/><br/><b>Open season</b><br/>Open from late May through August in a typical year; snow, river levels and conservation closures control access.<br/><br/><b>Access</b><table class="access"><tr><th>From</th><th>Transport</th><th>Duration</th></tr><tr><td>Tehran</td><td>Guide vehicle</td><td>~2h to western approach</td></tr></table><br/><i>Sources: <a href="https://damavand.camp/tours/mountain-biking/5-day-lar-plain-mtb/">Lar Plain MTB itinerary</a> and <a href="https://www.adventureiran.com/mountain-biking-lar-national-park/">Adventure Iran trip report</a>.</i>]]></description>
    <styleUrl>#placemark-brown</styleUrl>
    <Point><coordinates>52.0500,35.9000,0</coordinates></Point>
    <ExtendedData xmlns:mwm="https://omaps.app">
      <Data name="spot"><value>lar-damavand</value></Data><Data name="tags"><value>expert natural</value></Data>
      <Data name="open_from"><value>05-20</value></Data><Data name="closed_from"><value>09-01</value></Data>
      <mwm:icon>Mountain</mwm:icon><mwm:visibility>1</mwm:visibility>
    </ExtendedData>
  </Placemark>
  <Placemark>
    <name>Thaiwoo Bike Park (Chongli, CN) [gondola price unverified]</name>
    <description><![CDATA[<b>Thaiwoo Ski Town - China's flagship lift-served bike park</b><br/><br/><b>Trails</b><br/>Purpose-built summer MTB terrain with gondola-served flow, jumps, pump-track facilities and technical downhill on the Olympic-region mountains. The operator actively lists mountain biking among its summer sports.<br/><br/><b>Getting up / price</b><br/>Summer gondola uplift is offered, but a current public bike-pass price was not reliably available in English. Confirm ticketing and trail status directly.<br/><br/><b>Open season</b><br/>Open from June; closed from October (typical Chongli bike season). <br/>Daily opening hours: 09:00-17:00<br/><small>Typical summer estimate; check the official daily schedule.</small><br/><br/><b>Access</b><table class="access"><tr><th>From</th><th>Transport</th><th>Duration</th></tr><tr><td>Beijing</td><td>Fast train + taxi</td><td>~2h</td></tr></table><br/><i>Source: <a href="https://www.thaiwoo.com/summer">official Thaiwoo summer activities</a>.</i>]]></description>
    <styleUrl>#placemark-blue</styleUrl>
    <Point><coordinates>115.4550,40.9040,0</coordinates></Point>
    <ExtendedData xmlns:mwm="https://omaps.app">
      <Data name="spot"><value>thaiwoo</value></Data><Data name="tags"><value>beginner expert bikepark</value></Data>
      <Data name="open_from"><value>06-01</value></Data><Data name="closed_from"><value>10-01</value></Data>
      <mwm:icon>Transport</mwm:icon><mwm:visibility>1</mwm:visibility>
    </ExtendedData>
  </Placemark>
  <Placemark>
    <name>Duolemeidi Bike Park (Chongli, CN) [lift status unverified]</name>
    <description><![CDATA[<b>Duolemeidi ski area - established Chongli downhill network</b><br/><br/><b>Trails</b><br/>Mapped green, blue and black singletrack includes sustained descents such as Big Brother, dropping roughly 350 m through open ski terrain and forest. Current maintenance and public summer uplift must be confirmed before travel.<br/><br/><b>Getting up / price</b><br/>The ski resort has lift infrastructure, but a current 2026 bicycle uplift schedule and price were not verified.<br/><br/><b>Open season</b><br/>Potential summer season June-September. <br/>Daily opening hours: 09:00-16:30<br/><small>Typical estimate; confirm current bike-park and uplift operation.</small><br/><br/><b>Access</b><table class="access"><tr><th>From</th><th>Transport</th><th>Duration</th></tr><tr><td>Beijing</td><td>Fast train + taxi</td><td>~2h30</td></tr></table><br/><i>Source: <a href="https://www.trailforks.com/region/chongli/trails/table/">mapped Chongli trails</a>. Current operator status is unverified.</i>]]></description>
    <styleUrl>#placemark-blue</styleUrl>
    <Point><coordinates>115.3860,40.9760,0</coordinates></Point>
    <ExtendedData xmlns:mwm="https://omaps.app">
      <Data name="spot"><value>duolemeidi</value></Data><Data name="tags"><value>beginner expert bikepark</value></Data>
      <Data name="open_from"><value>06-01</value></Data><Data name="closed_from"><value>10-01</value></Data>
      <mwm:icon>Transport</mwm:icon><mwm:visibility>1</mwm:visibility>
    </ExtendedData>
  </Placemark>
  <Placemark>
    <name>Genting Secret Garden MTB (Chongli, CN) [summer status unverified]</name>
    <description><![CDATA[<b>Genting Snow Park - Olympic resort summer terrain</b><br/><br/><b>Trails</b><br/>The resort was planned with a mountain-bike raceway and has high-speed gondola infrastructure across substantial alpine terrain. Public 2026 summer MTB operation and trail maintenance could not be confirmed, so treat this as a check-before-travel pin.<br/><br/><b>Getting up / price</b><br/>Gondolas exist, but bicycle carriage, summer schedule and price are unverified.<br/><br/><b>Open season</b><br/>Potential June-September operation. <br/>Daily opening hours: 09:00-16:30<br/><small>Typical estimate; summer bike operation is unverified.</small><br/><br/><b>Access</b><table class="access"><tr><th>From</th><th>Transport</th><th>Duration</th></tr><tr><td>Beijing</td><td>Fast train + taxi</td><td>~2h30</td></tr></table><br/><i>Source: <a href="https://chinasymposium.com/articles/Special_focus/secret_garden_english.pdf">Genting Secret Garden development overview</a>. Confirm current MTB operation.</i>]]></description>
    <styleUrl>#placemark-blue</styleUrl>
    <Point><coordinates>115.4380,40.9410,0</coordinates></Point>
    <ExtendedData xmlns:mwm="https://omaps.app">
      <Data name="spot"><value>genting-chongli</value></Data><Data name="tags"><value>beginner expert bikepark</value></Data>
      <Data name="open_from"><value>06-01</value></Data><Data name="closed_from"><value>10-01</value></Data>
      <mwm:icon>Transport</mwm:icon><mwm:visibility>1</mwm:visibility>
    </ExtendedData>
  </Placemark>
  <Placemark>
    <name>Quanlin Daray Bike Park (Zhongshan, CN) [cable-car price unverified]</name>
    <description><![CDATA[<b>Sanxiang, Zhongshan - year-round south-China gravity park</b><br/><br/><b>Trails</b><br/>A compact purpose-built park with two blue lines, a black line and a large asphalt pump track across roughly 255 m of vertical. It is one of southern China's rare bike parks with cable-car uplift.<br/><br/><b>Getting up / price</b><br/>Cable-car bike uplift is documented, but current ticket prices and operating days were not verified.<br/><br/><b>Open season</b><br/>Designed for year-round riding; heat, typhoons and heavy rain can close trails. <br/>Daily opening hours: 09:00-17:00<br/><small>Typical daily estimate; check cable-car and trail operation.</small><br/><br/><b>Access</b><table class="access"><tr><th>From</th><th>Transport</th><th>Duration</th></tr><tr><td>Zhuhai</td><td>Car</td><td>~45 min</td></tr><tr><td>Guangzhou</td><td>Car</td><td>~1h45</td></tr></table><br/><i>Sources: <a href="https://www.biketo.com/news/39966.html">Biketo park report</a> and <a href="https://en.zsnews.cn/Culture/Attractions/content/384/37927.html">Zhongshan city portal</a>.</i>]]></description>
    <styleUrl>#placemark-blue</styleUrl>
    <Point><coordinates>113.4000,22.3300,0</coordinates></Point>
    <ExtendedData xmlns:mwm="https://omaps.app">
      <Data name="spot"><value>quanlin-daray</value></Data><Data name="tags"><value>beginner expert bikepark</value></Data>
      <Data name="open_from"><value>01-01</value></Data><Data name="closed_from"><value>01-01</value></Data>
      <mwm:icon>Transport</mwm:icon><mwm:visibility>1</mwm:visibility>
    </ExtendedData>
  </Placemark>
  <Placemark>
    <name>Dali / Shaxi Tea-Horse Trails (Yunnan, CN) [guided, no lift]</name>
    <description><![CDATA[<b>Dali and the ancient Tea-Horse corridor - highland adventure MTB</b><br/><br/><b>Trails</b><br/>Old stone roads, pine-forest paths, village tracks and high passes connect Bai and Tibetan cultural landscapes between Dali, Shaxi and the northwest Yunnan highlands. This is guided expedition riding, not a signed bike park.<br/><br/><b>Getting up / price</b><br/>No bike lift. Commercial guides use vehicle transfers for point-to-point routes; confirm permissions because many famous hiking or heritage paths are not automatically bike routes.<br/><br/><b>Open season</b><br/>Best March-May and September-November; summer monsoon mud and winter snow affect high routes.<br/><br/><b>Access</b><table class="access"><tr><th>From</th><th>Transport</th><th>Duration</th></tr><tr><td>Dali</td><td>Guide vehicle</td><td>Local / multi-day</td></tr></table><br/><i>Regional adventure-riding pin centred on Dali; use a local MTB guide and verify each route.</i><br/><br/><i>Source: <a href="https://www.bikechina.com/">Bike China</a>. Prices, schedules, trail status and access can change; verify before travel.</i>]]></description>
    <styleUrl>#placemark-brown</styleUrl>
    <Point><coordinates>100.1100,25.6900,0</coordinates></Point>
    <ExtendedData xmlns:mwm="https://omaps.app">
      <Data name="spot"><value>yunnan-tea-trails</value></Data><Data name="tags"><value>expert natural</value></Data>
      <Data name="open_from"><value>03-01</value></Data><Data name="closed_from"><value>12-01</value></Data>
      <mwm:icon>Mountain</mwm:icon><mwm:visibility>1</mwm:visibility>
    </ExtendedData>
  </Placemark>
  <Placemark>
    <name>Western Sichuan / Four Sisters MTB (CN) [guided, no lift]</name>
    <description><![CDATA[<b>Qionglai and Tibetan Plateau foothills - high-altitude expedition riding</b><br/><br/><b>Trails</b><br/>Remote roads and mountain tracks rise from the Sichuan basin toward Tibetan plateau scenery around the Four Sisters range. Expect major altitude, long climbs, rough surfaces and expedition logistics rather than gravity laps.<br/><br/><b>Getting up / price</b><br/>No lift. Book a local guide and support vehicle; route permissions and foreign-traveller restrictions can change.<br/><br/><b>Open season</b><br/>Best May-June and September-October. Monsoon landslides, snow and altitude are serious constraints.<br/><br/><b>Access</b><table class="access"><tr><th>From</th><th>Transport</th><th>Duration</th></tr><tr><td>Chengdu</td><td>Guide vehicle</td><td>~4h to Rilong</td></tr></table><br/><i>Source: <a href="https://www.bikechina.com/guided-bike-tours/western-sichuan-four-sister-mountain-6-day-tour">Bike China Four Sisters itinerary</a>.</i>]]></description>
    <styleUrl>#placemark-brown</styleUrl>
    <Point><coordinates>102.8500,31.0000,0</coordinates></Point>
    <ExtendedData xmlns:mwm="https://omaps.app">
      <Data name="spot"><value>sichuan-four-sisters</value></Data><Data name="tags"><value>expert natural</value></Data>
      <Data name="open_from"><value>05-01</value></Data><Data name="closed_from"><value>11-01</value></Data>
      <mwm:icon>Mountain</mwm:icon><mwm:visibility>1</mwm:visibility>
    </ExtendedData>
  </Placemark>
  <Placemark>
    <name>Fenghuang Mountain Greenway (Shenzhen, CN) [no lift, free]</name>
    <description><![CDATA[<b>Fenghuang Mountain Forest Park - official mountain greenway</b><br/><br/><b>Trails</b><br/>A 9.1 km mountain route combining forest road, hiking-road and waterfront terrain. It has hosted national mountain-bike challenges, but it is more greenway and XC challenge than technical bike park.<br/><br/><b>Getting up / price</b><br/>Free pedal access; no lift. Stay on routes where cycling is permitted and respect busy pedestrian sections.<br/><br/><b>Open season</b><br/>Open year-round subject to storms and park notices. Daily opening hours: 07:00-19:00.<br/><br/><b>Access</b><table class="access"><tr><th>From</th><th>Transport</th><th>Duration</th></tr><tr><td>Central Shenzhen</td><td>Metro + taxi/bike</td><td>~1h</td></tr></table><br/><i>Source: <a href="https://www.sz.gov.cn/en_szgov/news/infocus/park/szld/content/post_10945022.html">Shenzhen Government Online</a>.</i>]]></description>
    <styleUrl>#placemark-brown</styleUrl>
    <Point><coordinates>113.8460,22.6760,0</coordinates></Point>
    <ExtendedData xmlns:mwm="https://omaps.app">
      <Data name="spot"><value>fenghuang-shenzhen</value></Data><Data name="tags"><value>beginner natural</value></Data>
      <Data name="open_from"><value>01-01</value></Data><Data name="closed_from"><value>01-01</value></Data>
      <mwm:icon>Mountain</mwm:icon><mwm:visibility>1</mwm:visibility>
    </ExtendedData>
  </Placemark>
  <Placemark>
    <name>Longjing Tea Hills MTB (Hangzhou, CN) [no lift]</name>
    <description><![CDATA[<b>Longjing tea hills west of Hangzhou - shared forest and village riding</b><br/><br/><b>Trails</b><br/>Steep paved lanes, tea-field tracks and forest paths create short urban-edge rides above West Lake. This is a shared landscape, not a sanctioned gravity park: many paths are pedestrian or agricultural, so use only routes where cycling is allowed.<br/><br/><b>Getting up / price</b><br/>No lift and no trail pass. Pedal from the city or use a local cycling guide.<br/><br/><b>Open season</b><br/>Best in spring and autumn; avoid monsoon rain, extreme summer heat and crowded holiday periods.<br/><br/><b>Access</b><table class="access"><tr><th>From</th><th>Transport</th><th>Duration</th></tr><tr><td>Central Hangzhou</td><td>Bike / metro and bike</td><td>~35 min</td></tr></table><br/><i>Indicative urban trail-zone pin. Confirm legal cycling routes locally and always yield to walkers and tea workers.</i><br/><br/><i>Source: <a href="https://wgly.hangzhou.gov.cn/en/">Hangzhou tourism</a>. Prices, schedules, trail status and access can change; verify before travel.</i>]]></description>
    <styleUrl>#placemark-brown</styleUrl>
    <Point><coordinates>120.1100,30.2250,0</coordinates></Point>
    <ExtendedData xmlns:mwm="https://omaps.app">
      <Data name="spot"><value>longjing-mtb</value></Data><Data name="tags"><value>beginner expert natural</value></Data>
      <Data name="open_from"><value>03-01</value></Data><Data name="closed_from"><value>12-01</value></Data>
      <mwm:icon>Mountain</mwm:icon><mwm:visibility>1</mwm:visibility>
    </ExtendedData>
  </Placemark>
  <Placemark>
    <name>Kahakapao / Makawao Forest Reserve (Maui, US) [no lift, free]</name>
    <description><![CDATA[<b>Maui's main purpose-built forest trail centre</b><br/><br/><b>Trails</b><br/>The Pineapple Express one-way descent drops about 400 m over 3.4 km with tabletops, a wooden berm and beginner ride-arounds. Renegade adds mixed cross-country and downhill terrain, while three skills areas progress from novice berms and a teeter to pump tracks and expert wooden step-up jumps.<br/><br/><b>Getting up / price</b><br/>Free pedal access; no uplift. Climb the forest roads and signed trail network from the Kahakapao trailhead.<br/><br/><b>Open season</b><br/>Open year-round, but avoid riding when wet or muddy. <br/>Daily opening hours: 07:00-18:00<br/><small>Daylight riding estimate; closures can follow heavy rain, storms or forestry work.</small><br/><br/><b>Access</b><table class="access"><tr><th>From</th><th>Transport</th><th>Duration</th></tr><tr><td>Kahului</td><td>Car</td><td>~35 min</td></tr><tr><td>Makawao</td><td>Car</td><td>~15 min</td></tr></table><br/><i>Sources: <a href="https://dlnr.hawaii.gov/recreation/nah/maui/">Hawaii DLNR Na Ala Hele</a> and the <a href="https://dlnr.hawaii.gov/forestry/files/2026/03/DRAFT-Makawao-FR-Management-Plan-Public-Review.pdf">2026 Makawao Forest Reserve management plan</a>.</i>]]></description>
    <styleUrl>#placemark-brown</styleUrl>
    <Point><coordinates>-156.2478,20.8207,0</coordinates></Point>
    <ExtendedData xmlns:mwm="https://omaps.app">
      <Data name="spot"><value>kahakapao-makawao</value></Data><Data name="tags"><value>beginner expert bikepark</value></Data>
      <Data name="open_from"><value>01-01</value></Data><Data name="closed_from"><value>01-01</value></Data>
      <mwm:icon>Mountain</mwm:icon><mwm:visibility>1</mwm:visibility>
    </ExtendedData>
  </Placemark>
  <Placemark>
    <name>West Maui Bike Park (Napili, US) [no lift, free]</name>
    <description><![CDATA[<b>Community dirt-jump and skills park in Napili</b><br/><br/><b>Trails</b><br/>A five-acre community bike park with progressive dirt-jump lines, pump and skills terrain developed by the Maui Mountain Bike Coalition with input from Cam Zink. It is a compact practice park rather than a mountain descent.<br/><br/><b>Getting up / price</b><br/>Free pedal access; no lift. Pedal or push back to the start of each line. Pedal bikes only.<br/><br/><b>Open season</b><br/>Open year-round; it closes for rain, saturated ground or high winds. <br/>Daily opening hours: 08:00-18:00<br/><small>Published daily hours; weather closures apply.</small><br/><br/><b>Access</b><table class="access"><tr><th>From</th><th>Transport</th><th>Duration</th></tr><tr><td>Lahaina</td><td>Car</td><td>~20 min</td></tr><tr><td>Kahului</td><td>Car</td><td>~55 min</td></tr></table><br/><i>Source: <a href="https://www.mauimountainbike.org/westmauibikepark">Maui Mountain Bike Coalition</a>. Check its channels for weather closures.</i>]]></description>
    <styleUrl>#placemark-brown</styleUrl>
    <Point><coordinates>-156.6690,20.9978,0</coordinates></Point>
    <ExtendedData xmlns:mwm="https://omaps.app">
      <Data name="spot"><value>west-maui-bike-park</value></Data><Data name="tags"><value>beginner expert bikepark</value></Data>
      <Data name="open_from"><value>01-01</value></Data><Data name="closed_from"><value>01-01</value></Data>
      <mwm:icon>Mountain</mwm:icon><mwm:visibility>1</mwm:visibility>
    </ExtendedData>
  </Placemark>
  <Placemark>
    <name>Koko Head Bike Park (Oahu, US) [no lift, free]</name>
    <description><![CDATA[<b>Honolulu's public dirt-jump and pump-track park</b><br/><br/><b>Trails</b><br/>Volunteer-built progressive dirt jumps, pump tracks and skills lines range from strider and family terrain to large expert jumps. This is a session park, not a downhill trail network.<br/><br/><b>Getting up / price</b><br/>Free pedal access; no lift. Pedal bikes only; e-bikes and motorized vehicles are not permitted on the bike-park features.<br/><br/><b>Open season</b><br/>Open year-round, subject to maintenance and wet-ground closures. <br/>Daily opening hours: 07:00-22:00<br/><small>District-park hours estimate; ride in daylight and check HBL Dirt for closures.</small><br/><br/><b>Access</b><table class="access"><tr><th>From</th><th>Transport</th><th>Duration</th></tr><tr><td>Waikiki</td><td>Car</td><td>~25 min</td></tr><tr><td>Honolulu</td><td>Bus + bike</td><td>~1h</td></tr></table><br/><i>Source: <a href="https://www.hbldirt.org/khbp/">HBL Dirt - Koko Head Bike Park</a>. Respect volunteer closures and posted line directions.</i>]]></description>
    <styleUrl>#placemark-brown</styleUrl>
    <Point><coordinates>-157.7107,21.2828,0</coordinates></Point>
    <ExtendedData xmlns:mwm="https://omaps.app">
      <Data name="spot"><value>koko-head-bike-park</value></Data><Data name="tags"><value>beginner expert bikepark</value></Data>
      <Data name="open_from"><value>01-01</value></Data><Data name="closed_from"><value>01-01</value></Data>
      <mwm:icon>Mountain</mwm:icon><mwm:visibility>1</mwm:visibility>
    </ExtendedData>
  </Placemark>
  <Placemark>
    <name>Peacock Flats / Kuaokala (Oahu, US) [permit access, no lift]</name>
    <description><![CDATA[<b>Remote Waianae ridge riding above Oahu's northwest coast</b><br/><br/><b>Trails</b><br/>Rough ridge roads and steep, technical rainforest singletrack connect the Peacock Flats camping area and Kuaokala zone, with exposed ocean views and loose, eroded sections. This is remote natural riding, not a maintained bike park.<br/><br/><b>Getting up / price</b><br/>No lift. Access through the Space Force tracking-station road is controlled; obtain the required state permit and carry identification. Expect a substantial pedal and route-finding.<br/><br/><b>Open season</b><br/>Rideable year-round when access is open; avoid storms, mud and high fire-risk closures.<br/><br/><b>Access</b><table class="access"><tr><th>From</th><th>Transport</th><th>Duration</th></tr><tr><td>Honolulu</td><td>Car + pedal</td><td>~1h30 to gate</td></tr></table><br/><i>Source: <a href="https://dlnr.hawaii.gov/dofaw/fw-announcements/access-restored-to-public-lands-on-west-o%CA%BBahu-via-the-space-force-satellite-tracking-station-road/">Hawaii DLNR access notice</a>. Verify permits and gate arrangements before departure.</i>]]></description>
    <styleUrl>#placemark-brown</styleUrl>
    <Point><coordinates>-158.1890,21.5740,0</coordinates></Point>
    <ExtendedData xmlns:mwm="https://omaps.app">
      <Data name="spot"><value>peacock-flats</value></Data><Data name="tags"><value>expert natural</value></Data>
      <Data name="open_from"><value>01-01</value></Data><Data name="closed_from"><value>01-01</value></Data>
      <mwm:icon>Mountain</mwm:icon><mwm:visibility>1</mwm:visibility>
    </ExtendedData>
  </Placemark>
  <Placemark>
    <name>St Louis Heights / Waahila Ridge (Oahu, US) [access must be checked, no lift]</name>
    <description><![CDATA[<b>Steep Honolulu ridge terrain with uncertain bike access</b><br/><br/><b>Trails</b><br/>The forested ridge above St Louis Heights has steep roots, clay, narrow natural lines and short technical descents. It is shared hiking terrain rather than a sanctioned bike park, and bicycle permission can vary by segment.<br/><br/><b>Getting up / price</b><br/>No lift. Pedal from town, but confirm locally that every intended trail permits bicycles; yield to walkers and do not ride closed or hiking-only paths.<br/><br/><b>Open season</b><br/>Potentially rideable year-round, but wet red clay becomes slick and damaging. Access status is not sufficiently documented for a destination trip.<br/><br/><b>Access</b><table class="access"><tr><th>From</th><th>Transport</th><th>Duration</th></tr><tr><td>Waikiki</td><td>Bike / car</td><td>~25 min</td></tr></table><br/><i>Indicative local riding-zone pin only. Confirm legal bicycle access with Hawaii trail managers before riding.</i><br/><br/><i>Source: <a href="https://dlnr.hawaii.gov/recreation/nah/oahu/">Hawaii DLNR trails</a>. Prices, schedules, trail status and access can change; verify before travel.</i>]]></description>
    <styleUrl>#placemark-brown</styleUrl>
    <Point><coordinates>-157.7985,21.3118,0</coordinates></Point>
    <ExtendedData xmlns:mwm="https://omaps.app">
      <Data name="spot"><value>st-louis-heights-oahu</value></Data><Data name="tags"><value>expert natural</value></Data>
      <Data name="open_from"><value>01-01</value></Data><Data name="closed_from"><value>01-01</value></Data>
      <mwm:icon>Mountain</mwm:icon><mwm:visibility>1</mwm:visibility>
    </ExtendedData>
  </Placemark>
  <Placemark>
    <name>Papenoo Valley (Tahiti, PF) [backcountry, no lift]</name>
    <description><![CDATA[<b>Tahiti's volcanic interior adventure route</b><br/><br/><b>Trails</b><br/>A rough valley road and connecting tracks enter a deep volcanic canyon through rainforest, river crossings and waterfall country. It is scenic backcountry and expedition-style riding, not a signed singletrack park.<br/><br/><b>Getting up / price</b><br/>No lift. Ride out-and-back or arrange a local guide and 4x4 support. River depth, landslides and private or controlled sections can alter the route.<br/><br/><b>Open season</b><br/>Best in the drier May-October period; avoid heavy rain because rivers rise quickly and surfaces become hazardous.<br/><br/><b>Access</b><table class="access"><tr><th>From</th><th>Transport</th><th>Duration</th></tr><tr><td>Papeete</td><td>Car + bike</td><td>~45 min to valley mouth</td></tr></table><br/><i>Sources: <a href="https://www.tahititourisme.jp/natural-heritage/papenoo-valley-maroto/">Tahiti Tourisme Papenoo Valley</a> and local bike rental or guide advice.</i>]]></description>
    <styleUrl>#placemark-brown</styleUrl>
    <Point><coordinates>-149.4260,-17.6210,0</coordinates></Point>
    <ExtendedData xmlns:mwm="https://omaps.app">
      <Data name="spot"><value>papenoo-valley</value></Data><Data name="tags"><value>expert natural</value></Data>
      <Data name="open_from"><value>05-01</value></Data><Data name="closed_from"><value>11-01</value></Data>
      <mwm:icon>Mountain</mwm:icon><mwm:visibility>1</mwm:visibility>
    </ExtendedData>
  </Placemark>
  <Placemark>
    <name>Moorea Pineapple Route / Opunohu (PF) [shared tracks, no lift]</name>
    <description><![CDATA[<b>Plantation tracks beneath Moorea's volcanic peaks</b><br/><br/><b>Trails</b><br/>Farm roads and mixed natural tracks wind through pineapple plantations in the Opunohu interior, with connections toward Belvedere viewpoints. Expect scenic cross-country and adventure riding rather than a formal bike park or continuous gravity singletrack.<br/><br/><b>Getting up / price</b><br/>No lift. Rent a mountain bike locally and pedal from the coast. Stay on permitted routes, respect plantation work and ask before entering private tracks.<br/><br/><b>Open season</b><br/>Rideable year-round; May-October is generally drier. Tropical rain can turn clay tracks muddy very quickly.<br/><br/><b>Access</b><table class="access"><tr><th>From</th><th>Transport</th><th>Duration</th></tr><tr><td>Tahiti</td><td>Ferry + bike</td><td>~45 min ferry</td></tr></table><br/><i>Source: <a href="https://tahititourisme.pf/en-pf/islands-and-archipelagos/the-society-islands/moorea/escape-to-moorea/">Tahiti Tourisme - Moorea</a>.</i>]]></description>
    <styleUrl>#placemark-brown</styleUrl>
    <Point><coordinates>-149.8370,-17.5260,0</coordinates></Point>
    <ExtendedData xmlns:mwm="https://omaps.app">
      <Data name="spot"><value>moorea-opunohu</value></Data><Data name="tags"><value>beginner natural</value></Data>
      <Data name="open_from"><value>01-01</value></Data><Data name="closed_from"><value>01-01</value></Data>
      <mwm:icon>Mountain</mwm:icon><mwm:visibility>1</mwm:visibility>
    </ExtendedData>
  </Placemark>
  <Placemark>
    <name>Domaine de Deva MTB (Bourail, NC) [no lift, free]</name>
    <description><![CDATA[<b>New Caledonia's major coastal trail park</b><br/><br/><b>Trails</b><br/>An extensive marked network crosses dry forest, ridges and lagoon-facing terrain, with green family riding through technical red routes. Individual circuits include the 12.4 km Blue Riviere de Deva loop. Trails are unsupervised.<br/><br/><b>Getting up / price</b><br/>Free pedal access; no lift. Start from the Domaine de Deva reception and choose a signed loop appropriate to conditions.<br/><br/><b>Open season</b><br/>Open year-round, but wildfire danger, storms or maintenance can close the domain. <br/>Daily opening hours: 06:30-19:00<br/><small>Published domain hours; fire-risk and weather closures apply.</small><br/><br/><b>Access</b><table class="access"><tr><th>From</th><th>Transport</th><th>Duration</th></tr><tr><td>Noumea</td><td>Car</td><td>~2h</td></tr><tr><td>Bourail</td><td>Car</td><td>~20 min</td></tr></table><br/><i>Source: <a href="https://www.newcaledonia.travel/offers/mountain-bike-trail-n-9-blue-riviere-de-deva-bourail-en-3913712/">New Caledonia Tourism</a>. Check the domain's fire-risk status.</i>]]></description>
    <styleUrl>#placemark-brown</styleUrl>
    <Point><coordinates>165.4750,-21.6050,0</coordinates></Point>
    <ExtendedData xmlns:mwm="https://omaps.app">
      <Data name="spot"><value>domaine-de-deva</value></Data><Data name="tags"><value>beginner expert bikepark</value></Data>
      <Data name="open_from"><value>01-01</value></Data><Data name="closed_from"><value>01-01</value></Data>
      <mwm:icon>Mountain</mwm:icon><mwm:visibility>1</mwm:visibility>
    </ExtendedData>
  </Placemark>
  <Placemark>
    <name>Blue River Provincial Park MTB (Yate, NC) [no lift]</name>
    <description><![CDATA[<b>Red-dirt forest riding in Parc Provincial de la Riviere Bleue</b><br/><br/><b>Trails</b><br/>Six designated MTB routes sit within roughly 54 km of park tracks, crossing red earth, native forest, river scenery and the Perignon bridge area. The riding ranges from touring loops to longer backcountry outings rather than gravity laps.<br/><br/><b>Getting up / price</b><br/>No bike lift. Pedal from the park entrance or use the internal visitor shuttle where permitted; confirm reservations, bicycle transport and current entry fees before travel.<br/><br/><b>Open season</b><br/>Open year-round Wednesday-Sunday, subject to weather, fire risk and provincial closures. <br/>Daily opening hours: 08:00-16:00<br/><small>Published Wednesday-Sunday hours; check provincial notices and booking requirements.</small><br/><br/><b>Access</b><table class="access"><tr><th>From</th><th>Transport</th><th>Duration</th></tr><tr><td>Noumea</td><td>Car</td><td>~1h30</td></tr></table><br/><i>Sources: <a href="https://www.newcaledonia.travel/activities/preserved-nature/mountain-biking-and-cycling/">New Caledonia Tourism MTB guide</a> and the <a href="https://www.nouvellecaledonie.travel/destination/grand-sud/parc-provincial-de-la-riviere-bleue/">provincial park overview</a>.</i>]]></description>
    <styleUrl>#placemark-brown</styleUrl>
    <Point><coordinates>166.6620,-22.1360,0</coordinates></Point>
    <ExtendedData xmlns:mwm="https://omaps.app">
      <Data name="spot"><value>blue-river-new-caledonia</value></Data><Data name="tags"><value>beginner expert bikepark</value></Data>
      <Data name="open_from"><value>01-01</value></Data><Data name="closed_from"><value>01-01</value></Data>
      <mwm:icon>Mountain</mwm:icon><mwm:visibility>1</mwm:visibility>
    </ExtendedData>
  </Placemark>
  <Placemark>
    <name>Queenstown Bike Park / Skyline Uplift (NZ) [gondola]</name>
    <description><![CDATA[<b>Ben Lomond's world-class gondola-served gravity network</b><br/><br/><b>Trails</b><br/>More than 30 km of purpose-built downhill lines descend directly toward Queenstown, spanning approachable flow through jumps, roots and steep expert technical tracks. The public Ben Lomond trails are separate from the Skyline uplift operation.<br/><br/><b>Getting up / price</b><br/>Skyline's dedicated MTB gondola cabins carry riders and bikes from Brecon Street. A bike-uplift pass is required; 2026/27 standard pricing is due to be published on 1 August 2026.<br/><br/><b>Open season</b><br/>Bike uplift is scheduled from 19 September 2026 to about 16 May 2027, weather dependent. The trail reserve can have separate fire, rain or maintenance closures. <br/>Daily opening hours: 09:30-21:00<br/><small>Indicative gondola hours; the MTB uplift schedule varies by date and can stop for rain, lightning or reserve closures.</small><br/><br/><b>Access</b><table class="access"><tr><th>From</th><th>Transport</th><th>Duration</th></tr><tr><td>Queenstown centre</td><td>Bike</td><td>~5 min</td></tr></table><br/><i>Source: <a href="https://queenstown.skyline.co.nz/things-to-do/mountain-bike-uplift/">official Skyline MTB uplift</a>. Check live uplift hours before riding.</i>]]></description>
    <styleUrl>#placemark-blue</styleUrl>
    <Point><coordinates>168.6472,-45.0251,0</coordinates></Point>
    <ExtendedData xmlns:mwm="https://omaps.app">
      <Data name="spot"><value>queenstown-bike-park</value></Data><Data name="tags"><value>beginner expert bikepark</value></Data>
      <Data name="open_from"><value>09-19</value></Data><Data name="closed_from"><value>05-17</value></Data>
      <mwm:icon>Transport</mwm:icon><mwm:visibility>1</mwm:visibility>
    </ExtendedData>
  </Placemark>
  <Placemark>
    <name>Christchurch Adventure Park (NZ) [chairlift, NZD 95/day]</name>
    <description><![CDATA[<b>Year-round chairlift gravity park in Christchurch's Port Hills</b><br/><br/><b>Trails</b><br/>Machine- and hand-built downhill trails cover beginner flow, intermediate progression, large jump tracks and technical expert terrain. The chairlift provides repeated gravity laps, with rental bikes, protection, lessons and patrol available.<br/><br/><b>Getting up / price</b><br/>The 1.8 km chairlift carries bikes. Adult day pass: NZD 95; single uplift: NZD 30. Riders under 10 ride free with required supervision. Prices checked July 2026.<br/><br/><b>Open season</b><br/>Open year-round on published operating days. Winter 2026: closed Monday-Tuesday; Wednesday-Friday 11:00-17:00 and weekends/holidays 10:00-17:00, with some Wednesday night rides. <br/>Daily opening hours: 10:00-17:00<br/><small>Typical operating hours; winter weekdays may start at 11:00, Monday-Tuesday closures and night-ride extensions apply.</small><br/><br/><b>Access</b><table class="access"><tr><th>From</th><th>Transport</th><th>Duration</th></tr><tr><td>Central Christchurch</td><td>Car / bike</td><td>~20 min</td></tr></table><br/><i>Sources: <a href="https://christchurchadventurepark.com/experiences/mountain-biking-christchurch">official MTB pricing</a> and <a href="https://christchurchadventurepark.com/park-status">live park status</a>.</i>]]></description>
    <styleUrl>#placemark-blue</styleUrl>
    <Point><coordinates>172.6107,-43.6004,0</coordinates></Point>
    <ExtendedData xmlns:mwm="https://omaps.app">
      <Data name="spot"><value>christchurch-adventure-park</value></Data><Data name="tags"><value>beginner expert bikepark</value></Data>
      <Data name="open_from"><value>01-01</value></Data><Data name="closed_from"><value>01-01</value></Data>
      <mwm:icon>Transport</mwm:icon><mwm:visibility>1</mwm:visibility>
    </ExtendedData>
  </Placemark>
  <Placemark>
    <name>Whakarewarewa Forest MTB (Rotorua, NZ) [no lift, free]</name>
    <description><![CDATA[<b>Rotorua's globally renowned volcanic-soil trail network</b><br/><br/><b>Trails</b><br/>Around 150 km of continually evolving, purpose-built trails range from smooth beginner forest tracks to extreme roots, drops, jumps and steep technical lines. Well-draining volcanic soil makes this one of New Zealand's most reliable large trail centres.<br/><br/><b>Getting up / price</b><br/>Forest trail access is free and has no public lift. Pedal climbing routes and commercial shuttle services are available; bike hire and guiding operate around Waipa MTB car park.<br/><br/><b>Open season</b><br/>Rideable year-round, with temporary forestry, event and maintenance closures. Daylight riding is recommended. <br/>Daily opening hours: 06:00-22:30<br/><small>Waipa and Redwoods vehicle-gate hours vary; walking and cycling access remains available, but daylight riding is recommended.</small><br/><br/><b>Access</b><table class="access"><tr><th>From</th><th>Transport</th><th>Duration</th></tr><tr><td>Rotorua centre</td><td>Bike / car</td><td>~15 min</td></tr></table><br/><i>Sources: <a href="https://redwoods.co.nz/bike/">official Redwoods bike guide</a> and <a href="https://redwoods.co.nz/info/opening-hours/">forest opening hours</a>.</i>]]></description>
    <styleUrl>#placemark-brown</styleUrl>
    <Point><coordinates>176.2815,-38.1884,0</coordinates></Point>
    <ExtendedData xmlns:mwm="https://omaps.app">
      <Data name="spot"><value>whakarewarewa-rotorua</value></Data><Data name="tags"><value>beginner expert bikepark</value></Data>
      <Data name="open_from"><value>01-01</value></Data><Data name="closed_from"><value>01-01</value></Data>
      <mwm:icon>Mountain</mwm:icon><mwm:visibility>1</mwm:visibility>
    </ExtendedData>
  </Placemark>
  <Placemark>
    <name>Pic Paradis (Saint Martin, MF) [access must be checked, no lift]</name>
    <description><![CDATA[<b>Steep tropical ridge riding around Saint Martin's highest point</b><br/><br/><b>Trails</b><br/>Natural tracks around the 424 m Pic Paradis ridge provide short, steep descents, rocky sections and broad views toward Marigot and Grand Case. The mapped riding is informal and overlaps hiking terrain; this is not a sanctioned bike park.<br/><br/><b>Getting up / price</b><br/>No lift. Pedal the steep access road or arrange a local vehicle drop where legal. Loterie Farm is private property and its marked trails are primarily for walking, so obtain permission and confirm the exact bicycle route locally.<br/><br/><b>Open season</b><br/>Best December-May during the drier season. Avoid tropical storms and wet clay; hurricane damage can alter access.<br/><br/><b>Access</b><table class="access"><tr><th>From</th><th>Transport</th><th>Duration</th></tr><tr><td>Marigot</td><td>Bike / car</td><td>~20 min</td></tr><tr><td>Grand Case</td><td>Bike / car</td><td>~20 min</td></tr></table><br/><i>Sources: <a href="https://www.visitstmaarten.com/nature-hiking/paradise-peak-pic-paradis/">official island tourism overview</a> and <a href="https://www.trailforks.com/region/saint-martin/">mapped local MTB activity</a>. Confirm access before riding.</i>]]></description>
    <styleUrl>#placemark-brown</styleUrl>
    <Point><coordinates>-63.0616,18.0745,0</coordinates></Point>
    <ExtendedData xmlns:mwm="https://omaps.app">
      <Data name="spot"><value>pic-paradis-saint-martin</value></Data><Data name="tags"><value>expert natural</value></Data>
      <Data name="open_from"><value>12-01</value></Data><Data name="closed_from"><value>06-01</value></Data>
      <mwm:icon>Mountain</mwm:icon><mwm:visibility>1</mwm:visibility>
    </ExtendedData>
  </Placemark>
  <Placemark>
    <name>Foret de Montravail MTB (Martinique, MQ) [shared trails, no lift]</name>
    <description><![CDATA[<b>Accessible forest trail riding above Sainte-Luce</b><br/><br/><b>Trails</b><br/>A compact network of maintained forest tracks combines rolling climbs, roots and short natural descents. Martinique Tourism recommends Montravail for intermediate MTB riders, but the forest is shared with walkers and is not a gravity bike park.<br/><br/><b>Getting up / price</b><br/>Free pedal access; no lift. Build loops from the forest parking areas and remain on routes where cycling is permitted.<br/><br/><b>Open season</b><br/>Rideable year-round, with the most reliable conditions December-May. Rain makes roots and tropical clay extremely slippery.<br/><br/><b>Access</b><table class="access"><tr><th>From</th><th>Transport</th><th>Duration</th></tr><tr><td>Sainte-Luce</td><td>Car / bike</td><td>~20 min</td></tr><tr><td>Fort-de-France</td><td>Car</td><td>~45 min</td></tr></table><br/><i>Source: <a href="https://www.martinique.org/en/blog/activities-sports/mountain-biking-martinique">Martinique Tourism MTB guide</a>. Yield to walkers and respect current forestry notices.</i>]]></description>
    <styleUrl>#placemark-brown</styleUrl>
    <Point><coordinates>-60.9560,14.4910,0</coordinates></Point>
    <ExtendedData xmlns:mwm="https://omaps.app">
      <Data name="spot"><value>montravail-martinique</value></Data><Data name="tags"><value>beginner expert natural</value></Data>
      <Data name="open_from"><value>12-01</value></Data><Data name="closed_from"><value>06-01</value></Data>
      <mwm:icon>Mountain</mwm:icon><mwm:visibility>1</mwm:visibility>
    </ExtendedData>
  </Placemark>
  <Placemark>
    <name>Morne Gommier MTB (Martinique, MQ) [shared tracks, no lift]</name>
    <description><![CDATA[<b>Panoramic southern Martinique hill riding</b><br/><br/><b>Trails</b><br/>Steep lanes, farm tracks and natural paths around Morne Gommier form scenic cross-country and short enduro-style loops above Le Marin. The terrain is more mixed-surface exploration than a marked trail centre.<br/><br/><b>Getting up / price</b><br/>No lift and no trail pass. Pedal from Le Marin or start near the viewpoint; confirm private-property boundaries and use a local guide for less obvious connections.<br/><br/><b>Open season</b><br/>Rideable year-round; December-May is generally drier. Avoid exposed routes during heavy rain, tropical storms and the hottest part of the day.<br/><br/><b>Access</b><table class="access"><tr><th>From</th><th>Transport</th><th>Duration</th></tr><tr><td>Le Marin</td><td>Bike / car</td><td>~15 min</td></tr><tr><td>Fort-de-France</td><td>Car</td><td>~1h</td></tr></table><br/><i>Source: <a href="https://www.martinique.org/en/blog/activities-sports/mountain-biking-martinique">Martinique Tourism MTB guide</a>. Route choice and land access should be confirmed locally.</i>]]></description>
    <styleUrl>#placemark-brown</styleUrl>
    <Point><coordinates>-60.8865,14.4675,0</coordinates></Point>
    <ExtendedData xmlns:mwm="https://omaps.app">
      <Data name="spot"><value>morne-gommier-martinique</value></Data><Data name="tags"><value>expert natural</value></Data>
      <Data name="open_from"><value>12-01</value></Data><Data name="closed_from"><value>06-01</value></Data>
      <mwm:icon>Mountain</mwm:icon><mwm:visibility>1</mwm:visibility>
    </ExtendedData>
  </Placemark>
  <Placemark>
    <name>Trace des Jesuites (Martinique, MQ) [shared rainforest trail, no lift]</name>
    <description><![CDATA[<b>Technical rainforest singletrack in northern Martinique</b><br/><br/><b>Trails</b><br/>A narrow historic trail crosses dense rainforest with roots, rocks, stream crossings and persistently slippery ground. Martinique Tourism lists it for advanced mountain biking, but it is principally a shared hiking trail rather than a managed MTB route.<br/><br/><b>Getting up / price</b><br/>No lift. Arrange a point-to-point pickup or return by road. Check current bicycle permission and trail condition with local authorities or a guide before riding, then give absolute priority to walkers.<br/><br/><b>Open season</b><br/>Best attempted in the drier December-May period. Do not ride after heavy rain, during flood risk or when the trail surface would be damaged.<br/><br/><b>Access</b><table class="access"><tr><th>From</th><th>Transport</th><th>Duration</th></tr><tr><td>Fort-de-France</td><td>Car</td><td>~35 min</td></tr><tr><td>Morne-Rouge</td><td>Car</td><td>~20 min</td></tr></table><br/><i>Source: <a href="https://www.martinique.org/en/blog/activities-sports/mountain-biking-martinique">Martinique Tourism MTB guide</a>. Current access must be checked locally.</i>]]></description>
    <styleUrl>#placemark-brown</styleUrl>
    <Point><coordinates>-61.0850,14.7050,0</coordinates></Point>
    <ExtendedData xmlns:mwm="https://omaps.app">
      <Data name="spot"><value>trace-des-jesuites</value></Data><Data name="tags"><value>expert natural</value></Data>
      <Data name="open_from"><value>12-01</value></Data><Data name="closed_from"><value>06-01</value></Data>
      <mwm:icon>Mountain</mwm:icon><mwm:visibility>1</mwm:visibility>
    </ExtendedData>
  </Placemark>
  <Placemark>
    <name>Bisdary Downhill Track (Guadeloupe, GP) [no lift, free]</name>
    <description><![CDATA[<b>Official short downhill trail above Riviere-Sens</b><br/><br/><b>Trails</b><br/>A blue-marked 500 m descent drops about 70 m through the Bisdary forest to the marina. It shares part of the Tour du Houelmont hiking trail, so control speed and give pedestrians priority. The run is short but is Guadeloupe's clearest officially documented MTB-specific descent.<br/><br/><b>Getting up / price</b><br/>Free access; no lift. Pedal or arrange your own vehicle return from Riviere-Sens to Rue des Archives in Bisdary. Parking is unsupervised.<br/><br/><b>Open season</b><br/>Permanent route, best December-May. Avoid riding during heavy rain, storms or when the shared surface is saturated.<br/><br/><b>Access</b><table class="access"><tr><th>From</th><th>Transport</th><th>Duration</th></tr><tr><td>Basse-Terre</td><td>Bike / car</td><td>~15 min</td></tr><tr><td>Pointe-a-Pitre</td><td>Car</td><td>~1h</td></tr></table><br/><i>Source: <a href="https://www.lesilesdeguadeloupe.com/en/equipement/bisdary-downhill-track-mtb/">Guadeloupe Islands official trail page</a>, including downloadable route guide.</i>]]></description>
    <styleUrl>#placemark-brown</styleUrl>
    <Point><coordinates>-61.7128,15.9859,0</coordinates></Point>
    <ExtendedData xmlns:mwm="https://omaps.app">
      <Data name="spot"><value>bisdary-downhill</value></Data><Data name="tags"><value>beginner natural</value></Data>
      <Data name="open_from"><value>12-01</value></Data><Data name="closed_from"><value>06-01</value></Data>
      <mwm:icon>Mountain</mwm:icon><mwm:visibility>1</mwm:visibility>
    </ExtendedData>
  </Placemark>
  <Placemark>
    <name>North Basse-Terre MTB (Sainte-Rose, GP) [guided, no lift]</name>
    <description><![CDATA[<b>Guided tropical trail riding between coast and rainforest</b><br/><br/><b>Trails</b><br/>Local routes around Sainte-Rose combine sugar-cane tracks, mangrove edges, riverbeds, tropical forest and steeper natural singletrack. The best connections are deliberately not published on standard maps, making this a guided riding zone rather than a signed trail centre.<br/><br/><b>Getting up / price</b><br/>No lift. VELOC offers mountain-bike rental, delivery and local route advice or accompaniment from Sainte-Rose. Confirm the selected route, difficulty and price directly.<br/><br/><b>Open season</b><br/>Guiding and rental are listed year-round in 2026; December-May usually offers drier riding. Routes can close after storms, flooding or forestry damage.<br/><br/><b>Access</b><table class="access"><tr><th>From</th><th>Transport</th><th>Duration</th></tr><tr><td>Pointe-a-Pitre</td><td>Car</td><td>~35 min</td></tr><tr><td>Deshaies</td><td>Car</td><td>~30 min</td></tr></table><br/><i>Sources: <a href="https://www.lesilesdeguadeloupe.com/commerce-service/veloc-location-de-vtt/">Guadeloupe Islands tourism listing</a> and <a href="https://www.veloc.org/">VELOC</a>.</i>]]></description>
    <styleUrl>#placemark-brown</styleUrl>
    <Point><coordinates>-61.6965,16.3310,0</coordinates></Point>
    <ExtendedData xmlns:mwm="https://omaps.app">
      <Data name="spot"><value>north-basse-terre-mtb</value></Data><Data name="tags"><value>beginner expert natural</value></Data>
      <Data name="open_from"><value>12-01</value></Data><Data name="closed_from"><value>06-01</value></Data>
      <mwm:icon>Mountain</mwm:icon><mwm:visibility>1</mwm:visibility>
    </ExtendedData>
  </Placemark>
  <Placemark>
    <name>Shymbulak Bike Park (Almaty, KZ) [uplift status unverified]</name>
    <description><![CDATA[<b>High-altitude resort terrain above Almaty</b><br/><br/><b>Trails</b><br/>Shymbulak's published resort rules define a downhill bike park with purpose-built natural and artificial features, using the steep ski terrain between roughly 2,200 and 3,180 m. However, the official 2026 summer programme does not currently list public MTB operation, so trail maintenance and access must be confirmed before travel.<br/><br/><b>Getting up / price</b><br/>The Medeu-Shymbulak gondola and upper lifts operate for summer visitors, but 2026 bicycle carriage, bike-park uplift and prices are unverified. Do not assume a sightseeing ticket includes a bicycle.<br/><br/><p class="warn">&#9888;&#65039; Current bike-park operation is unverified. Contact Shymbulak before planning a riding day.</p><b>Open season</b><br/>Potential summer operation from June through September; snow, maintenance and national-park restrictions apply. <br/>Daily opening hours: 09:00-18:00<br/><small>Summer resort estimate only; bicycle uplift and bike-park operation must be confirmed.</small><br/><br/><b>Access</b><table class="access"><tr><th>From</th><th>Transport</th><th>Duration</th></tr><tr><td>Central Almaty</td><td>Bus/taxi + gondola</td><td>~45 min</td></tr></table><br/><i>Sources: <a href="https://shymbulak.com/en/info/about/">official resort overview</a> and the <a href="https://storage.yandexcloud.kz/shymbulak/media-test/58b2111d00c198fd54a290b715e88372.pdf">published resort rules</a>.</i>]]></description>
    <styleUrl>#placemark-blue</styleUrl>
    <Point><coordinates>77.0802,43.1280,0</coordinates></Point>
    <ExtendedData xmlns:mwm="https://omaps.app">
      <Data name="spot"><value>shymbulak-mtb</value></Data><Data name="tags"><value>expert bikepark</value></Data>
      <Data name="open_from"><value>06-01</value></Data><Data name="closed_from"><value>10-01</value></Data>
      <mwm:icon>Transport</mwm:icon><mwm:visibility>1</mwm:visibility>
    </ExtendedData>
  </Placemark>
  <Placemark>
    <name>Kok-Zhailau MTB (Almaty, KZ) [shared trails, no lift]</name>
    <description><![CDATA[<b>Alpine plateau and ridge riding directly above Almaty</b><br/><br/><b>Trails</b><br/>Rocky forest tracks climb from the city edge to the Kok-Zhailau plateau around 2,000-2,200 m. Beginner outings turn around on the plateau; experienced riders can continue toward the meteorological station or exposed ridge terrain. These are busy shared mountain trails, not a bike park.<br/><br/><b>Getting up / price</b><br/>No lift. Pedal from Prosveshchenets or the Medeu side, or book a local guided e-MTB outing. Give way to hikers and horses, especially on summer weekends.<br/><br/><b>Open season</b><br/>Best May-October. Snow, spring mud, thunderstorms and national-park closures affect the higher route.<br/><br/><b>Access</b><table class="access"><tr><th>From</th><th>Transport</th><th>Duration</th></tr><tr><td>Central Almaty</td><td>Bike / bus + bike</td><td>~30 min to trailhead</td></tr></table><br/><i>Source: <a href="https://tours.xbike.kz/en/guide/kok-zhailau">local Kok-Zhailau cycling guide</a>. Confirm permitted routes locally.</i>]]></description>
    <styleUrl>#placemark-brown</styleUrl>
    <Point><coordinates>76.9760,43.1580,0</coordinates></Point>
    <ExtendedData xmlns:mwm="https://omaps.app">
      <Data name="spot"><value>kok-zhailau</value></Data><Data name="tags"><value>beginner expert natural</value></Data>
      <Data name="open_from"><value>05-01</value></Data><Data name="closed_from"><value>11-01</value></Data>
      <mwm:icon>Mountain</mwm:icon><mwm:visibility>1</mwm:visibility>
    </ExtendedData>
  </Placemark>
  <Placemark>
    <name>Manali / Solang Valley MTB (Himachal Pradesh, IN) [shuttle, no lift]</name>
    <description><![CDATA[<b>India's best-known Himalayan gravity base</b><br/><br/><b>Trails</b><br/>Steep pine-forest singletrack, village paths and rough alpine tracks descend around Solang, Old Manali and the surrounding Kullu mountains. Terrain ranges from guided cross-country to technical enduro and downhill; it is a developing regional network rather than a signed bike park.<br/><br/><b>Getting up / price</b><br/>No verified public bike lift. Local operators arrange 4x4 shuttles, guiding and occasional specialist helibiking, all of which must be booked and checked independently. The government has also planned dedicated Manali and Solang cycling trails, but completion status varies.<br/><br/><b>Open season</b><br/>Best April-June and September-November. Monsoon rain, winter snow, landslides and heavy Solang road traffic can prevent riding.<br/><br/><b>Access</b><table class="access"><tr><th>From</th><th>Transport</th><th>Duration</th></tr><tr><td>Manali</td><td>Bike / shuttle</td><td>~35 min to Solang</td></tr><tr><td>Kullu airport</td><td>Car</td><td>~1h30</td></tr></table><br/><i>Source: <a href="https://himachaltourism.gov.in/wp-content/uploads/2024/07/8.-DDR-of-Mountain-Biking-Trails-and-EV-HoHo-Buses-F.pdf">Himachal Pradesh mountain-bike trail planning document</a>. Use a current local MTB operator.</i>]]></description>
    <styleUrl>#placemark-brown</styleUrl>
    <Point><coordinates>77.1567,32.3160,0</coordinates></Point>
    <ExtendedData xmlns:mwm="https://omaps.app">
      <Data name="spot"><value>manali-solang</value></Data><Data name="tags"><value>beginner expert natural</value></Data>
      <Data name="open_from"><value>04-01</value></Data><Data name="closed_from"><value>12-01</value></Data>
      <mwm:icon>Mountain</mwm:icon><mwm:visibility>1</mwm:visibility>
    </ExtendedData>
  </Placemark>
  <Placemark>
    <name>Khardung La / Nubra MTB (Ladakh, IN) [vehicle drop, no lift]</name>
    <description><![CDATA[<b>Extreme-altitude descent from one of Ladakh's great passes</b><br/><br/><b>Trails</b><br/>The classic objective is a supported ride from the Khardung La road pass into the Indus or Nubra side, combining a very long high-altitude road descent with optional rough tracks and village routes. It is an expedition ride, not continuous singletrack or a bike park.<br/><br/><b>Getting up / price</b><br/>No lift. Use a licensed local guide and support vehicle from Leh. Current road permits, checkpoints and route restrictions must be verified; independent foreign travel rules can change.<br/><br/><p class="warn">&#9888;&#65039; The pass is above 5,300 m. Acclimatize in Leh first and treat altitude illness, cold, traffic and remote rescue as serious hazards.</p><b>Open season</b><br/>Usually May-September, entirely dependent on snow clearance, road status and military or civil restrictions.<br/><br/><b>Access</b><table class="access"><tr><th>From</th><th>Transport</th><th>Duration</th></tr><tr><td>Leh</td><td>Guide vehicle</td><td>~2h to pass</td></tr></table><br/><i>Source: <a href="https://leh.nic.in/tourism/adventures/">District Leh adventure tourism guide</a>, which lists Khardung La and Nubra among its mountain-bike areas.</i>]]></description>
    <styleUrl>#placemark-brown</styleUrl>
    <Point><coordinates>77.6046,34.2783,0</coordinates></Point>
    <ExtendedData xmlns:mwm="https://omaps.app">
      <Data name="spot"><value>khardung-la-mtb</value></Data><Data name="tags"><value>expert natural</value></Data>
      <Data name="open_from"><value>05-15</value></Data><Data name="closed_from"><value>10-01</value></Data>
      <mwm:icon>Mountain</mwm:icon><mwm:visibility>1</mwm:visibility>
    </ExtendedData>
  </Placemark>
  <Placemark>
    <name>Temi / South Sikkim MTB (IN) [guided, no lift]</name>
    <description><![CDATA[<b>Eastern Himalayan riding through tea, forest and mountain villages</b><br/><br/><b>Trails</b><br/>The Temi and Ravangla area provides steep jeep tracks, tea-garden lanes, forest paths and long mountain-road links beneath views toward Kanchenjunga. Sikkim promotes multiple mountain-bike routes and a state MTB tour, but this remains guided regional riding rather than a formal trail centre.<br/><br/><b>Getting up / price</b><br/>No lift. Arrange rental, permits, guiding and vehicle support in Gangtok or through Sikkim Tourism. Do not enter tea estates, protected forests or village land without permission.<br/><br/><b>Open season</b><br/>Best October-May, with the clearest conditions in autumn and spring. Avoid the June-September monsoon because landslides and saturated trails are common.<br/><br/><b>Access</b><table class="access"><tr><th>From</th><th>Transport</th><th>Duration</th></tr><tr><td>Gangtok</td><td>Guide vehicle</td><td>~2h30</td></tr><tr><td>Bagdogra airport</td><td>Car</td><td>~4h</td></tr></table><br/><i>Source: <a href="https://www.sikkim.gov.in/department/departmentmenudetails?url=Menu%3Dtourism-civil-aviation-department%2Fadventure-tourism">Government of Sikkim adventure tourism</a>.</i>]]></description>
    <styleUrl>#placemark-brown</styleUrl>
    <Point><coordinates>88.4228,27.2360,0</coordinates></Point>
    <ExtendedData xmlns:mwm="https://omaps.app">
      <Data name="spot"><value>temi-sikkim-mtb</value></Data><Data name="tags"><value>beginner expert natural</value></Data>
      <Data name="open_from"><value>10-01</value></Data><Data name="closed_from"><value>06-01</value></Data>
      <mwm:icon>Mountain</mwm:icon><mwm:visibility>1</mwm:visibility>
    </ExtendedData>
  </Placemark>
  <Placemark>
    <name>Darjeeling / Senchal MTB (West Bengal, IN) [guided, no lift]</name>
    <description><![CDATA[<b>Tea-hill and forest descents beneath Kanchenjunga views</b><br/><br/><b>Trails</b><br/>Steep estate roads, rocky village tracks and forest routes around Darjeeling, Senchal and Tiger Hill create short technical descents and longer cross-country days. Many attractive paths are hiking trails, protected forest or private tea-estate land, so legal route selection matters.<br/><br/><b>Getting up / price</b><br/>No lift. Use a local cycling guide and vehicle drop where permitted. The Rangeet Valley cable car is a sightseeing installation and should not be assumed to carry mountain bikes.<br/><br/><b>Open season</b><br/>Best October-May. Monsoon rain from June-September brings deep mud, poor visibility and landslide risk.<br/><br/><b>Access</b><table class="access"><tr><th>From</th><th>Transport</th><th>Duration</th></tr><tr><td>Darjeeling</td><td>Bike / guide vehicle</td><td>~30 min</td></tr><tr><td>Bagdogra airport</td><td>Car</td><td>~3h</td></tr></table><br/><i>Regional riding pin based around Senchal. See <a href="https://www.incredibleindia.gov.in/en/west-bengal/darjeeling">Incredible India - Darjeeling</a> and verify every off-road section locally.</i>]]></description>
    <styleUrl>#placemark-brown</styleUrl>
    <Point><coordinates>88.2670,26.9965,0</coordinates></Point>
    <ExtendedData xmlns:mwm="https://omaps.app">
      <Data name="spot"><value>darjeeling-senchal-mtb</value></Data><Data name="tags"><value>expert natural</value></Data>
      <Data name="open_from"><value>10-01</value></Data><Data name="closed_from"><value>06-01</value></Data>
      <mwm:icon>Mountain</mwm:icon><mwm:visibility>1</mwm:visibility>
    </ExtendedData>
  </Placemark>
  <Placemark>
    <name>Da Lat Pine Forest MTB (Vietnam) [guided, no lift]</name>
    <description><![CDATA[<b>Vietnam's cool-climate pine-forest riding hub</b><br/><br/><b>Trails</b><br/>Dirt roads and natural trails north of Da Lat cross the Langbiang Plateau through pine forest, farms and rolling highland terrain. Routes can be linked into technical singletrack and longer cross-country days, but there is no signed gravity bike park.<br/><br/><b>Getting up / price</b><br/>No lift. Rent locally or book a guide and vehicle transfer from Da Lat. Bidoup-Nui Ba and other protected areas require adherence to park access rules.<br/><br/><b>Open season</b><br/>Best December-April in the drier season. May-November rain makes red dirt and roots slippery, although guided rides operate year-round when conditions permit.<br/><br/><b>Access</b><table class="access"><tr><th>From</th><th>Transport</th><th>Duration</th></tr><tr><td>Da Lat centre</td><td>Bike / shuttle</td><td>~25 min</td></tr><tr><td>Da Lat airport</td><td>Car</td><td>~45 min</td></tr></table><br/><i>Source: <a href="https://vietnam.travel/things-to-do/8-things-to-do-in-dalat">Vietnam Tourism</a>, which recommends mountain biking the pine-forest dirt trails north of the city.</i>]]></description>
    <styleUrl>#placemark-brown</styleUrl>
    <Point><coordinates>108.4400,12.0300,0</coordinates></Point>
    <ExtendedData xmlns:mwm="https://omaps.app">
      <Data name="spot"><value>da-lat-mtb</value></Data><Data name="tags"><value>beginner expert natural</value></Data>
      <Data name="open_from"><value>12-01</value></Data><Data name="closed_from"><value>05-01</value></Data>
      <mwm:icon>Mountain</mwm:icon><mwm:visibility>1</mwm:visibility>
    </ExtendedData>
  </Placemark>
  <Placemark>
    <name>Sapa Valley MTB (Vietnam) [guided, no lift]</name>
    <description><![CDATA[<b>Rice-terrace and mountain-village riding in northern Vietnam</b><br/><br/><b>Trails</b><br/>Steep roads, buffalo tracks and mixed dirt paths descend through rice terraces and Hmong villages around Sapa and the Muong Hoa valley. The riding is scenic and culturally sensitive rather than park-built, ranging from accessible valley tours to technical wet singletrack.<br/><br/><b>Getting up / price</b><br/>No lift. Mountain-bike rental and guided tours are available in Sapa; use a local guide for village access, route finding and point-to-point vehicle support.<br/><br/><b>Open season</b><br/>Best in April-May and September-October. Summer is hot and wet; winter can be cold, foggy and occasionally icy at altitude.<br/><br/><b>Access</b><table class="access"><tr><th>From</th><th>Transport</th><th>Duration</th></tr><tr><td>Sapa centre</td><td>Bike</td><td>Immediate</td></tr><tr><td>Hanoi</td><td>Bus / train + van</td><td>~5-8h</td></tr></table><br/><i>Source: <a href="https://www.vietnam.travel/places-to-go/northern-vietnam/sapa">Vietnam Tourism</a>. Ride respectfully through working farms and villages.</i>]]></description>
    <styleUrl>#placemark-brown</styleUrl>
    <Point><coordinates>103.8440,22.3360,0</coordinates></Point>
    <ExtendedData xmlns:mwm="https://omaps.app">
      <Data name="spot"><value>sapa-valley-mtb</value></Data><Data name="tags"><value>beginner expert natural</value></Data>
      <Data name="open_from"><value>09-01</value></Data><Data name="closed_from"><value>06-01</value></Data>
      <mwm:icon>Mountain</mwm:icon><mwm:visibility>1</mwm:visibility>
    </ExtendedData>
  </Placemark>
  <Placemark>
    <name>Hafjell Bike Park (Norway) [lift]</name>
    <description><![CDATA[<b>Norway's benchmark lift-served downhill park</b><br/><br/><b>Trails</b><br/>Seventeen green-to-black trails cover roughly 28 km, mixing long machine-built flow, jump lines and World Cup-grade technical downhill over substantial vertical. Roller Coaster alone packs 60 jumps and 36 berms.<br/><br/><b>Getting up / price</b><br/>Gondola and chairlift uplift with rentals at the base. Current day-pass prices vary by date; buy through the operator.<br/><br/><b>Open season</b><br/>Typically mid-June to mid-October: weekends at each end and daily in high summer. <br/>Daily opening hours: 10:00-16:00<br/><small>Typical published hours; operating days vary across the season.</small><br/><br/><b>Access</b><table class="access"><tr><th>From</th><th>Transport</th><th>Duration</th></tr><tr><td>Lillehammer</td><td>Car / bus</td><td>~20 min</td></tr><tr><td>Oslo</td><td>Car</td><td>~2h30</td></tr></table><br/><i>Source: <a href="https://www.hafjellresort.no/hafjell-bike-park">official Hafjell Bike Park</a>.</i>]]></description>
    <styleUrl>#placemark-blue</styleUrl>
    <Point><coordinates>10.4530,61.2310,0</coordinates></Point>
    <ExtendedData xmlns:mwm="https://omaps.app">
      <Data name="spot"><value>hafjell-bike-park</value></Data><Data name="tags"><value>beginner expert bikepark</value></Data>
      <Data name="open_from"><value>06-15</value></Data><Data name="closed_from"><value>10-16</value></Data>
      <mwm:icon>Transport</mwm:icon><mwm:visibility>1</mwm:visibility>
    </ExtendedData>
  </Placemark>
  <Placemark>
    <name>Trysil Bike Park (Norway) [chairlift]</name>
    <description><![CDATA[<b>Large progression-focused trail destination at Trysilfjellet</b><br/><br/><b>Trails</b><br/>Lift-served flow trails with berms, jumps and drops connect to the wider Trysil Bike Arena, including around 30 km of built trails near the main centre. Options range from family progression to fast expert lines.<br/><br/><b>Getting up / price</b><br/>Fjellekspressen chairlift carries bikes; a bike pass is required. Pedal-access trail networks remain available beyond lift days.<br/><br/><b>Open season</b><br/>Published 2026 lift season: selected dates from 5 June through 11 October, daily 20 June-16 August and during autumn holidays. <br/>Daily opening hours: 10:00-16:00<br/><small>Published standard lift hours; selected evening extensions apply.</small><br/><br/><b>Access</b><table class="access"><tr><th>From</th><th>Transport</th><th>Duration</th></tr><tr><td>Oslo</td><td>Car / bus</td><td>~2h45</td></tr></table><br/><i>Source: <a href="https://www.trysil.com/stisykling/sommerapen-heis/">official 2026 summer lift schedule</a>.</i>]]></description>
    <styleUrl>#placemark-blue</styleUrl>
    <Point><coordinates>12.1645,61.3065,0</coordinates></Point>
    <ExtendedData xmlns:mwm="https://omaps.app">
      <Data name="spot"><value>trysil-bike-park</value></Data><Data name="tags"><value>beginner expert bikepark</value></Data>
      <Data name="open_from"><value>06-05</value></Data><Data name="closed_from"><value>10-12</value></Data>
      <mwm:icon>Transport</mwm:icon><mwm:visibility>1</mwm:visibility>
    </ExtendedData>
  </Placemark>
  <Placemark>
    <name>Are Bike Park (Sweden) [gondola / chairlift]</name>
    <description><![CDATA[<b>Scandinavia's largest lift-served bike park</b><br/><br/><b>Trails</b><br/>Around 40 downhill trails descend from exposed rock slabs into forest, including the long Easy Rider flow line, technical Hallrajd and the classic rocky 1000-metersleden. Separate trail and XC areas add substantial pedal riding.<br/><br/><b>Getting up / price</b><br/>VM8 chairlift and gondola serve the downhill network. Bike pass, rental and guiding are available in Are village.<br/><br/><b>Open season</b><br/>Published 2026 downhill season: weekends from 5 June, daily 21 June-30 August, then Thursday-Sunday through 27 September. <br/>Daily opening hours: 10:00-16:00<br/><small>Published 2026 standard hours; lift and trail status can vary.</small><br/><br/><b>Access</b><table class="access"><tr><th>From</th><th>Transport</th><th>Duration</th></tr><tr><td>Ostersund</td><td>Train / car</td><td>~1h30</td></tr></table><br/><i>Sources: <a href="https://aresweden.com/en/lifts-and-lift-pass-are-summer/">Are summer lifts</a> and <a href="https://areguiderna.se/are-bike-park/">Are Bike Park guide</a>.</i>]]></description>
    <styleUrl>#placemark-blue</styleUrl>
    <Point><coordinates>13.0758,63.3990,0</coordinates></Point>
    <ExtendedData xmlns:mwm="https://omaps.app">
      <Data name="spot"><value>are-bike-park</value></Data><Data name="tags"><value>beginner expert bikepark</value></Data>
      <Data name="open_from"><value>06-05</value></Data><Data name="closed_from"><value>09-28</value></Data>
      <mwm:icon>Transport</mwm:icon><mwm:visibility>1</mwm:visibility>
    </ExtendedData>
  </Placemark>
  <Placemark>
    <name>Jarvso Bergscykel Park (Sweden) [lift]</name>
    <description><![CDATA[<b>Dedicated Swedish downhill park with strong progression</b><br/><br/><b>Trails</b><br/>Purpose-built green, blue, red and black downhill lines combine smooth berms and jumps with rougher forest technical terrain. Registration is required before riding, with rental and instruction at the base.<br/><br/><b>Getting up / price</b><br/>Lift-served bike park; purchase a bike pass and complete the rider registration.<br/><br/><b>Open season</b><br/>Published 2026 season: 14 May-1 November, daily 22 May-30 August, then Friday-Sunday plus autumn holidays. <br/>Daily opening hours: 09:30-16:00<br/><small>Published standard hours; some Fridays and Saturdays extend to 17:00.</small><br/><br/><b>Access</b><table class="access"><tr><th>From</th><th>Transport</th><th>Duration</th></tr><tr><td>Stockholm</td><td>Train / car</td><td>~3h</td></tr></table><br/><i>Source: <a href="https://jarvsobergscykelpark.se/en/info/opening-hours/">official 2026 opening hours</a>.</i>]]></description>
    <styleUrl>#placemark-blue</styleUrl>
    <Point><coordinates>16.1680,61.7140,0</coordinates></Point>
    <ExtendedData xmlns:mwm="https://omaps.app">
      <Data name="spot"><value>jarvso-bike-park</value></Data><Data name="tags"><value>beginner expert bikepark</value></Data>
      <Data name="open_from"><value>05-14</value></Data><Data name="closed_from"><value>11-02</value></Data>
      <mwm:icon>Transport</mwm:icon><mwm:visibility>1</mwm:visibility>
    </ExtendedData>
  </Placemark>
  <Placemark>
    <name>Levi Bike Park (Finland) [gondola / chairlift]</name>
    <description><![CDATA[<b>Lapland lift-served park with long flow and enduro trails</b><br/><br/><b>Trails</b><br/>Thirteen bike-park routes and a wider 114 km MTB network range from the Hidden Forest beginner skills area to technical black lines. Northern Flow runs for more than 4 km from the fell.<br/><br/><b>Getting up / price</b><br/>Gondola2000 and Express lifts carry bikes. Rental, protection and instruction are available at Gondolitie.<br/><br/><b>Open season</b><br/>Published 2026 bike-park season: 19 June-20 September. <br/>Daily opening hours: 10:00-18:00<br/><small>Published 2026 bike-park and rental hours.</small><br/><br/><b>Access</b><table class="access"><tr><th>From</th><th>Transport</th><th>Duration</th></tr><tr><td>Kittila airport</td><td>Bus / car</td><td>~15 min</td></tr></table><br/><i>Source: <a href="https://www.levi.fi/en/biking/bike-park/">official Levi Bike Park</a>.</i>]]></description>
    <styleUrl>#placemark-blue</styleUrl>
    <Point><coordinates>24.8055,67.7830,0</coordinates></Point>
    <ExtendedData xmlns:mwm="https://omaps.app">
      <Data name="spot"><value>levi-bike-park</value></Data><Data name="tags"><value>beginner expert bikepark</value></Data>
      <Data name="open_from"><value>06-19</value></Data><Data name="closed_from"><value>09-21</value></Data>
      <mwm:icon>Transport</mwm:icon><mwm:visibility>1</mwm:visibility>
    </ExtendedData>
  </Placemark>
  <Placemark>
    <name>Postavaru Bike Park (Poiana Brasov, RO) [gondola]</name>
    <description><![CDATA[<b>Brasov's lift-served Carpathian gravity network</b><br/><br/><b>Trails</b><br/>Long natural descents from Postavaru combine roots, loam, rocks and purpose-built bike-park sections, with lines for intermediate through expert riders. Conditions change quickly after rain and trail works.<br/><br/><b>Getting up / price</b><br/>Poiana Brasov gondola access is used for bike uplift when summer operations permit. Confirm bike carriage, current trails and pass price before departure.<br/><br/><b>Open season</b><br/>Typically late May-October, subject to maintenance and weather. 2026 trail preparation was underway in May. <br/>Daily opening hours: 09:00-17:00<br/><small>Typical summer estimate; verify gondola bike carriage and live trail status.</small><br/><br/><b>Access</b><table class="access"><tr><th>From</th><th>Transport</th><th>Duration</th></tr><tr><td>Brasov</td><td>Bus / car</td><td>~30 min</td></tr></table><br/><i>Current 2026 riding is documented by local Brasov reporting; verify status with Poiana Brasov.</i><br/><br/><i>Source: <a href="https://www.poianabrasov.com/en/">Poiana Brasov</a>. Prices, schedules, trail status and access can change; verify before travel.</i>]]></description>
    <styleUrl>#placemark-blue</styleUrl>
    <Point><coordinates>25.5520,45.5985,0</coordinates></Point>
    <ExtendedData xmlns:mwm="https://omaps.app">
      <Data name="spot"><value>postavaru-bike-park</value></Data><Data name="tags"><value>expert bikepark</value></Data>
      <Data name="open_from"><value>05-25</value></Data><Data name="closed_from"><value>11-01</value></Data>
      <mwm:icon>Transport</mwm:icon><mwm:visibility>1</mwm:visibility>
    </ExtendedData>
  </Placemark>
  <Placemark>
    <name>Bike Resort Sinaia (Romania) [gondola]</name>
    <description><![CDATA[<b>Romania's first official gondola-served bike resort</b><br/><br/><b>Trails</b><br/>Four downhill, all-mountain and XC routes total about 10 km between Cota 1400 and the lower gondola, including Easy Breezy and Fairy Trail. The upper Cota 2000 sector is not part of the prepared MTB network.<br/><br/><b>Getting up / price</b><br/>Sinaia gondola section 1000-1400 provides bike uplift. Check the daily cableway programme and bike tariff before riding.<br/><br/><b>Open season</b><br/>Typical May-October operation, subject to gondola maintenance, wind and wet-trail closures. <br/>Daily opening hours: 09:00-17:00<br/><small>Typical summer estimate; check the official gondola programme.</small><br/><br/><b>Access</b><table class="access"><tr><th>From</th><th>Transport</th><th>Duration</th></tr><tr><td>Bucharest</td><td>Train / car</td><td>~1h45</td></tr></table><br/><i>Source: <a href="https://sinaiago.ro/bike-resort/">official Bike Resort Sinaia</a>.</i>]]></description>
    <styleUrl>#placemark-blue</styleUrl>
    <Point><coordinates>25.5523,45.3513,0</coordinates></Point>
    <ExtendedData xmlns:mwm="https://omaps.app">
      <Data name="spot"><value>sinaia-bike-resort</value></Data><Data name="tags"><value>beginner expert bikepark</value></Data>
      <Data name="open_from"><value>05-15</value></Data><Data name="closed_from"><value>11-01</value></Data>
      <mwm:icon>Transport</mwm:icon><mwm:visibility>1</mwm:visibility>
    </ExtendedData>
  </Placemark>
  <Placemark>
    <name>Bukovel Bike Park (Ukraine) [chairlift, UAH 800/day]</name>
    <description><![CDATA[<b>Ukraine's principal lift-served downhill park</b><br/><br/><b>Trails</b><br/>One blue, two red and one black downhill trail use jumps, narrow bridges and natural forest obstacles. Lift 2 carries bicycles.<br/><br/><b>Getting up / price</b><br/>2026 advertised adult price: UAH 800/day, UAH 550 half-day or UAH 350 single ride.<br/><br/><p class="warn">&#9888;&#65039; Ukraine remains at war. Missile and drone attacks can occur in western regions; multiple governments advise against non-essential or all travel. Do not treat resort operation as evidence that travel is safe.</p><b>Open season</b><br/>Summer operation is advertised, but dates and security conditions can change without notice. <br/>Daily opening hours: 09:00-18:00<br/><small>Published hours; security, curfew, weather and lift closures can override them.</small><br/><br/><b>Access</b><table class="access"><tr><th>From</th><th>Transport</th><th>Duration</th></tr><tr><td>Ivano-Frankivsk</td><td>Car / bus</td><td>~2h</td></tr></table><br/><i>Sources: <a href="https://bukovel.com/en/summer/velopark">official Bukovel Bike Park</a> and <a href="https://www.gov.uk/foreign-travel-advice/ukraine">current Ukraine travel advice</a>.</i>]]></description>
    <styleUrl>#placemark-blue</styleUrl>
    <Point><coordinates>24.4450,48.3590,0</coordinates></Point>
    <ExtendedData xmlns:mwm="https://omaps.app">
      <Data name="spot"><value>bukovel-bike-park</value></Data><Data name="tags"><value>beginner expert bikepark</value></Data>
      <Data name="open_from"><value>06-01</value></Data><Data name="closed_from"><value>10-01</value></Data>
      <Data name="price_day"><value>800 UAH</value></Data>
      <mwm:icon>Transport</mwm:icon><mwm:visibility>1</mwm:visibility>
    </ExtendedData>
  </Placemark>
  <Placemark>
    <name>Epleny Bike Park (Hungary) [chairlift]</name>
    <description><![CDATA[<b>Hungary's main lift-accessed forest bike park</b><br/><br/><b>Trails</b><br/>Built downhill and enduro lines use the wooded Siarena slope, with berms, jumps and race sections plus easier family and e-bike riding nearby.<br/><br/><b>Getting up / price</b><br/>The four-seat chairlift provides summer uplift on scheduled bike-park days. Verify the live calendar and ticket price because it is not a continuous daily operation.<br/><br/><b>Open season</b><br/>Selected spring-to-autumn dates and events; confirm each visit directly. <br/>Daily opening hours: 09:00-17:00<br/><small>Event-day estimate; verify the bike-park and chairlift calendar.</small><br/><br/><b>Access</b><table class="access"><tr><th>From</th><th>Transport</th><th>Duration</th></tr><tr><td>Budapest</td><td>Car</td><td>~1h30</td></tr><tr><td>Veszprem</td><td>Car</td><td>~25 min</td></tr></table><br/><i>Source: <a href="https://siarena.hu/">official Siarena Vibe Park</a>.</i>]]></description>
    <styleUrl>#placemark-blue</styleUrl>
    <Point><coordinates>17.9160,47.2110,0</coordinates></Point>
    <ExtendedData xmlns:mwm="https://omaps.app">
      <Data name="spot"><value>epleny-bike-park</value></Data><Data name="tags"><value>beginner expert bikepark</value></Data>
      <Data name="open_from"><value>05-01</value></Data><Data name="closed_from"><value>11-01</value></Data>
      <mwm:icon>Transport</mwm:icon><mwm:visibility>1</mwm:visibility>
    </ExtendedData>
  </Placemark>
  <Placemark>
    <name>Erciyes Bike Park (Kayseri, Turkey) [uplift status unverified]</name>
    <description><![CDATA[<b>High volcanic downhill terrain on Mount Erciyes</b><br/><br/><b>Trails</b><br/>Erciyes developed Turkey's first dedicated downhill courses and has hosted European downhill racing, with multiple difficulty levels and a children's skills area on open volcanic terrain.<br/><br/><b>Getting up / price</b><br/>Resort lifts exist and planning documents describe bike transport, but current 2026 public bicycle uplift, maintained routes and pricing were not verified. Contact Erciyes before travel.<br/><br/><b>Open season</b><br/>Potential June-October season; high-altitude snow, wind and maintenance apply. <br/>Daily opening hours: 09:00-17:00<br/><small>Typical estimate; current bicycle uplift and trail operation are unverified.</small><br/><br/><b>Access</b><table class="access"><tr><th>From</th><th>Transport</th><th>Duration</th></tr><tr><td>Kayseri</td><td>Car / bus</td><td>~30 min</td></tr></table><br/><i>Sources: <a href="https://www.kayseri.bel.tr/haberler/erciyeste-bisiklet-ve-aktivite-parki-sezonu-acildi14004">Kayseri municipality bike-park announcement</a> and Erciyes resort information.</i>]]></description>
    <styleUrl>#placemark-blue</styleUrl>
    <Point><coordinates>35.5260,38.5320,0</coordinates></Point>
    <ExtendedData xmlns:mwm="https://omaps.app">
      <Data name="spot"><value>erciyes-bike-park</value></Data><Data name="tags"><value>beginner expert bikepark</value></Data>
      <Data name="open_from"><value>06-01</value></Data><Data name="closed_from"><value>10-16</value></Data>
      <mwm:icon>Transport</mwm:icon><mwm:visibility>1</mwm:visibility>
    </ExtendedData>
  </Placemark>
  <Placemark>
    <name>Jonkershoek / Stellenbosch MTB (South Africa) [permit, no lift]</name>
    <description><![CDATA[<b>World-class Cape mountain and winelands trail network</b><br/><br/><b>Trails</b><br/>Long fire-road climbs feed rocky natural descents, flow trails, jumps and technical enduro lines around MTO Jonkershoek and the broader Stellenbosch network. The regional permit connects many neighbouring trail systems.<br/><br/><b>Getting up / price</b><br/>No lift. Buy the correct day or regional permit before entering; the MTB network is on MTO land near, but administratively distinct from, the CapeNature reserve.<br/><br/><b>Open season</b><br/>Rideable year-round, best in the cooler dry periods. Fire danger, forestry work and winter storms cause closures.<br/><br/><b>Access</b><table class="access"><tr><th>From</th><th>Transport</th><th>Duration</th></tr><tr><td>Stellenbosch</td><td>Bike / car</td><td>~15 min</td></tr><tr><td>Cape Town</td><td>Car</td><td>~1h</td></tr></table><br/><i>Sources: <a href="https://winelandstrails.com/">Wine Lands Trails permit</a> and <a href="https://stellenboschtrailfund.co.za/">Stellenbosch Trail Fund</a>.</i>]]></description>
    <styleUrl>#placemark-brown</styleUrl>
    <Point><coordinates>18.9620,-33.9980,0</coordinates></Point>
    <ExtendedData xmlns:mwm="https://omaps.app">
      <Data name="spot"><value>jonkershoek-mtb</value></Data><Data name="tags"><value>beginner expert natural</value></Data>
      <Data name="open_from"><value>01-01</value></Data><Data name="closed_from"><value>01-01</value></Data>
      <mwm:icon>Mountain</mwm:icon><mwm:visibility>1</mwm:visibility>
    </ExtendedData>
  </Placemark>
  <Placemark>
    <name>Karkloof Country Club MTB (South Africa) [permit, no lift]</name>
    <description><![CDATA[<b>Major KwaZulu-Natal plantation singletrack network</b><br/><br/><b>Trails</b><br/>More than 300 km of riding crosses forestry land, river valleys and waterfall country. Marked loops range from short family rides to 55 km, with advanced optional features inside easier routes.<br/><br/><b>Getting up / price</b><br/>No lift. Day visitors must start at Karkloof Country Club, pay before riding, sign the indemnity and display the issued bike board. Private-land vehicle drops are prohibited.<br/><br/><b>Open season</b><br/>Open year-round subject to forestry, fire and weather closures.<br/><br/><b>Access</b><table class="access"><tr><th>From</th><th>Transport</th><th>Duration</th></tr><tr><td>Howick</td><td>Car</td><td>~20 min</td></tr><tr><td>Durban</td><td>Car</td><td>~1h30</td></tr></table><br/><i>Source: <a href="https://www.karkloofclub.co.za/visitors-members/">official visitor and permit rules</a>.</i>]]></description>
    <styleUrl>#placemark-brown</styleUrl>
    <Point><coordinates>30.2637,-29.3828,0</coordinates></Point>
    <ExtendedData xmlns:mwm="https://omaps.app">
      <Data name="spot"><value>karkloof-mtb</value></Data><Data name="tags"><value>beginner expert natural</value></Data>
      <Data name="open_from"><value>01-01</value></Data><Data name="closed_from"><value>01-01</value></Data>
      <mwm:icon>Mountain</mwm:icon><mwm:visibility>1</mwm:visibility>
    </ExtendedData>
  </Placemark>
  <Placemark>
    <name>Afriski Mountain MTB (Lesotho) [no summer lift confirmed]</name>
    <description><![CDATA[<b>High-altitude Maloti Mountain riding above 3,000 m</b><br/><br/><b>Trails</b><br/>Natural and built lines around Afriski include short flow and downhill trails such as Break Back Mountain and Bosman's Way, with broader highland tracks extending toward Mahlasela Pass. Thin air, rock and severe weather make even short rides demanding.<br/><br/><b>Getting up / price</b><br/>No summer bike uplift is currently confirmed. Pedal, arrange resort transport or ride as part of an organized event; do not assume the winter ski lift carries bikes.<br/><br/><b>Open season</b><br/>Best September-May outside the main snow season. Storms, snow and high winds can occur at any time.<br/><br/><b>Access</b><table class="access"><tr><th>From</th><th>Transport</th><th>Duration</th></tr><tr><td>Butha-Buthe</td><td>Car</td><td>~2h</td></tr><tr><td>Johannesburg</td><td>Car</td><td>~5h</td></tr></table><br/><i>Sources: <a href="https://www.visitlesotho.org.ls/place-to-visit/highlands-ski-route">Visit Lesotho</a> and current mapped Afriski trails. Check border, road and resort status.</i>]]></description>
    <styleUrl>#placemark-brown</styleUrl>
    <Point><coordinates>28.7280,-28.8230,0</coordinates></Point>
    <ExtendedData xmlns:mwm="https://omaps.app">
      <Data name="spot"><value>afriski-mtb</value></Data><Data name="tags"><value>expert natural</value></Data>
      <Data name="open_from"><value>09-01</value></Data><Data name="closed_from"><value>06-01</value></Data>
      <mwm:icon>Mountain</mwm:icon><mwm:visibility>1</mwm:visibility>
    </ExtendedData>
  </Placemark>
  <Placemark>
    <name>Alyeska Bike Park [check operator]</name>
    <description><![CDATA[<b>Alyeska Bike Park - Girdwood, AK</b><br/><br/><b>Trails</b><br/>14 miles of maintained downhill and gravity trails with purpose-built descending terrain. Check the current trail map for grades, closures and bike requirements.<br/><br/><b>Getting up / price</b><br/>2 chairlifts. Day-ticket pricing varies by date; check the operator before travel.<br/><br/><b>Open season</b><br/>June – September (directory indication; weather and maintenance can shorten the season).<br/>Daily opening hours: 09:00-17:00<br/><small>Typical operating-day estimate; verify the operator calendar and hours.</small><br/><br/><b>Access</b><table class="access"><tr><th>From</th><th>Transport</th><th>Duration</th></tr><tr><td>Girdwood</td><td>Car</td><td>Local</td></tr></table><br/><i>Sources: <a href="https://alyeskaresort.com/alyeska-bike-park/">operator information</a> and <a href="https://www.twowheeledwanderer.com/posts/mountain-bike-parks-united-states/">US downhill bike-park directory</a>. Prices, schedules, trail status and access can change; verify before travel.</i>]]></description>
    <styleUrl>#placemark-blue</styleUrl>
    <Point><coordinates>-149.133697,60.963246,0</coordinates></Point>
    <ExtendedData xmlns:mwm="https://omaps.app">
      <Data name="spot"><value>us-alyeska-bike-park</value></Data>
      <Data name="tags"><value>beginner expert bikepark</value></Data>
      <Data name="open_from"><value>06-01</value></Data>
      <Data name="closed_from"><value>10-01</value></Data>
      <mwm:icon>Transport</mwm:icon><mwm:visibility>1</mwm:visibility>
    </ExtendedData>
  </Placemark>
  <Placemark>
    <name>Sunrise Bike Park [check operator]</name>
    <description><![CDATA[<b>Sunrise Bike Park - Greer, AZ</b><br/><br/><b>Trails</b><br/>17 miles of maintained downhill and gravity trails with purpose-built descending terrain. Check the current trail map for grades, closures and bike requirements.<br/><br/><b>Getting up / price</b><br/>2 chairlifts. Day-ticket pricing varies by date; check the operator before travel.<br/><br/><b>Open season</b><br/>May – October (directory indication; weather and maintenance can shorten the season).<br/>Daily opening hours: 09:00-17:00<br/><small>Typical operating-day estimate; verify the operator calendar and hours.</small><br/><br/><b>Access</b><table class="access"><tr><th>From</th><th>Transport</th><th>Duration</th></tr><tr><td>Greer</td><td>Car</td><td>Local</td></tr></table><br/><i>Sources: <a href="https://www.sunrise.ski/summer/downhill-mountain-biking/">operator information</a> and <a href="https://www.twowheeledwanderer.com/posts/mountain-bike-parks-united-states/">US downhill bike-park directory</a>. Prices, schedules, trail status and access can change; verify before travel.</i>]]></description>
    <styleUrl>#placemark-blue</styleUrl>
    <Point><coordinates>-109.458701,34.010048,0</coordinates></Point>
    <ExtendedData xmlns:mwm="https://omaps.app">
      <Data name="spot"><value>us-sunrise-bike-park</value></Data>
      <Data name="tags"><value>beginner expert bikepark</value></Data>
      <Data name="open_from"><value>05-01</value></Data>
      <Data name="closed_from"><value>11-01</value></Data>
      <mwm:icon>Transport</mwm:icon><mwm:visibility>1</mwm:visibility>
    </ExtendedData>
  </Placemark>
  <Placemark>
    <name>Lake Leatherwood Gravity Project [check operator]</name>
    <description><![CDATA[<b>Lake Leatherwood Gravity Project - Eureka Springs, AR</b><br/><br/><b>Trails</b><br/>6 miles (not including the nearby XC trails) of maintained downhill and gravity trails with purpose-built descending terrain. Check the current trail map for grades, closures and bike requirements.<br/><br/><b>Getting up / price</b><br/>1 shuttle bus. Day-ticket pricing varies by date; check the operator before travel.<br/><br/><b>Open season</b><br/>Year-round (directory indication; weather and maintenance can shorten the season).<br/>Daily opening hours: 09:00-17:00<br/><small>Typical operating-day estimate; verify the operator calendar and hours.</small><br/><br/><b>Access</b><table class="access"><tr><th>From</th><th>Transport</th><th>Duration</th></tr><tr><td>Eureka Springs</td><td>Car</td><td>Local</td></tr></table><br/><i>Sources: <a href="https://www.slaughtertrailguides.com/downhillallday">operator information</a> and <a href="https://www.twowheeledwanderer.com/posts/mountain-bike-parks-united-states/">US downhill bike-park directory</a>. Prices, schedules, trail status and access can change; verify before travel.</i>]]></description>
    <styleUrl>#placemark-blue</styleUrl>
    <Point><coordinates>-93.739242,36.400080,0</coordinates></Point>
    <ExtendedData xmlns:mwm="https://omaps.app">
      <Data name="spot"><value>us-lake-leatherwood-gravity-project</value></Data>
      <Data name="tags"><value>beginner expert bikepark</value></Data>
      <Data name="open_from"><value>01-01</value></Data>
      <Data name="closed_from"><value>01-01</value></Data>
      <mwm:icon>Transport</mwm:icon><mwm:visibility>1</mwm:visibility>
    </ExtendedData>
  </Placemark>
  <Placemark>
    <name>Buffalo River Outdoor Center [check operator]</name>
    <description><![CDATA[<b>Buffalo River Outdoor Center - Ponca, AR</b><br/><br/><b>Trails</b><br/>11 miles of downhill + 40 miles cross-country of maintained downhill and gravity trails with purpose-built descending terrain. Check the current trail map for grades, closures and bike requirements.<br/><br/><b>Getting up / price</b><br/>1 shuttle bus. Day-ticket pricing varies by date; check the operator before travel.<br/><br/><b>Open season</b><br/>Year-round depending on conditions (directory indication; weather and maintenance can shorten the season).<br/>Daily opening hours: 09:00-17:00<br/><small>Typical operating-day estimate; verify the operator calendar and hours.</small><br/><br/><b>Access</b><table class="access"><tr><th>From</th><th>Transport</th><th>Duration</th></tr><tr><td>Ponca</td><td>Car</td><td>Local</td></tr></table><br/><i>Sources: <a href="https://www.buffaloriver.com/biking/">operator information</a> and <a href="https://www.twowheeledwanderer.com/posts/mountain-bike-parks-united-states/">US downhill bike-park directory</a>. Prices, schedules, trail status and access can change; verify before travel.</i>]]></description>
    <styleUrl>#placemark-blue</styleUrl>
    <Point><coordinates>-93.364626,36.024243,0</coordinates></Point>
    <ExtendedData xmlns:mwm="https://omaps.app">
      <Data name="spot"><value>us-buffalo-river-outdoor-center</value></Data>
      <Data name="tags"><value>beginner expert bikepark</value></Data>
      <Data name="open_from"><value>01-01</value></Data>
      <Data name="closed_from"><value>01-01</value></Data>
      <mwm:icon>Transport</mwm:icon><mwm:visibility>1</mwm:visibility>
    </ExtendedData>
  </Placemark>
  <Placemark>
    <name>China Peak Bike Park [check operator]</name>
    <description><![CDATA[<b>China Peak Bike Park - Lakeshore, CA</b><br/><br/><b>Trails</b><br/>21 miles of maintained downhill and gravity trails with purpose-built descending terrain. Check the current trail map for grades, closures and bike requirements.<br/><br/><b>Getting up / price</b><br/>1 chairlift. Day-ticket pricing varies by date; check the operator before travel.<br/><br/><b>Open season</b><br/>June – September (directory indication; weather and maintenance can shorten the season).<br/>Daily opening hours: 09:00-17:00<br/><small>Typical operating-day estimate; verify the operator calendar and hours.</small><br/><br/><b>Access</b><table class="access"><tr><th>From</th><th>Transport</th><th>Duration</th></tr><tr><td>Lakeshore</td><td>Car</td><td>Local</td></tr></table><br/><i>Sources: <a href="https://www.skichinapeak.com/mountain-biking-scenic-chair-rides">operator information</a> and <a href="https://www.twowheeledwanderer.com/posts/mountain-bike-parks-united-states/">US downhill bike-park directory</a>. Prices, schedules, trail status and access can change; verify before travel.</i>]]></description>
    <styleUrl>#placemark-blue</styleUrl>
    <Point><coordinates>-86.786603,33.468895,0</coordinates></Point>
    <ExtendedData xmlns:mwm="https://omaps.app">
      <Data name="spot"><value>us-china-peak-bike-park</value></Data>
      <Data name="tags"><value>beginner expert bikepark</value></Data>
      <Data name="open_from"><value>06-01</value></Data>
      <Data name="closed_from"><value>10-01</value></Data>
      <mwm:icon>Transport</mwm:icon><mwm:visibility>1</mwm:visibility>
    </ExtendedData>
  </Placemark>
  <Placemark>
    <name>Mammoth Mountain Bike Park [check operator]</name>
    <description><![CDATA[<b>Mammoth Mountain Bike Park - Mammoth Lakes, CA</b><br/><br/><b>Trails</b><br/>80+ miles of maintained downhill and gravity trails with purpose-built descending terrain. Check the current trail map for grades, closures and bike requirements.<br/><br/><b>Getting up / price</b><br/>1 gondola, 3 chairlifts, 1 bus shuttle. Day-ticket pricing varies by date; check the operator before travel.<br/><br/><b>Open season</b><br/>May/June (depending on snowpack) - September (directory indication; weather and maintenance can shorten the season).<br/>Daily opening hours: 09:00-17:00<br/><small>Typical operating-day estimate; verify the operator calendar and hours.</small><br/><br/><b>Access</b><table class="access"><tr><th>From</th><th>Transport</th><th>Duration</th></tr><tr><td>Mammoth Lakes</td><td>Car</td><td>Local</td></tr></table><br/><i>Sources: <a href="https://www.mammothmountain.com/things-to-do/activities/bike-park">operator information</a> and <a href="https://www.twowheeledwanderer.com/posts/mountain-bike-parks-united-states/">US downhill bike-park directory</a>. Prices, schedules, trail status and access can change; verify before travel.</i>]]></description>
    <styleUrl>#placemark-blue</styleUrl>
    <Point><coordinates>-118.966851,37.643253,0</coordinates></Point>
    <ExtendedData xmlns:mwm="https://omaps.app">
      <Data name="spot"><value>us-mammoth-mountain-bike-park</value></Data>
      <Data name="tags"><value>beginner expert bikepark</value></Data>
      <Data name="open_from"><value>05-01</value></Data>
      <Data name="closed_from"><value>10-01</value></Data>
      <mwm:icon>Transport</mwm:icon><mwm:visibility>1</mwm:visibility>
    </ExtendedData>
  </Placemark>
  <Placemark>
    <name>Snow Summit Bike Park [check operator]</name>
    <description><![CDATA[<b>Snow Summit Bike Park - Big Bear, CA</b><br/><br/><b>Trails</b><br/>15 miles of maintained downhill and gravity trails with purpose-built descending terrain. Check the current trail map for grades, closures and bike requirements.<br/><br/><b>Getting up / price</b><br/>2 chairlifts. Day-ticket pricing varies by date; check the operator before travel.<br/><br/><b>Open season</b><br/>June - October (directory indication; weather and maintenance can shorten the season).<br/>Daily opening hours: 09:00-17:00<br/><small>Typical operating-day estimate; verify the operator calendar and hours.</small><br/><br/><b>Access</b><table class="access"><tr><th>From</th><th>Transport</th><th>Duration</th></tr><tr><td>Big Bear</td><td>Car</td><td>Local</td></tr></table><br/><i>Sources: <a href="https://www.bigbearmountainresort.com/mountain-biking">operator information</a> and <a href="https://www.twowheeledwanderer.com/posts/mountain-bike-parks-united-states/">US downhill bike-park directory</a>. Prices, schedules, trail status and access can change; verify before travel.</i>]]></description>
    <styleUrl>#placemark-blue</styleUrl>
    <Point><coordinates>-110.776801,32.323648,0</coordinates></Point>
    <ExtendedData xmlns:mwm="https://omaps.app">
      <Data name="spot"><value>us-snow-summit-bike-park</value></Data>
      <Data name="tags"><value>beginner expert bikepark</value></Data>
      <Data name="open_from"><value>06-01</value></Data>
      <Data name="closed_from"><value>11-01</value></Data>
      <mwm:icon>Transport</mwm:icon><mwm:visibility>1</mwm:visibility>
    </ExtendedData>
  </Placemark>
  <Placemark>
    <name>Snow Valley Bike Park [check operator]</name>
    <description><![CDATA[<b>Snow Valley Bike Park - Running Springs, CA</b><br/><br/><b>Trails</b><br/>7 miles of maintained downhill and gravity trails with purpose-built descending terrain. Check the current trail map for grades, closures and bike requirements.<br/><br/><b>Getting up / price</b><br/>1 chairlift. Day-ticket pricing varies by date; check the operator before travel.<br/><br/><b>Open season</b><br/>May - October (directory indication; weather and maintenance can shorten the season).<br/>Daily opening hours: 09:00-17:00<br/><small>Typical operating-day estimate; verify the operator calendar and hours.</small><br/><br/><b>Access</b><table class="access"><tr><th>From</th><th>Transport</th><th>Duration</th></tr><tr><td>Running Springs</td><td>Car</td><td>Local</td></tr></table><br/><i>Sources: <a href="https://www.bigbearmountainresort.com/things-to-do/events/snow-valley-bike-park-opening-day">operator information</a> and <a href="https://www.twowheeledwanderer.com/posts/mountain-bike-parks-united-states/">US downhill bike-park directory</a>. Prices, schedules, trail status and access can change; verify before travel.</i>]]></description>
    <styleUrl>#placemark-blue</styleUrl>
    <Point><coordinates>-117.109204,34.207786,0</coordinates></Point>
    <ExtendedData xmlns:mwm="https://omaps.app">
      <Data name="spot"><value>us-snow-valley-bike-park</value></Data>
      <Data name="tags"><value>beginner expert bikepark</value></Data>
      <Data name="open_from"><value>05-01</value></Data>
      <Data name="closed_from"><value>11-01</value></Data>
      <mwm:icon>Transport</mwm:icon><mwm:visibility>1</mwm:visibility>
    </ExtendedData>
  </Placemark>
  <Placemark>
    <name>Northstar Bike Park [check operator]</name>
    <description><![CDATA[<b>Northstar Bike Park - Truckee, CA</b><br/><br/><b>Trails</b><br/>45+ miles of maintained downhill and gravity trails with purpose-built descending terrain. Check the current trail map for grades, closures and bike requirements.<br/><br/><b>Getting up / price</b><br/>1 gondola, 2 chairlifts. Day-ticket pricing varies by date; check the operator before travel.<br/><br/><b>Open season</b><br/>June - September (directory indication; weather and maintenance can shorten the season).<br/>Daily opening hours: 09:00-17:00<br/><small>Typical operating-day estimate; verify the operator calendar and hours.</small><br/><br/><b>Access</b><table class="access"><tr><th>From</th><th>Transport</th><th>Duration</th></tr><tr><td>Truckee</td><td>Car</td><td>Local</td></tr></table><br/><i>Sources: <a href="https://www.northstarcalifornia.com/explore-the-resort/activities-and-events/summer-activities/bike-and-hike/mountain-biking.aspx">operator information</a> and <a href="https://www.twowheeledwanderer.com/posts/mountain-bike-parks-united-states/">US downhill bike-park directory</a>. Prices, schedules, trail status and access can change; verify before travel.</i>]]></description>
    <styleUrl>#placemark-blue</styleUrl>
    <Point><coordinates>-120.183577,39.327945,0</coordinates></Point>
    <ExtendedData xmlns:mwm="https://omaps.app">
      <Data name="spot"><value>us-northstar-bike-park</value></Data>
      <Data name="tags"><value>beginner expert bikepark</value></Data>
      <Data name="open_from"><value>06-01</value></Data>
      <Data name="closed_from"><value>10-01</value></Data>
      <mwm:icon>Transport</mwm:icon><mwm:visibility>1</mwm:visibility>
    </ExtendedData>
  </Placemark>
  <Placemark>
    <name>Woodward Bike Park [check operator]</name>
    <description><![CDATA[<b>Woodward Bike Park - Tahoe, CA</b><br/><br/><b>Trails</b><br/>Not sure of maintained downhill and gravity trails with purpose-built descending terrain. Check the current trail map for grades, closures and bike requirements.<br/><br/><b>Getting up / price</b><br/>1 chairlift. Day-ticket pricing varies by date; check the operator before travel.<br/><br/><b>Open season</b><br/>May - October (directory indication; weather and maintenance can shorten the season).<br/>Daily opening hours: 09:00-17:00<br/><small>Typical operating-day estimate; verify the operator calendar and hours.</small><br/><br/><b>Access</b><table class="access"><tr><th>From</th><th>Transport</th><th>Duration</th></tr><tr><td>Tahoe</td><td>Car</td><td>Local</td></tr></table><br/><i>Sources: <a href="https://www.rideboreal.com/explore/who-we-are/woodward-tahoe/">operator information</a> and <a href="https://www.twowheeledwanderer.com/posts/mountain-bike-parks-united-states/">US downhill bike-park directory</a>. Prices, schedules, trail status and access can change; verify before travel.</i>]]></description>
    <styleUrl>#placemark-blue</styleUrl>
    <Point><coordinates>-119.475515,39.514068,0</coordinates></Point>
    <ExtendedData xmlns:mwm="https://omaps.app">
      <Data name="spot"><value>us-woodward-bike-park</value></Data>
      <Data name="tags"><value>beginner expert bikepark</value></Data>
      <Data name="open_from"><value>05-01</value></Data>
      <Data name="closed_from"><value>11-01</value></Data>
      <mwm:icon>Transport</mwm:icon><mwm:visibility>1</mwm:visibility>
    </ExtendedData>
  </Placemark>
  <Placemark>
    <name>Beaver Creek Bike Park [check operator]</name>
    <description><![CDATA[<b>Beaver Creek Bike Park - Avon, CO</b><br/><br/><b>Trails</b><br/>46 miles of cross-country terrain of maintained downhill and gravity trails with purpose-built descending terrain. Check the current trail map for grades, closures and bike requirements.<br/><br/><b>Getting up / price</b><br/>1 chairlift. Day-ticket pricing varies by date; check the operator before travel.<br/><br/><b>Open season</b><br/>May/June – September (directory indication; weather and maintenance can shorten the season).<br/>Daily opening hours: 09:00-17:00<br/><small>Typical operating-day estimate; verify the operator calendar and hours.</small><br/><br/><b>Access</b><table class="access"><tr><th>From</th><th>Transport</th><th>Duration</th></tr><tr><td>Avon</td><td>Car</td><td>Local</td></tr></table><br/><i>Sources: <a href="https://www.beavercreek.com/explore-the-resort/activities/summer-activities/bike-haul.aspx">operator information</a> and <a href="https://www.twowheeledwanderer.com/posts/mountain-bike-parks-united-states/">US downhill bike-park directory</a>. Prices, schedules, trail status and access can change; verify before travel.</i>]]></description>
    <styleUrl>#placemark-blue</styleUrl>
    <Point><coordinates>-97.415302,32.967360,0</coordinates></Point>
    <ExtendedData xmlns:mwm="https://omaps.app">
      <Data name="spot"><value>us-beaver-creek-bike-park</value></Data>
      <Data name="tags"><value>beginner expert bikepark</value></Data>
      <Data name="open_from"><value>05-01</value></Data>
      <Data name="closed_from"><value>10-01</value></Data>
      <mwm:icon>Transport</mwm:icon><mwm:visibility>1</mwm:visibility>
    </ExtendedData>
  </Placemark>
  <Placemark>
    <name>Copper Mountain Bike Park [check operator]</name>
    <description><![CDATA[<b>Copper Mountain Bike Park - Copper Mountain, CO</b><br/><br/><b>Trails</b><br/>18 miles of maintained downhill and gravity trails with purpose-built descending terrain. Check the current trail map for grades, closures and bike requirements.<br/><br/><b>Getting up / price</b><br/>1 chairlift. Day-ticket pricing varies by date; check the operator before travel.<br/><br/><b>Open season</b><br/>June – September (directory indication; weather and maintenance can shorten the season).<br/>Daily opening hours: 09:00-17:00<br/><small>Typical operating-day estimate; verify the operator calendar and hours.</small><br/><br/><b>Access</b><table class="access"><tr><th>From</th><th>Transport</th><th>Duration</th></tr><tr><td>Copper Mountain</td><td>Car</td><td>Local</td></tr></table><br/><i>Sources: <a href="https://www.coppercolorado.com/things-to-do/activities-amenities/activities-at-copper?season=summer">operator information</a> and <a href="https://www.twowheeledwanderer.com/posts/mountain-bike-parks-united-states/">US downhill bike-park directory</a>. Prices, schedules, trail status and access can change; verify before travel.</i>]]></description>
    <styleUrl>#placemark-blue</styleUrl>
    <Point><coordinates>-132.604610,55.238176,0</coordinates></Point>
    <ExtendedData xmlns:mwm="https://omaps.app">
      <Data name="spot"><value>us-copper-mountain-bike-park</value></Data>
      <Data name="tags"><value>beginner expert bikepark</value></Data>
      <Data name="open_from"><value>06-01</value></Data>
      <Data name="closed_from"><value>10-01</value></Data>
      <mwm:icon>Transport</mwm:icon><mwm:visibility>1</mwm:visibility>
    </ExtendedData>
  </Placemark>
  <Placemark>
    <name>Crested Butte Bike Park [check operator]</name>
    <description><![CDATA[<b>Crested Butte Bike Park - Crested Butte, CO</b><br/><br/><b>Trails</b><br/>30 miles of maintained downhill and gravity trails with purpose-built descending terrain. Check the current trail map for grades, closures and bike requirements.<br/><br/><b>Getting up / price</b><br/>1 chairlift. Day-ticket pricing varies by date; check the operator before travel.<br/><br/><b>Open season</b><br/>June – September (directory indication; weather and maintenance can shorten the season).<br/>Daily opening hours: 09:00-17:00<br/><small>Typical operating-day estimate; verify the operator calendar and hours.</small><br/><br/><b>Access</b><table class="access"><tr><th>From</th><th>Transport</th><th>Duration</th></tr><tr><td>Crested Butte</td><td>Car</td><td>Local</td></tr></table><br/><i>Sources: <a href="https://www.skicb.com/explore-the-resort/activities-and-events/cb-bike-park.aspx">operator information</a> and <a href="https://www.twowheeledwanderer.com/posts/mountain-bike-parks-united-states/">US downhill bike-park directory</a>. Prices, schedules, trail status and access can change; verify before travel.</i>]]></description>
    <styleUrl>#placemark-blue</styleUrl>
    <Point><coordinates>-106.984043,38.869820,0</coordinates></Point>
    <ExtendedData xmlns:mwm="https://omaps.app">
      <Data name="spot"><value>us-crested-butte-bike-park</value></Data>
      <Data name="tags"><value>beginner expert bikepark</value></Data>
      <Data name="open_from"><value>06-01</value></Data>
      <Data name="closed_from"><value>10-01</value></Data>
      <mwm:icon>Transport</mwm:icon><mwm:visibility>1</mwm:visibility>
    </ExtendedData>
  </Placemark>
  <Placemark>
    <name>Granby Ranch Bike Park [check operator]</name>
    <description><![CDATA[<b>Granby Ranch Bike Park - Granby, CO</b><br/><br/><b>Trails</b><br/>61 miles including trails outside the bike park of maintained downhill and gravity trails with purpose-built descending terrain. Check the current trail map for grades, closures and bike requirements.<br/><br/><b>Getting up / price</b><br/>1 chairlift. Day-ticket pricing varies by date; check the operator before travel.<br/><br/><b>Open season</b><br/>June – September (directory indication; weather and maintenance can shorten the season).<br/>Daily opening hours: 09:00-17:00<br/><small>Typical operating-day estimate; verify the operator calendar and hours.</small><br/><br/><b>Access</b><table class="access"><tr><th>From</th><th>Transport</th><th>Duration</th></tr><tr><td>Granby</td><td>Car</td><td>Local</td></tr></table><br/><i>Sources: <a href="https://granbyranch.com/things-to-do/summer-activities/biking/">operator information</a> and <a href="https://www.twowheeledwanderer.com/posts/mountain-bike-parks-united-states/">US downhill bike-park directory</a>. Prices, schedules, trail status and access can change; verify before travel.</i>]]></description>
    <styleUrl>#placemark-blue</styleUrl>
    <Point><coordinates>-105.939459,40.086097,0</coordinates></Point>
    <ExtendedData xmlns:mwm="https://omaps.app">
      <Data name="spot"><value>us-granby-ranch-bike-park</value></Data>
      <Data name="tags"><value>beginner expert bikepark</value></Data>
      <Data name="open_from"><value>06-01</value></Data>
      <Data name="closed_from"><value>10-01</value></Data>
      <mwm:icon>Transport</mwm:icon><mwm:visibility>1</mwm:visibility>
    </ExtendedData>
  </Placemark>
  <Placemark>
    <name>Keystone Bike Park [check operator]</name>
    <description><![CDATA[<b>Keystone Bike Park - Keystone, CO</b><br/><br/><b>Trails</b><br/>100+ miles including backcountry terrain of maintained downhill and gravity trails with purpose-built descending terrain. Check the current trail map for grades, closures and bike requirements.<br/><br/><b>Getting up / price</b><br/>1 chairlift. Day-ticket pricing varies by date; check the operator before travel.<br/><br/><b>Open season</b><br/>June – September (directory indication; weather and maintenance can shorten the season).<br/>Daily opening hours: 09:00-17:00<br/><small>Typical operating-day estimate; verify the operator calendar and hours.</small><br/><br/><b>Access</b><table class="access"><tr><th>From</th><th>Transport</th><th>Duration</th></tr><tr><td>Keystone</td><td>Car</td><td>Local</td></tr></table><br/><i>Sources: <a href="https://www.keystoneresort.com/explore-the-resort/activities-and-events/summer-activities/mountain-biking.aspx">operator information</a> and <a href="https://www.twowheeledwanderer.com/posts/mountain-bike-parks-united-states/">US downhill bike-park directory</a>. Prices, schedules, trail status and access can change; verify before travel.</i>]]></description>
    <styleUrl>#placemark-blue</styleUrl>
    <Point><coordinates>-104.796858,39.531937,0</coordinates></Point>
    <ExtendedData xmlns:mwm="https://omaps.app">
      <Data name="spot"><value>us-keystone-bike-park</value></Data>
      <Data name="tags"><value>beginner expert bikepark</value></Data>
      <Data name="open_from"><value>06-01</value></Data>
      <Data name="closed_from"><value>10-01</value></Data>
      <mwm:icon>Transport</mwm:icon><mwm:visibility>1</mwm:visibility>
    </ExtendedData>
  </Placemark>
  <Placemark>
    <name>Telluride Bike Park [check operator]</name>
    <description><![CDATA[<b>Telluride Bike Park - Telluride, CO</b><br/><br/><b>Trails</b><br/>17 miles of maintained downhill and gravity trails with purpose-built descending terrain. Check the current trail map for grades, closures and bike requirements.<br/><br/><b>Getting up / price</b><br/>1 gondola and 1 chairlift. Day-ticket pricing varies by date; check the operator before travel.<br/><br/><b>Open season</b><br/>June – October (directory indication; weather and maintenance can shorten the season).<br/>Daily opening hours: 09:00-17:00<br/><small>Typical operating-day estimate; verify the operator calendar and hours.</small><br/><br/><b>Access</b><table class="access"><tr><th>From</th><th>Transport</th><th>Duration</th></tr><tr><td>Telluride</td><td>Car</td><td>Local</td></tr></table><br/><i>Sources: <a href="https://tellurideskiresort.com/bike-park/">operator information</a> and <a href="https://www.twowheeledwanderer.com/posts/mountain-bike-parks-united-states/">US downhill bike-park directory</a>. Prices, schedules, trail status and access can change; verify before travel.</i>]]></description>
    <styleUrl>#placemark-blue</styleUrl>
    <Point><coordinates>-111.601091,33.202450,0</coordinates></Point>
    <ExtendedData xmlns:mwm="https://omaps.app">
      <Data name="spot"><value>us-telluride-bike-park</value></Data>
      <Data name="tags"><value>beginner expert bikepark</value></Data>
      <Data name="open_from"><value>06-01</value></Data>
      <Data name="closed_from"><value>11-01</value></Data>
      <mwm:icon>Transport</mwm:icon><mwm:visibility>1</mwm:visibility>
    </ExtendedData>
  </Placemark>
  <Placemark>
    <name>Snowmass Bike Park [check operator]</name>
    <description><![CDATA[<b>Snowmass Bike Park - Aspen, CO</b><br/><br/><b>Trails</b><br/>50+ miles of maintained downhill and gravity trails with purpose-built descending terrain. Check the current trail map for grades, closures and bike requirements.<br/><br/><b>Getting up / price</b><br/>1 gondola and 1 chairlift. Day-ticket pricing varies by date; check the operator before travel.<br/><br/><b>Open season</b><br/>June – September (directory indication; weather and maintenance can shorten the season).<br/>Daily opening hours: 09:00-17:00<br/><small>Typical operating-day estimate; verify the operator calendar and hours.</small><br/><br/><b>Access</b><table class="access"><tr><th>From</th><th>Transport</th><th>Duration</th></tr><tr><td>Aspen</td><td>Car</td><td>Local</td></tr></table><br/><i>Sources: <a href="https://www.aspensnowmass.com/plan-your-stay/biking/snowmass-bike-park">operator information</a> and <a href="https://www.twowheeledwanderer.com/posts/mountain-bike-parks-united-states/">US downhill bike-park directory</a>. Prices, schedules, trail status and access can change; verify before travel.</i>]]></description>
    <styleUrl>#placemark-blue</styleUrl>
    <Point><coordinates>-112.128778,35.190569,0</coordinates></Point>
    <ExtendedData xmlns:mwm="https://omaps.app">
      <Data name="spot"><value>us-snowmass-bike-park</value></Data>
      <Data name="tags"><value>beginner expert bikepark</value></Data>
      <Data name="open_from"><value>06-01</value></Data>
      <Data name="closed_from"><value>10-01</value></Data>
      <mwm:icon>Transport</mwm:icon><mwm:visibility>1</mwm:visibility>
    </ExtendedData>
  </Placemark>
  <Placemark>
    <name>Powderhorn Bike Park [check operator]</name>
    <description><![CDATA[<b>Powderhorn Bike Park - Palisade, CO</b><br/><br/><b>Trails</b><br/>13 miles of maintained downhill and gravity trails with purpose-built descending terrain. Check the current trail map for grades, closures and bike requirements.<br/><br/><b>Getting up / price</b><br/>1 chairlift. Day-ticket pricing varies by date; check the operator before travel.<br/><br/><b>Open season</b><br/>June – September (directory indication; weather and maintenance can shorten the season).<br/>Daily opening hours: 09:00-17:00<br/><small>Typical operating-day estimate; verify the operator calendar and hours.</small><br/><br/><b>Access</b><table class="access"><tr><th>From</th><th>Transport</th><th>Duration</th></tr><tr><td>Palisade</td><td>Car</td><td>Local</td></tr></table><br/><i>Sources: <a href="https://www.powderhorn.com/activities-and-groups/summer-activities/mountain-biking.html">operator information</a> and <a href="https://www.twowheeledwanderer.com/posts/mountain-bike-parks-united-states/">US downhill bike-park directory</a>. Prices, schedules, trail status and access can change; verify before travel.</i>]]></description>
    <styleUrl>#placemark-blue</styleUrl>
    <Point><coordinates>-109.893960,31.976890,0</coordinates></Point>
    <ExtendedData xmlns:mwm="https://omaps.app">
      <Data name="spot"><value>us-powderhorn-bike-park</value></Data>
      <Data name="tags"><value>beginner expert bikepark</value></Data>
      <Data name="open_from"><value>06-01</value></Data>
      <Data name="closed_from"><value>10-01</value></Data>
      <mwm:icon>Transport</mwm:icon><mwm:visibility>1</mwm:visibility>
    </ExtendedData>
  </Placemark>
  <Placemark>
    <name>Purgatory Bike Park [check operator]</name>
    <description><![CDATA[<b>Purgatory Bike Park - Durango, CO</b><br/><br/><b>Trails</b><br/>45 miles of maintained downhill and gravity trails with purpose-built descending terrain. Check the current trail map for grades, closures and bike requirements.<br/><br/><b>Getting up / price</b><br/>2 chairlifts. Day-ticket pricing varies by date; check the operator before travel.<br/><br/><b>Open season</b><br/>June – September (directory indication; weather and maintenance can shorten the season).<br/>Daily opening hours: 09:00-17:00<br/><small>Typical operating-day estimate; verify the operator calendar and hours.</small><br/><br/><b>Access</b><table class="access"><tr><th>From</th><th>Transport</th><th>Duration</th></tr><tr><td>Durango</td><td>Car</td><td>Local</td></tr></table><br/><i>Sources: <a href="https://www.purgatoryresort.com/activities/mtn-bike-uplift/">operator information</a> and <a href="https://www.twowheeledwanderer.com/posts/mountain-bike-parks-united-states/">US downhill bike-park directory</a>. Prices, schedules, trail status and access can change; verify before travel.</i>]]></description>
    <styleUrl>#placemark-blue</styleUrl>
    <Point><coordinates>-112.119969,33.426703,0</coordinates></Point>
    <ExtendedData xmlns:mwm="https://omaps.app">
      <Data name="spot"><value>us-purgatory-bike-park</value></Data>
      <Data name="tags"><value>beginner expert bikepark</value></Data>
      <Data name="open_from"><value>06-01</value></Data>
      <Data name="closed_from"><value>10-01</value></Data>
      <mwm:icon>Transport</mwm:icon><mwm:visibility>1</mwm:visibility>
    </ExtendedData>
  </Placemark>
  <Placemark>
    <name>Steamboat Springs Bike Park [check operator]</name>
    <description><![CDATA[<b>Steamboat Springs Bike Park - Steamboat Springs, CO</b><br/><br/><b>Trails</b><br/>40 miles of maintained downhill and gravity trails with purpose-built descending terrain. Check the current trail map for grades, closures and bike requirements.<br/><br/><b>Getting up / price</b><br/>1 chairlift. Day-ticket pricing varies by date; check the operator before travel.<br/><br/><b>Open season</b><br/>June – September (directory indication; weather and maintenance can shorten the season).<br/>Daily opening hours: 09:00-17:00<br/><small>Typical operating-day estimate; verify the operator calendar and hours.</small><br/><br/><b>Access</b><table class="access"><tr><th>From</th><th>Transport</th><th>Duration</th></tr><tr><td>Steamboat Springs</td><td>Car</td><td>Local</td></tr></table><br/><i>Sources: <a href="https://www.steamboat.com/things-to-do/activities/mountain-biking">operator information</a> and <a href="https://www.twowheeledwanderer.com/posts/mountain-bike-parks-united-states/">US downhill bike-park directory</a>. Prices, schedules, trail status and access can change; verify before travel.</i>]]></description>
    <styleUrl>#placemark-blue</styleUrl>
    <Point><coordinates>-106.831735,40.484800,0</coordinates></Point>
    <ExtendedData xmlns:mwm="https://omaps.app">
      <Data name="spot"><value>us-steamboat-springs-bike-park</value></Data>
      <Data name="tags"><value>beginner expert bikepark</value></Data>
      <Data name="open_from"><value>06-01</value></Data>
      <Data name="closed_from"><value>10-01</value></Data>
      <mwm:icon>Transport</mwm:icon><mwm:visibility>1</mwm:visibility>
    </ExtendedData>
  </Placemark>
  <Placemark>
    <name>Trestle Bike Park [check operator]</name>
    <description><![CDATA[<b>Trestle Bike Park - Winter Park, CO</b><br/><br/><b>Trails</b><br/>40+ miles of maintained downhill and gravity trails with purpose-built descending terrain. Check the current trail map for grades, closures and bike requirements.<br/><br/><b>Getting up / price</b><br/>1 gondola, 2 chairlifts. Day-ticket pricing varies by date; check the operator before travel.<br/><br/><b>Open season</b><br/>June – September (directory indication; weather and maintenance can shorten the season).<br/>Daily opening hours: 09:00-17:00<br/><small>Typical operating-day estimate; verify the operator calendar and hours.</small><br/><br/><b>Access</b><table class="access"><tr><th>From</th><th>Transport</th><th>Duration</th></tr><tr><td>Winter Park</td><td>Car</td><td>Local</td></tr></table><br/><i>Sources: <a href="https://www.trestlebikepark.com/">operator information</a> and <a href="https://www.twowheeledwanderer.com/posts/mountain-bike-parks-united-states/">US downhill bike-park directory</a>. Prices, schedules, trail status and access can change; verify before travel.</i>]]></description>
    <styleUrl>#placemark-blue</styleUrl>
    <Point><coordinates>-105.760279,39.857264,0</coordinates></Point>
    <ExtendedData xmlns:mwm="https://omaps.app">
      <Data name="spot"><value>us-trestle-bike-park</value></Data>
      <Data name="tags"><value>beginner expert bikepark</value></Data>
      <Data name="open_from"><value>06-01</value></Data>
      <Data name="closed_from"><value>10-01</value></Data>
      <mwm:icon>Transport</mwm:icon><mwm:visibility>1</mwm:visibility>
    </ExtendedData>
  </Placemark>
  <Placemark>
    <name>Vail Bike Park [check operator]</name>
    <description><![CDATA[<b>Vail Bike Park - Vail, CO</b><br/><br/><b>Trails</b><br/>63 miles of maintained downhill and gravity trails with purpose-built descending terrain. Check the current trail map for grades, closures and bike requirements.<br/><br/><b>Getting up / price</b><br/>2 gondolas. Day-ticket pricing varies by date; check the operator before travel.<br/><br/><b>Open season</b><br/>June – September/October (directory indication; weather and maintenance can shorten the season).<br/>Daily opening hours: 09:00-17:00<br/><small>Typical operating-day estimate; verify the operator calendar and hours.</small><br/><br/><b>Access</b><table class="access"><tr><th>From</th><th>Transport</th><th>Duration</th></tr><tr><td>Vail</td><td>Car</td><td>Local</td></tr></table><br/><i>Sources: <a href="https://www.vail.com/explore-the-resort/activities-and-events/summer-activities/mountain-biking.aspx">operator information</a> and <a href="https://www.twowheeledwanderer.com/posts/mountain-bike-parks-united-states/">US downhill bike-park directory</a>. Prices, schedules, trail status and access can change; verify before travel.</i>]]></description>
    <styleUrl>#placemark-blue</styleUrl>
    <Point><coordinates>-106.388630,39.644124,0</coordinates></Point>
    <ExtendedData xmlns:mwm="https://omaps.app">
      <Data name="spot"><value>us-vail-bike-park</value></Data>
      <Data name="tags"><value>beginner expert bikepark</value></Data>
      <Data name="open_from"><value>06-01</value></Data>
      <Data name="closed_from"><value>11-01</value></Data>
      <mwm:icon>Transport</mwm:icon><mwm:visibility>1</mwm:visibility>
    </ExtendedData>
  </Placemark>
  <Placemark>
    <name>Powder Ridge Bike Park [check operator]</name>
    <description><![CDATA[<b>Powder Ridge Bike Park - Middlefield, CT</b><br/><br/><b>Trails</b><br/>7 miles of maintained downhill and gravity trails with purpose-built descending terrain. Check the current trail map for grades, closures and bike requirements.<br/><br/><b>Getting up / price</b><br/>1 chairlift. Day-ticket pricing varies by date; check the operator before travel.<br/><br/><b>Open season</b><br/>April – November (directory indication; weather and maintenance can shorten the season).<br/>Daily opening hours: 09:00-17:00<br/><small>Typical operating-day estimate; verify the operator calendar and hours.</small><br/><br/><b>Access</b><table class="access"><tr><th>From</th><th>Transport</th><th>Duration</th></tr><tr><td>Middlefield</td><td>Car</td><td>Local</td></tr></table><br/><i>Sources: <a href="https://powderridgepark.com/activities/mountain-bike/">operator information</a> and <a href="https://www.twowheeledwanderer.com/posts/mountain-bike-parks-united-states/">US downhill bike-park directory</a>. Prices, schedules, trail status and access can change; verify before travel.</i>]]></description>
    <styleUrl>#placemark-blue</styleUrl>
    <Point><coordinates>-72.712079,41.516516,0</coordinates></Point>
    <ExtendedData xmlns:mwm="https://omaps.app">
      <Data name="spot"><value>us-powder-ridge-bike-park</value></Data>
      <Data name="tags"><value>beginner expert bikepark</value></Data>
      <Data name="open_from"><value>04-01</value></Data>
      <Data name="closed_from"><value>12-01</value></Data>
      <mwm:icon>Transport</mwm:icon><mwm:visibility>1</mwm:visibility>
    </ExtendedData>
  </Placemark>
  <Placemark>
    <name>Jarrod’s Place Bike Park [check operator]</name>
    <description><![CDATA[<b>Jarrod’s Place Bike Park - Summerville, GA</b><br/><br/><b>Trails</b><br/>8 miles of maintained downhill and gravity trails with purpose-built descending terrain. Check the current trail map for grades, closures and bike requirements.<br/><br/><b>Getting up / price</b><br/>1 shuttle. Day-ticket pricing varies by date; check the operator before travel.<br/><br/><b>Open season</b><br/>Year-round (weather dependent) (directory indication; weather and maintenance can shorten the season).<br/>Daily opening hours: 09:00-17:00<br/><small>Typical operating-day estimate; verify the operator calendar and hours.</small><br/><br/><b>Access</b><table class="access"><tr><th>From</th><th>Transport</th><th>Duration</th></tr><tr><td>Summerville</td><td>Car</td><td>Local</td></tr></table><br/><i>Sources: <a href="https://jarrodsplacebikepark.com/">operator information</a> and <a href="https://www.twowheeledwanderer.com/posts/mountain-bike-parks-united-states/">US downhill bike-park directory</a>. Prices, schedules, trail status and access can change; verify before travel.</i>]]></description>
    <styleUrl>#placemark-blue</styleUrl>
    <Point><coordinates>-85.347734,34.480642,0</coordinates></Point>
    <ExtendedData xmlns:mwm="https://omaps.app">
      <Data name="spot"><value>us-jarrods-place-bike-park</value></Data>
      <Data name="tags"><value>beginner expert bikepark</value></Data>
      <Data name="open_from"><value>01-01</value></Data>
      <Data name="closed_from"><value>01-01</value></Data>
      <mwm:icon>Transport</mwm:icon><mwm:visibility>1</mwm:visibility>
    </ExtendedData>
  </Placemark>
  <Placemark>
    <name>Bogus Basin Bike Park [check operator]</name>
    <description><![CDATA[<b>Bogus Basin Bike Park - Boise, ID</b><br/><br/><b>Trails</b><br/>20 miles of maintained downhill and gravity trails with purpose-built descending terrain. Check the current trail map for grades, closures and bike requirements.<br/><br/><b>Getting up / price</b><br/>1 chairlift. Day-ticket pricing varies by date; check the operator before travel.<br/><br/><b>Open season</b><br/>June – October (directory indication; weather and maintenance can shorten the season).<br/>Daily opening hours: 09:00-17:00<br/><small>Typical operating-day estimate; verify the operator calendar and hours.</small><br/><br/><b>Access</b><table class="access"><tr><th>From</th><th>Transport</th><th>Duration</th></tr><tr><td>Boise</td><td>Car</td><td>Local</td></tr></table><br/><i>Sources: <a href="https://bogusbasin.org/your-mountain/things-to-do/summer-activities/mountain-biking/the-basin-gravity-park/">operator information</a> and <a href="https://www.twowheeledwanderer.com/posts/mountain-bike-parks-united-states/">US downhill bike-park directory</a>. Prices, schedules, trail status and access can change; verify before travel.</i>]]></description>
    <styleUrl>#placemark-blue</styleUrl>
    <Point><coordinates>-116.126210,43.737199,0</coordinates></Point>
    <ExtendedData xmlns:mwm="https://omaps.app">
      <Data name="spot"><value>us-bogus-basin-bike-park</value></Data>
      <Data name="tags"><value>beginner expert bikepark</value></Data>
      <Data name="open_from"><value>06-01</value></Data>
      <Data name="closed_from"><value>11-01</value></Data>
      <mwm:icon>Transport</mwm:icon><mwm:visibility>1</mwm:visibility>
    </ExtendedData>
  </Placemark>
  <Placemark>
    <name>Brundage Mountain Bike Park [check operator]</name>
    <description><![CDATA[<b>Brundage Mountain Bike Park - McCall, ID</b><br/><br/><b>Trails</b><br/>26 miles of maintained downhill and gravity trails with purpose-built descending terrain. Check the current trail map for grades, closures and bike requirements.<br/><br/><b>Getting up / price</b><br/>1 chairlift. Day-ticket pricing varies by date; check the operator before travel.<br/><br/><b>Open season</b><br/>June – September (directory indication; weather and maintenance can shorten the season).<br/>Daily opening hours: 09:00-17:00<br/><small>Typical operating-day estimate; verify the operator calendar and hours.</small><br/><br/><b>Access</b><table class="access"><tr><th>From</th><th>Transport</th><th>Duration</th></tr><tr><td>McCall</td><td>Car</td><td>Local</td></tr></table><br/><i>Sources: <a href="https://brundage.com/mountain-biking/">operator information</a> and <a href="https://www.twowheeledwanderer.com/posts/mountain-bike-parks-united-states/">US downhill bike-park directory</a>. Prices, schedules, trail status and access can change; verify before travel.</i>]]></description>
    <styleUrl>#placemark-blue</styleUrl>
    <Point><coordinates>-116.098281,44.911046,0</coordinates></Point>
    <ExtendedData xmlns:mwm="https://omaps.app">
      <Data name="spot"><value>us-brundage-mountain-bike-park</value></Data>
      <Data name="tags"><value>beginner expert bikepark</value></Data>
      <Data name="open_from"><value>06-01</value></Data>
      <Data name="closed_from"><value>10-01</value></Data>
      <mwm:icon>Transport</mwm:icon><mwm:visibility>1</mwm:visibility>
    </ExtendedData>
  </Placemark>
  <Placemark>
    <name>Schweitzer Mountain Bike Park [check operator]</name>
    <description><![CDATA[<b>Schweitzer Mountain Bike Park - Sandpoint, ID</b><br/><br/><b>Trails</b><br/>40 miles of maintained downhill and gravity trails with purpose-built descending terrain. Check the current trail map for grades, closures and bike requirements.<br/><br/><b>Getting up / price</b><br/>1 chairlift &amp; 1 shuttle for lower basin trails. Day-ticket pricing varies by date; check the operator before travel.<br/><br/><b>Open season</b><br/>June – September (directory indication; weather and maintenance can shorten the season).<br/>Daily opening hours: 09:00-17:00<br/><small>Typical operating-day estimate; verify the operator calendar and hours.</small><br/><br/><b>Access</b><table class="access"><tr><th>From</th><th>Transport</th><th>Duration</th></tr><tr><td>Sandpoint</td><td>Car</td><td>Local</td></tr></table><br/><i>Sources: <a href="https://www.schweitzer.com/things-to-do/activities/mountain-biking">operator information</a> and <a href="https://www.twowheeledwanderer.com/posts/mountain-bike-parks-united-states/">US downhill bike-park directory</a>. Prices, schedules, trail status and access can change; verify before travel.</i>]]></description>
    <styleUrl>#placemark-blue</styleUrl>
    <Point><coordinates>-116.548783,48.276131,0</coordinates></Point>
    <ExtendedData xmlns:mwm="https://omaps.app">
      <Data name="spot"><value>us-schweitzer-mountain-bike-park</value></Data>
      <Data name="tags"><value>beginner expert bikepark</value></Data>
      <Data name="open_from"><value>06-01</value></Data>
      <Data name="closed_from"><value>10-01</value></Data>
      <mwm:icon>Transport</mwm:icon><mwm:visibility>1</mwm:visibility>
    </ExtendedData>
  </Placemark>
  <Placemark>
    <name>Silver Mountain Bike Park [check operator]</name>
    <description><![CDATA[<b>Silver Mountain Bike Park - Kellogg, ID</b><br/><br/><b>Trails</b><br/>40 miles of maintained downhill and gravity trails with purpose-built descending terrain. Check the current trail map for grades, closures and bike requirements.<br/><br/><b>Getting up / price</b><br/>1 gondola, 1 chairlift. Day-ticket pricing varies by date; check the operator before travel.<br/><br/><b>Open season</b><br/>May – October (directory indication; weather and maintenance can shorten the season).<br/>Daily opening hours: 09:00-17:00<br/><small>Typical operating-day estimate; verify the operator calendar and hours.</small><br/><br/><b>Access</b><table class="access"><tr><th>From</th><th>Transport</th><th>Duration</th></tr><tr><td>Kellogg</td><td>Car</td><td>Local</td></tr></table><br/><i>Sources: <a href="https://www.silvermt.com/mountain/bike-park">operator information</a> and <a href="https://www.twowheeledwanderer.com/posts/mountain-bike-parks-united-states/">US downhill bike-park directory</a>. Prices, schedules, trail status and access can change; verify before travel.</i>]]></description>
    <styleUrl>#placemark-blue</styleUrl>
    <Point><coordinates>-116.118887,47.538235,0</coordinates></Point>
    <ExtendedData xmlns:mwm="https://omaps.app">
      <Data name="spot"><value>us-silver-mountain-bike-park</value></Data>
      <Data name="tags"><value>beginner expert bikepark</value></Data>
      <Data name="open_from"><value>05-01</value></Data>
      <Data name="closed_from"><value>11-01</value></Data>
      <mwm:icon>Transport</mwm:icon><mwm:visibility>1</mwm:visibility>
    </ExtendedData>
  </Placemark>
  <Placemark>
    <name>Bald Mountain Bike Park @ Sun Valley [check operator]</name>
    <description><![CDATA[<b>Bald Mountain Bike Park @ Sun Valley - Ketchum, ID</b><br/><br/><b>Trails</b><br/>32 miles of maintained downhill and gravity trails with purpose-built descending terrain. Check the current trail map for grades, closures and bike requirements.<br/><br/><b>Getting up / price</b><br/>1 gondola, 1 chairlift. Day-ticket pricing varies by date; check the operator before travel.<br/><br/><b>Open season</b><br/>June – September (directory indication; weather and maintenance can shorten the season).<br/>Daily opening hours: 09:00-17:00<br/><small>Typical operating-day estimate; verify the operator calendar and hours.</small><br/><br/><b>Access</b><table class="access"><tr><th>From</th><th>Transport</th><th>Duration</th></tr><tr><td>Ketchum</td><td>Car</td><td>Local</td></tr></table><br/><i>Sources: <a href="https://www.sunvalley.com/things-to-do/biking/">operator information</a> and <a href="https://www.twowheeledwanderer.com/posts/mountain-bike-parks-united-states/">US downhill bike-park directory</a>. Prices, schedules, trail status and access can change; verify before travel.</i>]]></description>
    <styleUrl>#placemark-blue</styleUrl>
    <Point><coordinates>-114.363662,43.680741,0</coordinates></Point>
    <ExtendedData xmlns:mwm="https://omaps.app">
      <Data name="spot"><value>us-bald-mountain-bike-park-sun-valley</value></Data>
      <Data name="tags"><value>beginner expert bikepark</value></Data>
      <Data name="open_from"><value>06-01</value></Data>
      <Data name="closed_from"><value>10-01</value></Data>
      <mwm:icon>Transport</mwm:icon><mwm:visibility>1</mwm:visibility>
    </ExtendedData>
  </Placemark>
  <Placemark>
    <name>Farside Bike Park @ Chestnut Mountain [check operator]</name>
    <description><![CDATA[<b>Farside Bike Park @ Chestnut Mountain - Galena, IL</b><br/><br/><b>Trails</b><br/>10 miles of maintained downhill and gravity trails with purpose-built descending terrain. Check the current trail map for grades, closures and bike requirements.<br/><br/><b>Getting up / price</b><br/>1 chairlift. Day-ticket pricing varies by date; check the operator before travel.<br/><br/><b>Open season</b><br/>June - October (directory indication; weather and maintenance can shorten the season).<br/>Daily opening hours: 09:00-17:00<br/><small>Typical operating-day estimate; verify the operator calendar and hours.</small><br/><br/><b>Access</b><table class="access"><tr><th>From</th><th>Transport</th><th>Duration</th></tr><tr><td>Galena</td><td>Car</td><td>Local</td></tr></table><br/><i>Sources: <a href="https://www.chestnutmtn.com/activity/farside-bike-park/">operator information</a> and <a href="https://www.twowheeledwanderer.com/posts/mountain-bike-parks-united-states/">US downhill bike-park directory</a>. Prices, schedules, trail status and access can change; verify before travel.</i>]]></description>
    <styleUrl>#placemark-blue</styleUrl>
    <Point><coordinates>-90.426072,42.415955,0</coordinates></Point>
    <ExtendedData xmlns:mwm="https://omaps.app">
      <Data name="spot"><value>us-farside-bike-park-chestnut-mountain</value></Data>
      <Data name="tags"><value>beginner expert bikepark</value></Data>
      <Data name="open_from"><value>06-01</value></Data>
      <Data name="closed_from"><value>11-01</value></Data>
      <mwm:icon>Transport</mwm:icon><mwm:visibility>1</mwm:visibility>
    </ExtendedData>
  </Placemark>
  <Placemark>
    <name>Mt. Abram Bike Park [check operator]</name>
    <description><![CDATA[<b>Mt. Abram Bike Park - Greenwood, ME</b><br/><br/><b>Trails</b><br/>19 miles of maintained downhill and gravity trails with purpose-built descending terrain. Check the current trail map for grades, closures and bike requirements.<br/><br/><b>Getting up / price</b><br/>2 chairlifts. Day-ticket pricing varies by date; check the operator before travel.<br/><br/><b>Open season</b><br/>May - October (directory indication; weather and maintenance can shorten the season).<br/>Daily opening hours: 09:00-17:00<br/><small>Typical operating-day estimate; verify the operator calendar and hours.</small><br/><br/><b>Access</b><table class="access"><tr><th>From</th><th>Transport</th><th>Duration</th></tr><tr><td>Greenwood</td><td>Car</td><td>Local</td></tr></table><br/><i>Sources: <a href="https://mtabram.com/">operator information</a> and <a href="https://www.twowheeledwanderer.com/posts/mountain-bike-parks-united-states/">US downhill bike-park directory</a>. Prices, schedules, trail status and access can change; verify before travel.</i>]]></description>
    <styleUrl>#placemark-blue</styleUrl>
    <Point><coordinates>-70.706000,44.379000,0</coordinates></Point>
    <ExtendedData xmlns:mwm="https://omaps.app">
      <Data name="spot"><value>us-mt-abram-bike-park</value></Data>
      <Data name="tags"><value>beginner expert bikepark</value></Data>
      <Data name="open_from"><value>05-01</value></Data>
      <Data name="closed_from"><value>11-01</value></Data>
      <mwm:icon>Transport</mwm:icon><mwm:visibility>1</mwm:visibility>
    </ExtendedData>
  </Placemark>
  <Placemark>
    <name>Thunder Mountain Bike Park [check operator]</name>
    <description><![CDATA[<b>Thunder Mountain Bike Park - Charlemont, MA</b><br/><br/><b>Trails</b><br/>25 miles of maintained downhill and gravity trails with purpose-built descending terrain. Check the current trail map for grades, closures and bike requirements.<br/><br/><b>Getting up / price</b><br/>1 chairlift. Day-ticket pricing varies by date; check the operator before travel.<br/><br/><b>Open season</b><br/>May - November (directory indication; weather and maintenance can shorten the season).<br/>Daily opening hours: 09:00-17:00<br/><small>Typical operating-day estimate; verify the operator calendar and hours.</small><br/><br/><b>Access</b><table class="access"><tr><th>From</th><th>Transport</th><th>Duration</th></tr><tr><td>Charlemont</td><td>Car</td><td>Local</td></tr></table><br/><i>Sources: <a href="https://berkshireeast.com/summer/thunder-mountain-bike-park/overview">operator information</a> and <a href="https://www.twowheeledwanderer.com/posts/mountain-bike-parks-united-states/">US downhill bike-park directory</a>. Prices, schedules, trail status and access can change; verify before travel.</i>]]></description>
    <styleUrl>#placemark-blue</styleUrl>
    <Point><coordinates>-72.874488,42.627535,0</coordinates></Point>
    <ExtendedData xmlns:mwm="https://omaps.app">
      <Data name="spot"><value>us-thunder-mountain-bike-park</value></Data>
      <Data name="tags"><value>beginner expert bikepark</value></Data>
      <Data name="open_from"><value>05-01</value></Data>
      <Data name="closed_from"><value>12-01</value></Data>
      <mwm:icon>Transport</mwm:icon><mwm:visibility>1</mwm:visibility>
    </ExtendedData>
  </Placemark>
  <Placemark>
    <name>Jiminy Peak Bike Park [check operator]</name>
    <description><![CDATA[<b>Jiminy Peak Bike Park - Hancock, MA</b><br/><br/><b>Trails</b><br/>22 miles of maintained downhill and gravity trails with purpose-built descending terrain. Check the current trail map for grades, closures and bike requirements.<br/><br/><b>Getting up / price</b><br/>2 chairlifts. Day-ticket pricing varies by date; check the operator before travel.<br/><br/><b>Open season</b><br/>July - September (directory indication; weather and maintenance can shorten the season).<br/>Daily opening hours: 09:00-17:00<br/><small>Typical operating-day estimate; verify the operator calendar and hours.</small><br/><br/><b>Access</b><table class="access"><tr><th>From</th><th>Transport</th><th>Duration</th></tr><tr><td>Hancock</td><td>Car</td><td>Local</td></tr></table><br/><i>Sources: <a href="https://www.jiminypeak.com/Summer/Attractions/Mountain-Biking">operator information</a> and <a href="https://www.twowheeledwanderer.com/posts/mountain-bike-parks-united-states/">US downhill bike-park directory</a>. Prices, schedules, trail status and access can change; verify before travel.</i>]]></description>
    <styleUrl>#placemark-blue</styleUrl>
    <Point><coordinates>-73.290806,42.550806,0</coordinates></Point>
    <ExtendedData xmlns:mwm="https://omaps.app">
      <Data name="spot"><value>us-jiminy-peak-bike-park</value></Data>
      <Data name="tags"><value>beginner expert bikepark</value></Data>
      <Data name="open_from"><value>07-01</value></Data>
      <Data name="closed_from"><value>10-01</value></Data>
      <mwm:icon>Transport</mwm:icon><mwm:visibility>1</mwm:visibility>
    </ExtendedData>
  </Placemark>
  <Placemark>
    <name>The Highlands Bike Park [check operator]</name>
    <description><![CDATA[<b>The Highlands Bike Park - Harbor Springs, MI</b><br/><br/><b>Trails</b><br/>22 miles of maintained downhill and gravity trails with purpose-built descending terrain. Check the current trail map for grades, closures and bike requirements.<br/><br/><b>Getting up / price</b><br/>1 chairlift. Day-ticket pricing varies by date; check the operator before travel.<br/><br/><b>Open season</b><br/>May - September (directory indication; weather and maintenance can shorten the season).<br/>Daily opening hours: 09:00-17:00<br/><small>Typical operating-day estimate; verify the operator calendar and hours.</small><br/><br/><b>Access</b><table class="access"><tr><th>From</th><th>Transport</th><th>Duration</th></tr><tr><td>Harbor Springs</td><td>Car</td><td>Local</td></tr></table><br/><i>Sources: <a href="https://www.highlandsharborsprings.com/bike">operator information</a> and <a href="https://www.twowheeledwanderer.com/posts/mountain-bike-parks-united-states/">US downhill bike-park directory</a>. Prices, schedules, trail status and access can change; verify before travel.</i>]]></description>
    <styleUrl>#placemark-blue</styleUrl>
    <Point><coordinates>-84.991999,45.431676,0</coordinates></Point>
    <ExtendedData xmlns:mwm="https://omaps.app">
      <Data name="spot"><value>us-the-highlands-bike-park</value></Data>
      <Data name="tags"><value>beginner expert bikepark</value></Data>
      <Data name="open_from"><value>05-01</value></Data>
      <Data name="closed_from"><value>10-01</value></Data>
      <mwm:icon>Transport</mwm:icon><mwm:visibility>1</mwm:visibility>
    </ExtendedData>
  </Placemark>
  <Placemark>
    <name>Marquette Mountain Bike Park [check operator]</name>
    <description><![CDATA[<b>Marquette Mountain Bike Park - Marquette, MI</b><br/><br/><b>Trails</b><br/>10 miles of maintained downhill and gravity trails with purpose-built descending terrain. Check the current trail map for grades, closures and bike requirements.<br/><br/><b>Getting up / price</b><br/>1 chairlift. Day-ticket pricing varies by date; check the operator before travel.<br/><br/><b>Open season</b><br/>June - October (directory indication; weather and maintenance can shorten the season).<br/>Daily opening hours: 09:00-17:00<br/><small>Typical operating-day estimate; verify the operator calendar and hours.</small><br/><br/><b>Access</b><table class="access"><tr><th>From</th><th>Transport</th><th>Duration</th></tr><tr><td>Marquette</td><td>Car</td><td>Local</td></tr></table><br/><i>Sources: <a href="https://www.marquettemountain.com/summer/downhill-bike-park/">operator information</a> and <a href="https://www.twowheeledwanderer.com/posts/mountain-bike-parks-united-states/">US downhill bike-park directory</a>. Prices, schedules, trail status and access can change; verify before travel.</i>]]></description>
    <styleUrl>#placemark-blue</styleUrl>
    <Point><coordinates>-87.439398,46.548755,0</coordinates></Point>
    <ExtendedData xmlns:mwm="https://omaps.app">
      <Data name="spot"><value>us-marquette-mountain-bike-park</value></Data>
      <Data name="tags"><value>beginner expert bikepark</value></Data>
      <Data name="open_from"><value>06-01</value></Data>
      <Data name="closed_from"><value>11-01</value></Data>
      <mwm:icon>Transport</mwm:icon><mwm:visibility>1</mwm:visibility>
    </ExtendedData>
  </Placemark>
  <Placemark>
    <name>Giants Ridge Bike Park [check operator]</name>
    <description><![CDATA[<b>Giants Ridge Bike Park - Biwabik, MN</b><br/><br/><b>Trails</b><br/>10+ miles of maintained downhill and gravity trails with purpose-built descending terrain. Check the current trail map for grades, closures and bike requirements.<br/><br/><b>Getting up / price</b><br/>1 chairlift. Day-ticket pricing varies by date; check the operator before travel.<br/><br/><b>Open season</b><br/>May - October (directory indication; weather and maintenance can shorten the season).<br/>Daily opening hours: 09:00-17:00<br/><small>Typical operating-day estimate; verify the operator calendar and hours.</small><br/><br/><b>Access</b><table class="access"><tr><th>From</th><th>Transport</th><th>Duration</th></tr><tr><td>Biwabik</td><td>Car</td><td>Local</td></tr></table><br/><i>Sources: <a href="https://www.giantsridge.com/mountain-biking/">operator information</a> and <a href="https://www.twowheeledwanderer.com/posts/mountain-bike-parks-united-states/">US downhill bike-park directory</a>. Prices, schedules, trail status and access can change; verify before travel.</i>]]></description>
    <styleUrl>#placemark-blue</styleUrl>
    <Point><coordinates>-92.340179,47.532981,0</coordinates></Point>
    <ExtendedData xmlns:mwm="https://omaps.app">
      <Data name="spot"><value>us-giants-ridge-bike-park</value></Data>
      <Data name="tags"><value>beginner expert bikepark</value></Data>
      <Data name="open_from"><value>05-01</value></Data>
      <Data name="closed_from"><value>11-01</value></Data>
      <mwm:icon>Transport</mwm:icon><mwm:visibility>1</mwm:visibility>
    </ExtendedData>
  </Placemark>
  <Placemark>
    <name>Spirit Mountain Bike Park [check operator]</name>
    <description><![CDATA[<b>Spirit Mountain Bike Park - Duluth, MN</b><br/><br/><b>Trails</b><br/>19 miles of maintained downhill and gravity trails with purpose-built descending terrain. Check the current trail map for grades, closures and bike requirements.<br/><br/><b>Getting up / price</b><br/>1 chairlift. Day-ticket pricing varies by date; check the operator before travel.<br/><br/><b>Open season</b><br/>May - October (directory indication; weather and maintenance can shorten the season).<br/>Daily opening hours: 09:00-17:00<br/><small>Typical operating-day estimate; verify the operator calendar and hours.</small><br/><br/><b>Access</b><table class="access"><tr><th>From</th><th>Transport</th><th>Duration</th></tr><tr><td>Duluth</td><td>Car</td><td>Local</td></tr></table><br/><i>Sources: <a href="https://spiritmt.com/summer/mountain-biking/">operator information</a> and <a href="https://www.twowheeledwanderer.com/posts/mountain-bike-parks-united-states/">US downhill bike-park directory</a>. Prices, schedules, trail status and access can change; verify before travel.</i>]]></description>
    <styleUrl>#placemark-blue</styleUrl>
    <Point><coordinates>-92.201578,46.722468,0</coordinates></Point>
    <ExtendedData xmlns:mwm="https://omaps.app">
      <Data name="spot"><value>us-spirit-mountain-bike-park</value></Data>
      <Data name="tags"><value>beginner expert bikepark</value></Data>
      <Data name="open_from"><value>05-01</value></Data>
      <Data name="closed_from"><value>11-01</value></Data>
      <mwm:icon>Transport</mwm:icon><mwm:visibility>1</mwm:visibility>
    </ExtendedData>
  </Placemark>
  <Placemark>
    <name>Detroit Mountain Bike Park [check operator]</name>
    <description><![CDATA[<b>Detroit Mountain Bike Park - Detroit, MN</b><br/><br/><b>Trails</b><br/>15 miles of maintained downhill and gravity trails with purpose-built descending terrain. Check the current trail map for grades, closures and bike requirements.<br/><br/><b>Getting up / price</b><br/>1 chairlift. Day-ticket pricing varies by date; check the operator before travel.<br/><br/><b>Open season</b><br/>May - October/November (directory indication; weather and maintenance can shorten the season).<br/>Daily opening hours: 09:00-17:00<br/><small>Typical operating-day estimate; verify the operator calendar and hours.</small><br/><br/><b>Access</b><table class="access"><tr><th>From</th><th>Transport</th><th>Duration</th></tr><tr><td>Detroit</td><td>Car</td><td>Local</td></tr></table><br/><i>Sources: <a href="https://detroitmountain.com/mountain-biking/">operator information</a> and <a href="https://www.twowheeledwanderer.com/posts/mountain-bike-parks-united-states/">US downhill bike-park directory</a>. Prices, schedules, trail status and access can change; verify before travel.</i>]]></description>
    <styleUrl>#placemark-blue</styleUrl>
    <Point><coordinates>-95.845325,46.817181,0</coordinates></Point>
    <ExtendedData xmlns:mwm="https://omaps.app">
      <Data name="spot"><value>us-detroit-mountain-bike-park</value></Data>
      <Data name="tags"><value>beginner expert bikepark</value></Data>
      <Data name="open_from"><value>05-01</value></Data>
      <Data name="closed_from"><value>12-01</value></Data>
      <mwm:icon>Transport</mwm:icon><mwm:visibility>1</mwm:visibility>
    </ExtendedData>
  </Placemark>
  <Placemark>
    <name>Howler Bike Park [check operator]</name>
    <description><![CDATA[<b>Howler Bike Park - Branson, MN</b><br/><br/><b>Trails</b><br/>7 miles (more in the works!) of maintained downhill and gravity trails with purpose-built descending terrain. Check the current trail map for grades, closures and bike requirements.<br/><br/><b>Getting up / price</b><br/>1 rad shuttle. Day-ticket pricing varies by date; check the operator before travel.<br/><br/><b>Open season</b><br/>Year-round (depending on weather) (directory indication; weather and maintenance can shorten the season).<br/>Daily opening hours: 09:00-17:00<br/><small>Typical operating-day estimate; verify the operator calendar and hours.</small><br/><br/><b>Access</b><table class="access"><tr><th>From</th><th>Transport</th><th>Duration</th></tr><tr><td>Branson</td><td>Car</td><td>Local</td></tr></table><br/><i>Sources: <a href="https://howlerbikepark.com/">operator information</a> and <a href="https://www.twowheeledwanderer.com/posts/mountain-bike-parks-united-states/">US downhill bike-park directory</a>. Prices, schedules, trail status and access can change; verify before travel.</i>]]></description>
    <styleUrl>#placemark-blue</styleUrl>
    <Point><coordinates>-93.230164,36.644736,0</coordinates></Point>
    <ExtendedData xmlns:mwm="https://omaps.app">
      <Data name="spot"><value>us-howler-bike-park</value></Data>
      <Data name="tags"><value>beginner expert bikepark</value></Data>
      <Data name="open_from"><value>01-01</value></Data>
      <Data name="closed_from"><value>01-01</value></Data>
      <mwm:icon>Transport</mwm:icon><mwm:visibility>1</mwm:visibility>
    </ExtendedData>
  </Placemark>
  <Placemark>
    <name>Shepherd Mountain Bike Park [check operator]</name>
    <description><![CDATA[<b>Shepherd Mountain Bike Park - Ironton, MN</b><br/><br/><b>Trails</b><br/>7+ miles of maintained downhill and gravity trails with purpose-built descending terrain. Check the current trail map for grades, closures and bike requirements.<br/><br/><b>Getting up / price</b><br/>1 shuttle. Day-ticket pricing varies by date; check the operator before travel.<br/><br/><b>Open season</b><br/>Year-round (depending on weather) (directory indication; weather and maintenance can shorten the season).<br/>Daily opening hours: 09:00-17:00<br/><small>Typical operating-day estimate; verify the operator calendar and hours.</small><br/><br/><b>Access</b><table class="access"><tr><th>From</th><th>Transport</th><th>Duration</th></tr><tr><td>Ironton</td><td>Car</td><td>Local</td></tr></table><br/><i>Sources: <a href="http://www.shepherdmountainbikepark.com/">operator information</a> and <a href="https://www.twowheeledwanderer.com/posts/mountain-bike-parks-united-states/">US downhill bike-park directory</a>. Prices, schedules, trail status and access can change; verify before travel.</i>]]></description>
    <styleUrl>#placemark-blue</styleUrl>
    <Point><coordinates>-90.628176,37.597826,0</coordinates></Point>
    <ExtendedData xmlns:mwm="https://omaps.app">
      <Data name="spot"><value>us-shepherd-mountain-bike-park</value></Data>
      <Data name="tags"><value>beginner expert bikepark</value></Data>
      <Data name="open_from"><value>01-01</value></Data>
      <Data name="closed_from"><value>01-01</value></Data>
      <mwm:icon>Transport</mwm:icon><mwm:visibility>1</mwm:visibility>
    </ExtendedData>
  </Placemark>
  <Placemark>
    <name>Big Sky Bike Park [check operator]</name>
    <description><![CDATA[<b>Big Sky Bike Park - Big Sky, MT</b><br/><br/><b>Trails</b><br/>50 miles (20 lift-serve) of maintained downhill and gravity trails with purpose-built descending terrain. Check the current trail map for grades, closures and bike requirements.<br/><br/><b>Getting up / price</b><br/>3 chairlifts. Day-ticket pricing varies by date; check the operator before travel.<br/><br/><b>Open season</b><br/>June - September (directory indication; weather and maintenance can shorten the season).<br/>Daily opening hours: 09:00-17:00<br/><small>Typical operating-day estimate; verify the operator calendar and hours.</small><br/><br/><b>Access</b><table class="access"><tr><th>From</th><th>Transport</th><th>Duration</th></tr><tr><td>Big Sky</td><td>Car</td><td>Local</td></tr></table><br/><i>Sources: <a href="https://bigskyresort.com/summer-activities/mountain-biking">operator information</a> and <a href="https://www.twowheeledwanderer.com/posts/mountain-bike-parks-united-states/">US downhill bike-park directory</a>. Prices, schedules, trail status and access can change; verify before travel.</i>]]></description>
    <styleUrl>#placemark-blue</styleUrl>
    <Point><coordinates>-111.266189,45.255111,0</coordinates></Point>
    <ExtendedData xmlns:mwm="https://omaps.app">
      <Data name="spot"><value>us-big-sky-bike-park</value></Data>
      <Data name="tags"><value>beginner expert bikepark</value></Data>
      <Data name="open_from"><value>06-01</value></Data>
      <Data name="closed_from"><value>10-01</value></Data>
      <mwm:icon>Transport</mwm:icon><mwm:visibility>1</mwm:visibility>
    </ExtendedData>
  </Placemark>
  <Placemark>
    <name>Discovery Bike Park [check operator]</name>
    <description><![CDATA[<b>Discovery Bike Park - Phillipsburg, MT</b><br/><br/><b>Trails</b><br/>7 miles of maintained downhill and gravity trails with purpose-built descending terrain. Check the current trail map for grades, closures and bike requirements.<br/><br/><b>Getting up / price</b><br/>1 chairlift. Day-ticket pricing varies by date; check the operator before travel.<br/><br/><b>Open season</b><br/>May - October (directory indication; weather and maintenance can shorten the season).<br/>Daily opening hours: 09:00-17:00<br/><small>Typical operating-day estimate; verify the operator calendar and hours.</small><br/><br/><b>Access</b><table class="access"><tr><th>From</th><th>Transport</th><th>Duration</th></tr><tr><td>Phillipsburg</td><td>Car</td><td>Local</td></tr></table><br/><i>Sources: <a href="https://www.skidiscovery.com/bike-park/">operator information</a> and <a href="https://www.twowheeledwanderer.com/posts/mountain-bike-parks-united-states/">US downhill bike-park directory</a>. Prices, schedules, trail status and access can change; verify before travel.</i>]]></description>
    <styleUrl>#placemark-blue</styleUrl>
    <Point><coordinates>-113.294499,46.332188,0</coordinates></Point>
    <ExtendedData xmlns:mwm="https://omaps.app">
      <Data name="spot"><value>us-discovery-bike-park</value></Data>
      <Data name="tags"><value>beginner expert bikepark</value></Data>
      <Data name="open_from"><value>05-01</value></Data>
      <Data name="closed_from"><value>11-01</value></Data>
      <mwm:icon>Transport</mwm:icon><mwm:visibility>1</mwm:visibility>
    </ExtendedData>
  </Placemark>
  <Placemark>
    <name>Whitefish Bike Park [check operator]</name>
    <description><![CDATA[<b>Whitefish Bike Park - Whitefish, MT</b><br/><br/><b>Trails</b><br/>23 miles (not including cross-country trails) of maintained downhill and gravity trails with purpose-built descending terrain. Check the current trail map for grades, closures and bike requirements.<br/><br/><b>Getting up / price</b><br/>2 chairlifts. Day-ticket pricing varies by date; check the operator before travel.<br/><br/><b>Open season</b><br/>May - September (directory indication; weather and maintenance can shorten the season).<br/>Daily opening hours: 09:00-17:00<br/><small>Typical operating-day estimate; verify the operator calendar and hours.</small><br/><br/><b>Access</b><table class="access"><tr><th>From</th><th>Transport</th><th>Duration</th></tr><tr><td>Whitefish</td><td>Car</td><td>Local</td></tr></table><br/><i>Sources: <a href="https://skiwhitefish.com/mountain-biking/">operator information</a> and <a href="https://www.twowheeledwanderer.com/posts/mountain-bike-parks-united-states/">US downhill bike-park directory</a>. Prices, schedules, trail status and access can change; verify before travel.</i>]]></description>
    <styleUrl>#placemark-blue</styleUrl>
    <Point><coordinates>-114.334624,48.410802,0</coordinates></Point>
    <ExtendedData xmlns:mwm="https://omaps.app">
      <Data name="spot"><value>us-whitefish-bike-park</value></Data>
      <Data name="tags"><value>beginner expert bikepark</value></Data>
      <Data name="open_from"><value>05-01</value></Data>
      <Data name="closed_from"><value>10-01</value></Data>
      <mwm:icon>Transport</mwm:icon><mwm:visibility>1</mwm:visibility>
    </ExtendedData>
  </Placemark>
  <Placemark>
    <name>Legacy Bike Park [check operator]</name>
    <description><![CDATA[<b>Legacy Bike Park - Lakeside, MT</b><br/><br/><b>Trails</b><br/>16 miles of maintained downhill and gravity trails with purpose-built descending terrain. Check the current trail map for grades, closures and bike requirements.<br/><br/><b>Getting up / price</b><br/>Bus shuttle. Day-ticket pricing varies by date; check the operator before travel.<br/><br/><b>Open season</b><br/>July - October (directory indication; weather and maintenance can shorten the season).<br/>Daily opening hours: 09:00-17:00<br/><small>Typical operating-day estimate; verify the operator calendar and hours.</small><br/><br/><b>Access</b><table class="access"><tr><th>From</th><th>Transport</th><th>Duration</th></tr><tr><td>Lakeside</td><td>Car</td><td>Local</td></tr></table><br/><i>Sources: <a href="https://legacybikepark.com/">operator information</a> and <a href="https://www.twowheeledwanderer.com/posts/mountain-bike-parks-united-states/">US downhill bike-park directory</a>. Prices, schedules, trail status and access can change; verify before travel.</i>]]></description>
    <styleUrl>#placemark-blue</styleUrl>
    <Point><coordinates>-114.199699,47.975582,0</coordinates></Point>
    <ExtendedData xmlns:mwm="https://omaps.app">
      <Data name="spot"><value>us-legacy-bike-park</value></Data>
      <Data name="tags"><value>beginner expert bikepark</value></Data>
      <Data name="open_from"><value>07-01</value></Data>
      <Data name="closed_from"><value>11-01</value></Data>
      <mwm:icon>Transport</mwm:icon><mwm:visibility>1</mwm:visibility>
    </ExtendedData>
  </Placemark>
  <Placemark>
    <name>Mount Sunapee Bike Park [check operator]</name>
    <description><![CDATA[<b>Mount Sunapee Bike Park - Newberry, NH</b><br/><br/><b>Trails</b><br/>5 miles of maintained downhill and gravity trails with purpose-built descending terrain. Check the current trail map for grades, closures and bike requirements.<br/><br/><b>Getting up / price</b><br/>1 chairlift. Day-ticket pricing varies by date; check the operator before travel.<br/><br/><b>Open season</b><br/>May - October (directory indication; weather and maintenance can shorten the season).<br/>Daily opening hours: 09:00-17:00<br/><small>Typical operating-day estimate; verify the operator calendar and hours.</small><br/><br/><b>Access</b><table class="access"><tr><th>From</th><th>Transport</th><th>Duration</th></tr><tr><td>Newberry</td><td>Car</td><td>Local</td></tr></table><br/><i>Sources: <a href="https://www.mountsunapee.com/explore-the-resort/activities-and-events/mountain-biking.aspx">operator information</a> and <a href="https://www.twowheeledwanderer.com/posts/mountain-bike-parks-united-states/">US downhill bike-park directory</a>. Prices, schedules, trail status and access can change; verify before travel.</i>]]></description>
    <styleUrl>#placemark-blue</styleUrl>
    <Point><coordinates>-72.065209,43.327728,0</coordinates></Point>
    <ExtendedData xmlns:mwm="https://omaps.app">
      <Data name="spot"><value>us-mount-sunapee-bike-park</value></Data>
      <Data name="tags"><value>beginner expert bikepark</value></Data>
      <Data name="open_from"><value>05-01</value></Data>
      <Data name="closed_from"><value>11-01</value></Data>
      <mwm:icon>Transport</mwm:icon><mwm:visibility>1</mwm:visibility>
    </ExtendedData>
  </Placemark>
  <Placemark>
    <name>Highland Bike Park [check operator]</name>
    <description><![CDATA[<b>Highland Bike Park - Northfield, NH</b><br/><br/><b>Trails</b><br/>14+ miles of maintained downhill and gravity trails with purpose-built descending terrain. Check the current trail map for grades, closures and bike requirements.<br/><br/><b>Getting up / price</b><br/>1 chairlift. Day-ticket pricing varies by date; check the operator before travel.<br/><br/><b>Open season</b><br/>April - November (directory indication; weather and maintenance can shorten the season).<br/>Daily opening hours: 09:00-17:00<br/><small>Typical operating-day estimate; verify the operator calendar and hours.</small><br/><br/><b>Access</b><table class="access"><tr><th>From</th><th>Transport</th><th>Duration</th></tr><tr><td>Northfield</td><td>Car</td><td>Local</td></tr></table><br/><i>Sources: <a href="https://www.highlandmountain.com/">operator information</a> and <a href="https://www.twowheeledwanderer.com/posts/mountain-bike-parks-united-states/">US downhill bike-park directory</a>. Prices, schedules, trail status and access can change; verify before travel.</i>]]></description>
    <styleUrl>#placemark-blue</styleUrl>
    <Point><coordinates>-71.593262,43.440072,0</coordinates></Point>
    <ExtendedData xmlns:mwm="https://omaps.app">
      <Data name="spot"><value>us-highland-bike-park</value></Data>
      <Data name="tags"><value>beginner expert bikepark</value></Data>
      <Data name="open_from"><value>04-01</value></Data>
      <Data name="closed_from"><value>12-01</value></Data>
      <mwm:icon>Transport</mwm:icon><mwm:visibility>1</mwm:visibility>
    </ExtendedData>
  </Placemark>
  <Placemark>
    <name>Loon Mountain Bike Park [check operator]</name>
    <description><![CDATA[<b>Loon Mountain Bike Park - Lincoln, NH</b><br/><br/><b>Trails</b><br/>11 miles of maintained downhill and gravity trails with purpose-built descending terrain. Check the current trail map for grades, closures and bike requirements.<br/><br/><b>Getting up / price</b><br/>1 chairlift. Day-ticket pricing varies by date; check the operator before travel.<br/><br/><b>Open season</b><br/>May - October (directory indication; weather and maintenance can shorten the season).<br/>Daily opening hours: 09:00-17:00<br/><small>Typical operating-day estimate; verify the operator calendar and hours.</small><br/><br/><b>Access</b><table class="access"><tr><th>From</th><th>Transport</th><th>Duration</th></tr><tr><td>Lincoln</td><td>Car</td><td>Local</td></tr></table><br/><i>Sources: <a href="https://www.loonmtn.com/summer-activities/biking/bike-park">operator information</a> and <a href="https://www.twowheeledwanderer.com/posts/mountain-bike-parks-united-states/">US downhill bike-park directory</a>. Prices, schedules, trail status and access can change; verify before travel.</i>]]></description>
    <styleUrl>#placemark-blue</styleUrl>
    <Point><coordinates>-71.668417,44.044533,0</coordinates></Point>
    <ExtendedData xmlns:mwm="https://omaps.app">
      <Data name="spot"><value>us-loon-mountain-bike-park</value></Data>
      <Data name="tags"><value>beginner expert bikepark</value></Data>
      <Data name="open_from"><value>05-01</value></Data>
      <Data name="closed_from"><value>11-01</value></Data>
      <mwm:icon>Transport</mwm:icon><mwm:visibility>1</mwm:visibility>
    </ExtendedData>
  </Placemark>
  <Placemark>
    <name>Waterville Valley Resort Bike Park [check operator]</name>
    <description><![CDATA[<b>Waterville Valley Resort Bike Park - Waterville, NH</b><br/><br/><b>Trails</b><br/>3 miles (mix of lift-served and cross-country) of maintained downhill and gravity trails with purpose-built descending terrain. Check the current trail map for grades, closures and bike requirements.<br/><br/><b>Getting up / price</b><br/>1 chairlift. Day-ticket pricing varies by date; check the operator before travel.<br/><br/><b>Open season</b><br/>May - September (directory indication; weather and maintenance can shorten the season).<br/>Daily opening hours: 09:00-17:00<br/><small>Typical operating-day estimate; verify the operator calendar and hours.</small><br/><br/><b>Access</b><table class="access"><tr><th>From</th><th>Transport</th><th>Duration</th></tr><tr><td>Waterville</td><td>Car</td><td>Local</td></tr></table><br/><i>Sources: <a href="https://www.waterville.com/adventure-center#biking">operator information</a> and <a href="https://www.twowheeledwanderer.com/posts/mountain-bike-parks-united-states/">US downhill bike-park directory</a>. Prices, schedules, trail status and access can change; verify before travel.</i>]]></description>
    <styleUrl>#placemark-blue</styleUrl>
    <Point><coordinates>-71.505697,43.949631,0</coordinates></Point>
    <ExtendedData xmlns:mwm="https://omaps.app">
      <Data name="spot"><value>us-waterville-valley-resort-bike-park</value></Data>
      <Data name="tags"><value>beginner expert bikepark</value></Data>
      <Data name="open_from"><value>05-01</value></Data>
      <Data name="closed_from"><value>10-01</value></Data>
      <mwm:icon>Transport</mwm:icon><mwm:visibility>1</mwm:visibility>
    </ExtendedData>
  </Placemark>
  <Placemark>
    <name>Mountain Creek Bike Park [check operator]</name>
    <description><![CDATA[<b>Mountain Creek Bike Park - Vernon, NJ</b><br/><br/><b>Trails</b><br/>40+ miles (including some cross-country) of maintained downhill and gravity trails with purpose-built descending terrain. Check the current trail map for grades, closures and bike requirements.<br/><br/><b>Getting up / price</b><br/>1 cabriolet. Day-ticket pricing varies by date; check the operator before travel.<br/><br/><b>Open season</b><br/>May - November (directory indication; weather and maintenance can shorten the season).<br/>Daily opening hours: 09:00-17:00<br/><small>Typical operating-day estimate; verify the operator calendar and hours.</small><br/><br/><b>Access</b><table class="access"><tr><th>From</th><th>Transport</th><th>Duration</th></tr><tr><td>Vernon</td><td>Car</td><td>Local</td></tr></table><br/><i>Sources: <a href="https://www.mountaincreek.com/bike-park">operator information</a> and <a href="https://www.twowheeledwanderer.com/posts/mountain-bike-parks-united-states/">US downhill bike-park directory</a>. Prices, schedules, trail status and access can change; verify before travel.</i>]]></description>
    <styleUrl>#placemark-blue</styleUrl>
    <Point><coordinates>-74.483213,41.198429,0</coordinates></Point>
    <ExtendedData xmlns:mwm="https://omaps.app">
      <Data name="spot"><value>us-mountain-creek-bike-park</value></Data>
      <Data name="tags"><value>beginner expert bikepark</value></Data>
      <Data name="open_from"><value>05-01</value></Data>
      <Data name="closed_from"><value>12-01</value></Data>
      <mwm:icon>Transport</mwm:icon><mwm:visibility>1</mwm:visibility>
    </ExtendedData>
  </Placemark>
  <Placemark>
    <name>Angel Fire Bike Park [check operator]</name>
    <description><![CDATA[<b>Angel Fire Bike Park - Angel Fire, NM</b><br/><br/><b>Trails</b><br/>60 miles of maintained downhill and gravity trails with purpose-built descending terrain. Check the current trail map for grades, closures and bike requirements.<br/><br/><b>Getting up / price</b><br/>1 chairlift. Day-ticket pricing varies by date; check the operator before travel.<br/><br/><b>Open season</b><br/>May - October (directory indication; weather and maintenance can shorten the season).<br/>Daily opening hours: 09:00-17:00<br/><small>Typical operating-day estimate; verify the operator calendar and hours.</small><br/><br/><b>Access</b><table class="access"><tr><th>From</th><th>Transport</th><th>Duration</th></tr><tr><td>Angel Fire</td><td>Car</td><td>Local</td></tr></table><br/><i>Sources: <a href="https://www.angelfireresort.com/bike-park/">operator information</a> and <a href="https://www.twowheeledwanderer.com/posts/mountain-bike-parks-united-states/">US downhill bike-park directory</a>. Prices, schedules, trail status and access can change; verify before travel.</i>]]></description>
    <styleUrl>#placemark-blue</styleUrl>
    <Point><coordinates>-105.285009,36.393088,0</coordinates></Point>
    <ExtendedData xmlns:mwm="https://omaps.app">
      <Data name="spot"><value>us-angel-fire-bike-park</value></Data>
      <Data name="tags"><value>beginner expert bikepark</value></Data>
      <Data name="open_from"><value>05-01</value></Data>
      <Data name="closed_from"><value>11-01</value></Data>
      <mwm:icon>Transport</mwm:icon><mwm:visibility>1</mwm:visibility>
    </ExtendedData>
  </Placemark>
  <Placemark>
    <name>Pajarito Bike Park [check operator]</name>
    <description><![CDATA[<b>Pajarito Bike Park - Los Alamos, NM</b><br/><br/><b>Trails</b><br/>39 miles (including connecting trails outside the park) of maintained downhill and gravity trails with purpose-built descending terrain. Check the current trail map for grades, closures and bike requirements.<br/><br/><b>Getting up / price</b><br/>1 chairlift. Day-ticket pricing varies by date; check the operator before travel.<br/><br/><b>Open season</b><br/>June - September (directory indication; weather and maintenance can shorten the season).<br/>Daily opening hours: 09:00-17:00<br/><small>Typical operating-day estimate; verify the operator calendar and hours.</small><br/><br/><b>Access</b><table class="access"><tr><th>From</th><th>Transport</th><th>Duration</th></tr><tr><td>Los Alamos</td><td>Car</td><td>Local</td></tr></table><br/><i>Sources: <a href="https://www.pajarito.ski/pajarito-mountain-biking/">operator information</a> and <a href="https://www.twowheeledwanderer.com/posts/mountain-bike-parks-united-states/">US downhill bike-park directory</a>. Prices, schedules, trail status and access can change; verify before travel.</i>]]></description>
    <styleUrl>#placemark-blue</styleUrl>
    <Point><coordinates>-106.298959,35.881370,0</coordinates></Point>
    <ExtendedData xmlns:mwm="https://omaps.app">
      <Data name="spot"><value>us-pajarito-bike-park</value></Data>
      <Data name="tags"><value>beginner expert bikepark</value></Data>
      <Data name="open_from"><value>06-01</value></Data>
      <Data name="closed_from"><value>10-01</value></Data>
      <mwm:icon>Transport</mwm:icon><mwm:visibility>1</mwm:visibility>
    </ExtendedData>
  </Placemark>
  <Placemark>
    <name>Greek Peak Bike Park [check operator]</name>
    <description><![CDATA[<b>Greek Peak Bike Park - Cortland, NY</b><br/><br/><b>Trails</b><br/>19 miles of maintained downhill and gravity trails with purpose-built descending terrain. Check the current trail map for grades, closures and bike requirements.<br/><br/><b>Getting up / price</b><br/>1 chairlift. Day-ticket pricing varies by date; check the operator before travel.<br/><br/><b>Open season</b><br/>June - October (directory indication; weather and maintenance can shorten the season).<br/>Daily opening hours: 09:00-17:00<br/><small>Typical operating-day estimate; verify the operator calendar and hours.</small><br/><br/><b>Access</b><table class="access"><tr><th>From</th><th>Transport</th><th>Duration</th></tr><tr><td>Cortland</td><td>Car</td><td>Local</td></tr></table><br/><i>Sources: <a href="https://www.greekpeak.net/bike-park/">operator information</a> and <a href="https://www.twowheeledwanderer.com/posts/mountain-bike-parks-united-states/">US downhill bike-park directory</a>. Prices, schedules, trail status and access can change; verify before travel.</i>]]></description>
    <styleUrl>#placemark-blue</styleUrl>
    <Point><coordinates>-76.070491,42.584214,0</coordinates></Point>
    <ExtendedData xmlns:mwm="https://omaps.app">
      <Data name="spot"><value>us-greek-peak-bike-park</value></Data>
      <Data name="tags"><value>beginner expert bikepark</value></Data>
      <Data name="open_from"><value>06-01</value></Data>
      <Data name="closed_from"><value>11-01</value></Data>
      <mwm:icon>Transport</mwm:icon><mwm:visibility>1</mwm:visibility>
    </ExtendedData>
  </Placemark>
  <Placemark>
    <name>HoliMont Bike Park [check operator]</name>
    <description><![CDATA[<b>HoliMont Bike Park - Ellicottville, NY</b><br/><br/><b>Trails</b><br/>10 miles of maintained downhill and gravity trails with purpose-built descending terrain. Check the current trail map for grades, closures and bike requirements.<br/><br/><b>Getting up / price</b><br/>1 chairlift. Day-ticket pricing varies by date; check the operator before travel.<br/><br/><b>Open season</b><br/>May - October (directory indication; weather and maintenance can shorten the season).<br/>Daily opening hours: 09:00-17:00<br/><small>Typical operating-day estimate; verify the operator calendar and hours.</small><br/><br/><b>Access</b><table class="access"><tr><th>From</th><th>Transport</th><th>Duration</th></tr><tr><td>Ellicottville</td><td>Car</td><td>Local</td></tr></table><br/><i>Sources: <a href="https://holimont.com/programs/bike-park/">operator information</a> and <a href="https://www.twowheeledwanderer.com/posts/mountain-bike-parks-united-states/">US downhill bike-park directory</a>. Prices, schedules, trail status and access can change; verify before travel.</i>]]></description>
    <styleUrl>#placemark-blue</styleUrl>
    <Point><coordinates>-78.671535,42.273593,0</coordinates></Point>
    <ExtendedData xmlns:mwm="https://omaps.app">
      <Data name="spot"><value>us-holimont-bike-park</value></Data>
      <Data name="tags"><value>beginner expert bikepark</value></Data>
      <Data name="open_from"><value>05-01</value></Data>
      <Data name="closed_from"><value>11-01</value></Data>
      <mwm:icon>Transport</mwm:icon><mwm:visibility>1</mwm:visibility>
    </ExtendedData>
  </Placemark>
  <Placemark>
    <name>Gore Mountain Bike Park [check operator]</name>
    <description><![CDATA[<b>Gore Mountain Bike Park - North Creek, NY</b><br/><br/><b>Trails</b><br/>7 miles of maintained downhill and gravity trails with purpose-built descending terrain. Check the current trail map for grades, closures and bike requirements.<br/><br/><b>Getting up / price</b><br/>1 chairlift. Day-ticket pricing varies by date; check the operator before travel.<br/><br/><b>Open season</b><br/>June - October (directory indication; weather and maintenance can shorten the season).<br/>Daily opening hours: 09:00-17:00<br/><small>Typical operating-day estimate; verify the operator calendar and hours.</small><br/><br/><b>Access</b><table class="access"><tr><th>From</th><th>Transport</th><th>Duration</th></tr><tr><td>North Creek</td><td>Car</td><td>Local</td></tr></table><br/><i>Sources: <a href="https://goremountain.com/todo/downhill-mountain-biking/">operator information</a> and <a href="https://www.twowheeledwanderer.com/posts/mountain-bike-parks-united-states/">US downhill bike-park directory</a>. Prices, schedules, trail status and access can change; verify before travel.</i>]]></description>
    <styleUrl>#placemark-blue</styleUrl>
    <Point><coordinates>-73.986727,43.691484,0</coordinates></Point>
    <ExtendedData xmlns:mwm="https://omaps.app">
      <Data name="spot"><value>us-gore-mountain-bike-park</value></Data>
      <Data name="tags"><value>beginner expert bikepark</value></Data>
      <Data name="open_from"><value>06-01</value></Data>
      <Data name="closed_from"><value>11-01</value></Data>
      <mwm:icon>Transport</mwm:icon><mwm:visibility>1</mwm:visibility>
    </ExtendedData>
  </Placemark>
  <Placemark>
    <name>Beech Mountain Bike Park [check operator]</name>
    <description><![CDATA[<b>Beech Mountain Bike Park - Beech Mountain, NC</b><br/><br/><b>Trails</b><br/>6 miles of maintained downhill and gravity trails with purpose-built descending terrain. Check the current trail map for grades, closures and bike requirements.<br/><br/><b>Getting up / price</b><br/>1 chairlift. Day-ticket pricing varies by date; check the operator before travel.<br/><br/><b>Open season</b><br/>May - October (directory indication; weather and maintenance can shorten the season).<br/>Daily opening hours: 09:00-17:00<br/><small>Typical operating-day estimate; verify the operator calendar and hours.</small><br/><br/><b>Access</b><table class="access"><tr><th>From</th><th>Transport</th><th>Duration</th></tr><tr><td>Beech Mountain</td><td>Car</td><td>Local</td></tr></table><br/><i>Sources: <a href="https://www.beechmountainresort.com/summer/mountain-biking/">operator information</a> and <a href="https://www.twowheeledwanderer.com/posts/mountain-bike-parks-united-states/">US downhill bike-park directory</a>. Prices, schedules, trail status and access can change; verify before travel.</i>]]></description>
    <styleUrl>#placemark-blue</styleUrl>
    <Point><coordinates>-81.930082,36.237221,0</coordinates></Point>
    <ExtendedData xmlns:mwm="https://omaps.app">
      <Data name="spot"><value>us-beech-mountain-bike-park</value></Data>
      <Data name="tags"><value>beginner expert bikepark</value></Data>
      <Data name="open_from"><value>05-01</value></Data>
      <Data name="closed_from"><value>11-01</value></Data>
      <mwm:icon>Transport</mwm:icon><mwm:visibility>1</mwm:visibility>
    </ExtendedData>
  </Placemark>
  <Placemark>
    <name>Sugar Mountain Bike Park [check operator]</name>
    <description><![CDATA[<b>Sugar Mountain Bike Park - Sugar Mountain, NC</b><br/><br/><b>Trails</b><br/>4 miles of maintained downhill and gravity trails with purpose-built descending terrain. Check the current trail map for grades, closures and bike requirements.<br/><br/><b>Getting up / price</b><br/>1 chairlift. Day-ticket pricing varies by date; check the operator before travel.<br/><br/><b>Open season</b><br/>May - October (directory indication; weather and maintenance can shorten the season).<br/>Daily opening hours: 09:00-17:00<br/><small>Typical operating-day estimate; verify the operator calendar and hours.</small><br/><br/><b>Access</b><table class="access"><tr><th>From</th><th>Transport</th><th>Duration</th></tr><tr><td>Sugar Mountain</td><td>Car</td><td>Local</td></tr></table><br/><i>Sources: <a href="https://seesugar.com/summer-bike-lift/">operator information</a> and <a href="https://www.twowheeledwanderer.com/posts/mountain-bike-parks-united-states/">US downhill bike-park directory</a>. Prices, schedules, trail status and access can change; verify before travel.</i>]]></description>
    <styleUrl>#placemark-blue</styleUrl>
    <Point><coordinates>-81.860112,36.127349,0</coordinates></Point>
    <ExtendedData xmlns:mwm="https://omaps.app">
      <Data name="spot"><value>us-sugar-mountain-bike-park</value></Data>
      <Data name="tags"><value>beginner expert bikepark</value></Data>
      <Data name="open_from"><value>05-01</value></Data>
      <Data name="closed_from"><value>11-01</value></Data>
      <mwm:icon>Transport</mwm:icon><mwm:visibility>1</mwm:visibility>
    </ExtendedData>
  </Placemark>
  <Placemark>
    <name>Ride Rock Creek Bike Park [check operator]</name>
    <description><![CDATA[<b>Ride Rock Creek Bike Park - Zirconia, NC</b><br/><br/><b>Trails</b><br/>6 miles of maintained downhill and gravity trails with purpose-built descending terrain. Check the current trail map for grades, closures and bike requirements.<br/><br/><b>Getting up / price</b><br/>1 shuttle. Day-ticket pricing varies by date; check the operator before travel.<br/><br/><b>Open season</b><br/>Open year-round depending on the weather (directory indication; weather and maintenance can shorten the season).<br/>Daily opening hours: 09:00-17:00<br/><small>Typical operating-day estimate; verify the operator calendar and hours.</small><br/><br/><b>Access</b><table class="access"><tr><th>From</th><th>Transport</th><th>Duration</th></tr><tr><td>Zirconia</td><td>Car</td><td>Local</td></tr></table><br/><i>Sources: <a href="https://riderockcreek.com/">operator information</a> and <a href="https://www.twowheeledwanderer.com/posts/mountain-bike-parks-united-states/">US downhill bike-park directory</a>. Prices, schedules, trail status and access can change; verify before travel.</i>]]></description>
    <styleUrl>#placemark-blue</styleUrl>
    <Point><coordinates>-82.517803,35.203856,0</coordinates></Point>
    <ExtendedData xmlns:mwm="https://omaps.app">
      <Data name="spot"><value>us-ride-rock-creek-bike-park</value></Data>
      <Data name="tags"><value>beginner expert bikepark</value></Data>
      <Data name="open_from"><value>01-01</value></Data>
      <Data name="closed_from"><value>01-01</value></Data>
      <mwm:icon>Transport</mwm:icon><mwm:visibility>1</mwm:visibility>
    </ExtendedData>
  </Placemark>
  <Placemark>
    <name>Horns Hill Bike Park [check operator]</name>
    <description><![CDATA[<b>Horns Hill Bike Park - Newark, OH</b><br/><br/><b>Trails</b><br/>8 miles of maintained downhill and gravity trails with purpose-built descending terrain. Check the current trail map for grades, closures and bike requirements.<br/><br/><b>Getting up / price</b><br/>1 shuttle. Day-ticket pricing varies by date; check the operator before travel.<br/><br/><b>Open season</b><br/>Open year-round depending on the weather (directory indication; weather and maintenance can shorten the season).<br/>Daily opening hours: 09:00-17:00<br/><small>Typical operating-day estimate; verify the operator calendar and hours.</small><br/><br/><b>Access</b><table class="access"><tr><th>From</th><th>Transport</th><th>Duration</th></tr><tr><td>Newark</td><td>Car</td><td>Local</td></tr></table><br/><i>Sources: <a href="https://hornshillbikepark.com/">operator information</a> and <a href="https://www.twowheeledwanderer.com/posts/mountain-bike-parks-united-states/">US downhill bike-park directory</a>. Prices, schedules, trail status and access can change; verify before travel.</i>]]></description>
    <styleUrl>#placemark-blue</styleUrl>
    <Point><coordinates>-82.408375,40.092174,0</coordinates></Point>
    <ExtendedData xmlns:mwm="https://omaps.app">
      <Data name="spot"><value>us-horns-hill-bike-park</value></Data>
      <Data name="tags"><value>beginner expert bikepark</value></Data>
      <Data name="open_from"><value>01-01</value></Data>
      <Data name="closed_from"><value>01-01</value></Data>
      <mwm:icon>Transport</mwm:icon><mwm:visibility>1</mwm:visibility>
    </ExtendedData>
  </Placemark>
  <Placemark>
    <name>Mt. Bachelor Bike Park [check operator]</name>
    <description><![CDATA[<b>Mt. Bachelor Bike Park - Bend, OR</b><br/><br/><b>Trails</b><br/>13+ miles within the park and tons of riding just outside of maintained downhill and gravity trails with purpose-built descending terrain. Check the current trail map for grades, closures and bike requirements.<br/><br/><b>Getting up / price</b><br/>2 chairlifts. Day-ticket pricing varies by date; check the operator before travel.<br/><br/><b>Open season</b><br/>June - October (directory indication; weather and maintenance can shorten the season).<br/>Daily opening hours: 09:00-17:00<br/><small>Typical operating-day estimate; verify the operator calendar and hours.</small><br/><br/><b>Access</b><table class="access"><tr><th>From</th><th>Transport</th><th>Duration</th></tr><tr><td>Bend</td><td>Car</td><td>Local</td></tr></table><br/><i>Sources: <a href="https://www.mtbachelor.com/the-mountain/bike-park/info/">operator information</a> and <a href="https://www.twowheeledwanderer.com/posts/mountain-bike-parks-united-states/">US downhill bike-park directory</a>. Prices, schedules, trail status and access can change; verify before travel.</i>]]></description>
    <styleUrl>#placemark-blue</styleUrl>
    <Point><coordinates>-121.688000,43.979000,0</coordinates></Point>
    <ExtendedData xmlns:mwm="https://omaps.app">
      <Data name="spot"><value>us-mt-bachelor-bike-park</value></Data>
      <Data name="tags"><value>beginner expert bikepark</value></Data>
      <Data name="open_from"><value>06-01</value></Data>
      <Data name="closed_from"><value>11-01</value></Data>
      <mwm:icon>Transport</mwm:icon><mwm:visibility>1</mwm:visibility>
    </ExtendedData>
  </Placemark>
  <Placemark>
    <name>Timberline Bike Park [check operator]</name>
    <description><![CDATA[<b>Timberline Bike Park - Government Camp, OR</b><br/><br/><b>Trails</b><br/>20 miles of maintained downhill and gravity trails with purpose-built descending terrain. Check the current trail map for grades, closures and bike requirements.<br/><br/><b>Getting up / price</b><br/>1 chairlift. Day-ticket pricing varies by date; check the operator before travel.<br/><br/><b>Open season</b><br/>June - September (directory indication; weather and maintenance can shorten the season).<br/>Daily opening hours: 09:00-17:00<br/><small>Typical operating-day estimate; verify the operator calendar and hours.</small><br/><br/><b>Access</b><table class="access"><tr><th>From</th><th>Transport</th><th>Duration</th></tr><tr><td>Government Camp</td><td>Car</td><td>Local</td></tr></table><br/><i>Sources: <a href="https://www.timberlinelodge.com/mountain/bike-park">operator information</a> and <a href="https://www.twowheeledwanderer.com/posts/mountain-bike-parks-united-states/">US downhill bike-park directory</a>. Prices, schedules, trail status and access can change; verify before travel.</i>]]></description>
    <styleUrl>#placemark-blue</styleUrl>
    <Point><coordinates>-121.754760,45.304103,0</coordinates></Point>
    <ExtendedData xmlns:mwm="https://omaps.app">
      <Data name="spot"><value>us-timberline-bike-park</value></Data>
      <Data name="tags"><value>beginner expert bikepark</value></Data>
      <Data name="open_from"><value>06-01</value></Data>
      <Data name="closed_from"><value>10-01</value></Data>
      <mwm:icon>Transport</mwm:icon><mwm:visibility>1</mwm:visibility>
    </ExtendedData>
  </Placemark>
  <Placemark>
    <name>Blue Mountain Bike Park [check operator]</name>
    <description><![CDATA[<b>Blue Mountain Bike Park - Palmerton, PA</b><br/><br/><b>Trails</b><br/>12 miles of maintained downhill and gravity trails with purpose-built descending terrain. Check the current trail map for grades, closures and bike requirements.<br/><br/><b>Getting up / price</b><br/>1 chairlift. Day-ticket pricing varies by date; check the operator before travel.<br/><br/><b>Open season</b><br/>May - October (directory indication; weather and maintenance can shorten the season).<br/>Daily opening hours: 09:00-17:00<br/><small>Typical operating-day estimate; verify the operator calendar and hours.</small><br/><br/><b>Access</b><table class="access"><tr><th>From</th><th>Transport</th><th>Duration</th></tr><tr><td>Palmerton</td><td>Car</td><td>Local</td></tr></table><br/><i>Sources: <a href="https://www.skibluemt.com/outdoor/mountain-biking/">operator information</a> and <a href="https://www.twowheeledwanderer.com/posts/mountain-bike-parks-united-states/">US downhill bike-park directory</a>. Prices, schedules, trail status and access can change; verify before travel.</i>]]></description>
    <styleUrl>#placemark-blue</styleUrl>
    <Point><coordinates>-75.610187,40.801483,0</coordinates></Point>
    <ExtendedData xmlns:mwm="https://omaps.app">
      <Data name="spot"><value>us-blue-mountain-bike-park</value></Data>
      <Data name="tags"><value>beginner expert bikepark</value></Data>
      <Data name="open_from"><value>05-01</value></Data>
      <Data name="closed_from"><value>11-01</value></Data>
      <mwm:icon>Transport</mwm:icon><mwm:visibility>1</mwm:visibility>
    </ExtendedData>
  </Placemark>
  <Placemark>
    <name>Windrock Bike Park [check operator]</name>
    <description><![CDATA[<b>Windrock Bike Park - Olive Springs, TN</b><br/><br/><b>Trails</b><br/>13 miles of maintained downhill and gravity trails with purpose-built descending terrain. Check the current trail map for grades, closures and bike requirements.<br/><br/><b>Getting up / price</b><br/>1 shuttle. Day-ticket pricing varies by date; check the operator before travel.<br/><br/><b>Open season</b><br/>Open year-round (directory indication; weather and maintenance can shorten the season).<br/>Daily opening hours: 09:00-17:00<br/><small>Typical operating-day estimate; verify the operator calendar and hours.</small><br/><br/><b>Access</b><table class="access"><tr><th>From</th><th>Transport</th><th>Duration</th></tr><tr><td>Olive Springs</td><td>Car</td><td>Local</td></tr></table><br/><i>Sources: <a href="https://windrockbikepark.com/">operator information</a> and <a href="https://www.twowheeledwanderer.com/posts/mountain-bike-parks-united-states/">US downhill bike-park directory</a>. Prices, schedules, trail status and access can change; verify before travel.</i>]]></description>
    <styleUrl>#placemark-blue</styleUrl>
    <Point><coordinates>-84.343297,36.046258,0</coordinates></Point>
    <ExtendedData xmlns:mwm="https://omaps.app">
      <Data name="spot"><value>us-windrock-bike-park</value></Data>
      <Data name="tags"><value>beginner expert bikepark</value></Data>
      <Data name="open_from"><value>01-01</value></Data>
      <Data name="closed_from"><value>01-01</value></Data>
      <mwm:icon>Transport</mwm:icon><mwm:visibility>1</mwm:visibility>
    </ExtendedData>
  </Placemark>
  <Placemark>
    <name>Spider Mountain Bike Park [check operator]</name>
    <description><![CDATA[<b>Spider Mountain Bike Park - Burnet, TX</b><br/><br/><b>Trails</b><br/>6 miles of maintained downhill and gravity trails with purpose-built descending terrain. Check the current trail map for grades, closures and bike requirements.<br/><br/><b>Getting up / price</b><br/>1 chairlift. Day-ticket pricing varies by date; check the operator before travel.<br/><br/><b>Open season</b><br/>Open year-round (directory indication; weather and maintenance can shorten the season).<br/>Daily opening hours: 09:00-17:00<br/><small>Typical operating-day estimate; verify the operator calendar and hours.</small><br/><br/><b>Access</b><table class="access"><tr><th>From</th><th>Transport</th><th>Duration</th></tr><tr><td>Burnet</td><td>Car</td><td>Local</td></tr></table><br/><i>Sources: <a href="https://www.avantlink.com/click.php?tt=el&amp;merchant_id=09c1ceae-6670-45b0-a04f-dc8d02941db0&amp;website_id=54e58999-cdb6-4f11-9634-8b19a7e0f62f&amp;url=https%3A%2F%2Fwww.spidermountain.com%2F">operator information</a> and <a href="https://www.twowheeledwanderer.com/posts/mountain-bike-parks-united-states/">US downhill bike-park directory</a>. Prices, schedules, trail status and access can change; verify before travel.</i>]]></description>
    <styleUrl>#placemark-blue</styleUrl>
    <Point><coordinates>-98.338894,30.835504,0</coordinates></Point>
    <ExtendedData xmlns:mwm="https://omaps.app">
      <Data name="spot"><value>us-spider-mountain-bike-park</value></Data>
      <Data name="tags"><value>beginner expert bikepark</value></Data>
      <Data name="open_from"><value>01-01</value></Data>
      <Data name="closed_from"><value>01-01</value></Data>
      <mwm:icon>Transport</mwm:icon><mwm:visibility>1</mwm:visibility>
    </ExtendedData>
  </Placemark>
  <Placemark>
    <name>Brian Head Bike Park [check operator]</name>
    <description><![CDATA[<b>Brian Head Bike Park - Brian Head, UT</b><br/><br/><b>Trails</b><br/>63 miles including backcountry singletrack of maintained downhill and gravity trails with purpose-built descending terrain. Check the current trail map for grades, closures and bike requirements.<br/><br/><b>Getting up / price</b><br/>1 chairlift. Day-ticket pricing varies by date; check the operator before travel.<br/><br/><b>Open season</b><br/>June – September (directory indication; weather and maintenance can shorten the season).<br/>Daily opening hours: 09:00-17:00<br/><small>Typical operating-day estimate; verify the operator calendar and hours.</small><br/><br/><b>Access</b><table class="access"><tr><th>From</th><th>Transport</th><th>Duration</th></tr><tr><td>Brian Head</td><td>Car</td><td>Local</td></tr></table><br/><i>Sources: <a href="https://www.brianhead.com/mountain-biking/">operator information</a> and <a href="https://www.twowheeledwanderer.com/posts/mountain-bike-parks-united-states/">US downhill bike-park directory</a>. Prices, schedules, trail status and access can change; verify before travel.</i>]]></description>
    <styleUrl>#placemark-blue</styleUrl>
    <Point><coordinates>-112.850776,37.692755,0</coordinates></Point>
    <ExtendedData xmlns:mwm="https://omaps.app">
      <Data name="spot"><value>us-brian-head-bike-park</value></Data>
      <Data name="tags"><value>beginner expert bikepark</value></Data>
      <Data name="open_from"><value>06-01</value></Data>
      <Data name="closed_from"><value>10-01</value></Data>
      <mwm:icon>Transport</mwm:icon><mwm:visibility>1</mwm:visibility>
    </ExtendedData>
  </Placemark>
  <Placemark>
    <name>Deer Valley Bike Park [check operator]</name>
    <description><![CDATA[<b>Deer Valley Bike Park - Park City, UT</b><br/><br/><b>Trails</b><br/>70 miles of maintained downhill and gravity trails with purpose-built descending terrain. Check the current trail map for grades, closures and bike requirements.<br/><br/><b>Getting up / price</b><br/>3 chairlifts. Day-ticket pricing varies by date; check the operator before travel.<br/><br/><b>Open season</b><br/>June – September (directory indication; weather and maintenance can shorten the season).<br/>Daily opening hours: 09:00-17:00<br/><small>Typical operating-day estimate; verify the operator calendar and hours.</small><br/><br/><b>Access</b><table class="access"><tr><th>From</th><th>Transport</th><th>Duration</th></tr><tr><td>Park City</td><td>Car</td><td>Local</td></tr></table><br/><i>Sources: <a href="https://www.deervalley.com/things-to-do/activities/mountain-biking">operator information</a> and <a href="https://www.twowheeledwanderer.com/posts/mountain-bike-parks-united-states/">US downhill bike-park directory</a>. Prices, schedules, trail status and access can change; verify before travel.</i>]]></description>
    <styleUrl>#placemark-blue</styleUrl>
    <Point><coordinates>-111.478251,40.637403,0</coordinates></Point>
    <ExtendedData xmlns:mwm="https://omaps.app">
      <Data name="spot"><value>us-deer-valley-bike-park</value></Data>
      <Data name="tags"><value>beginner expert bikepark</value></Data>
      <Data name="open_from"><value>06-01</value></Data>
      <Data name="closed_from"><value>10-01</value></Data>
      <mwm:icon>Transport</mwm:icon><mwm:visibility>1</mwm:visibility>
    </ExtendedData>
  </Placemark>
  <Placemark>
    <name>Snow Basin Bike Park [check operator]</name>
    <description><![CDATA[<b>Snow Basin Bike Park - Ogden, UT</b><br/><br/><b>Trails</b><br/>67 miles including connecting cross-country singletrack of maintained downhill and gravity trails with purpose-built descending terrain. Check the current trail map for grades, closures and bike requirements.<br/><br/><b>Getting up / price</b><br/>1 gondola. Day-ticket pricing varies by date; check the operator before travel.<br/><br/><b>Open season</b><br/>June – October (directory indication; weather and maintenance can shorten the season).<br/>Daily opening hours: 09:00-17:00<br/><small>Typical operating-day estimate; verify the operator calendar and hours.</small><br/><br/><b>Access</b><table class="access"><tr><th>From</th><th>Transport</th><th>Duration</th></tr><tr><td>Ogden</td><td>Car</td><td>Local</td></tr></table><br/><i>Sources: <a href="https://www.snowbasin.com/hiking-biking/">operator information</a> and <a href="https://www.twowheeledwanderer.com/posts/mountain-bike-parks-united-states/">US downhill bike-park directory</a>. Prices, schedules, trail status and access can change; verify before travel.</i>]]></description>
    <styleUrl>#placemark-blue</styleUrl>
    <Point><coordinates>-111.860000,41.216000,0</coordinates></Point>
    <ExtendedData xmlns:mwm="https://omaps.app">
      <Data name="spot"><value>us-snow-basin-bike-park</value></Data>
      <Data name="tags"><value>beginner expert bikepark</value></Data>
      <Data name="open_from"><value>06-01</value></Data>
      <Data name="closed_from"><value>11-01</value></Data>
      <mwm:icon>Transport</mwm:icon><mwm:visibility>1</mwm:visibility>
    </ExtendedData>
  </Placemark>
  <Placemark>
    <name>Solitude Mountain Bike Park [check operator]</name>
    <description><![CDATA[<b>Solitude Mountain Bike Park - Brighton, UT</b><br/><br/><b>Trails</b><br/>39 miles including connecting backcountry trails of maintained downhill and gravity trails with purpose-built descending terrain. Check the current trail map for grades, closures and bike requirements.<br/><br/><b>Getting up / price</b><br/>2 chairlifts. Day-ticket pricing varies by date; check the operator before travel.<br/><br/><b>Open season</b><br/>June – October (directory indication; weather and maintenance can shorten the season).<br/>Daily opening hours: 09:00-17:00<br/><small>Typical operating-day estimate; verify the operator calendar and hours.</small><br/><br/><b>Access</b><table class="access"><tr><th>From</th><th>Transport</th><th>Duration</th></tr><tr><td>Brighton</td><td>Car</td><td>Local</td></tr></table><br/><i>Sources: <a href="https://www.solitudemountain.com/things-to-do/mountain-bike">operator information</a> and <a href="https://www.twowheeledwanderer.com/posts/mountain-bike-parks-united-states/">US downhill bike-park directory</a>. Prices, schedules, trail status and access can change; verify before travel.</i>]]></description>
    <styleUrl>#placemark-blue</styleUrl>
    <Point><coordinates>-111.583719,40.597991,0</coordinates></Point>
    <ExtendedData xmlns:mwm="https://omaps.app">
      <Data name="spot"><value>us-solitude-mountain-bike-park</value></Data>
      <Data name="tags"><value>beginner expert bikepark</value></Data>
      <Data name="open_from"><value>06-01</value></Data>
      <Data name="closed_from"><value>11-01</value></Data>
      <mwm:icon>Transport</mwm:icon><mwm:visibility>1</mwm:visibility>
    </ExtendedData>
  </Placemark>
  <Placemark>
    <name>Sundance Bike Park [check operator]</name>
    <description><![CDATA[<b>Sundance Bike Park - Sundance, UT</b><br/><br/><b>Trails</b><br/>25+ miles of maintained downhill and gravity trails with purpose-built descending terrain. Check the current trail map for grades, closures and bike requirements.<br/><br/><b>Getting up / price</b><br/>2 chairlifts. Day-ticket pricing varies by date; check the operator before travel.<br/><br/><b>Open season</b><br/>June – September (directory indication; weather and maintenance can shorten the season).<br/>Daily opening hours: 09:00-17:00<br/><small>Typical operating-day estimate; verify the operator calendar and hours.</small><br/><br/><b>Access</b><table class="access"><tr><th>From</th><th>Transport</th><th>Duration</th></tr><tr><td>Sundance</td><td>Car</td><td>Local</td></tr></table><br/><i>Sources: <a href="https://www.sundanceresort.com/summer-activities/mountain-bike-lift-rides/">operator information</a> and <a href="https://www.twowheeledwanderer.com/posts/mountain-bike-parks-united-states/">US downhill bike-park directory</a>. Prices, schedules, trail status and access can change; verify before travel.</i>]]></description>
    <styleUrl>#placemark-blue</styleUrl>
    <Point><coordinates>-111.579000,40.392000,0</coordinates></Point>
    <ExtendedData xmlns:mwm="https://omaps.app">
      <Data name="spot"><value>us-sundance-bike-park</value></Data>
      <Data name="tags"><value>beginner expert bikepark</value></Data>
      <Data name="open_from"><value>06-01</value></Data>
      <Data name="closed_from"><value>10-01</value></Data>
      <mwm:icon>Transport</mwm:icon><mwm:visibility>1</mwm:visibility>
    </ExtendedData>
  </Placemark>
  <Placemark>
    <name>Powder Mountain Bike Park [check operator]</name>
    <description><![CDATA[<b>Powder Mountain Bike Park - Eden, UT</b><br/><br/><b>Trails</b><br/>10+ miles of maintained downhill and gravity trails with purpose-built descending terrain. Check the current trail map for grades, closures and bike requirements.<br/><br/><b>Getting up / price</b><br/>2 chairlifts. Day-ticket pricing varies by date; check the operator before travel.<br/><br/><b>Open season</b><br/>June – September (directory indication; weather and maintenance can shorten the season).<br/>Daily opening hours: 09:00-17:00<br/><small>Typical operating-day estimate; verify the operator calendar and hours.</small><br/><br/><b>Access</b><table class="access"><tr><th>From</th><th>Transport</th><th>Duration</th></tr><tr><td>Eden</td><td>Car</td><td>Local</td></tr></table><br/><i>Sources: <a href="https://powdermountain.com/activities/multi-use-trails">operator information</a> and <a href="https://www.twowheeledwanderer.com/posts/mountain-bike-parks-united-states/">US downhill bike-park directory</a>. Prices, schedules, trail status and access can change; verify before travel.</i>]]></description>
    <styleUrl>#placemark-blue</styleUrl>
    <Point><coordinates>-111.826295,41.304474,0</coordinates></Point>
    <ExtendedData xmlns:mwm="https://omaps.app">
      <Data name="spot"><value>us-powder-mountain-bike-park</value></Data>
      <Data name="tags"><value>beginner expert bikepark</value></Data>
      <Data name="open_from"><value>06-01</value></Data>
      <Data name="closed_from"><value>10-01</value></Data>
      <mwm:icon>Transport</mwm:icon><mwm:visibility>1</mwm:visibility>
    </ExtendedData>
  </Placemark>
  <Placemark>
    <name>Woodward Park City [check operator]</name>
    <description><![CDATA[<b>Woodward Park City - Park City, UT</b><br/><br/><b>Trails</b><br/>7 miles of maintained downhill and gravity trails with purpose-built descending terrain. Check the current trail map for grades, closures and bike requirements.<br/><br/><b>Getting up / price</b><br/>1 chairlift. Day-ticket pricing varies by date; check the operator before travel.<br/><br/><b>Open season</b><br/>June – October (directory indication; weather and maintenance can shorten the season).<br/>Daily opening hours: 09:00-17:00<br/><small>Typical operating-day estimate; verify the operator calendar and hours.</small><br/><br/><b>Access</b><table class="access"><tr><th>From</th><th>Transport</th><th>Duration</th></tr><tr><td>Park City</td><td>Car</td><td>Local</td></tr></table><br/><i>Sources: <a href="https://www.woodwardparkcity.com/">operator information</a> and <a href="https://www.twowheeledwanderer.com/posts/mountain-bike-parks-united-states/">US downhill bike-park directory</a>. Prices, schedules, trail status and access can change; verify before travel.</i>]]></description>
    <styleUrl>#placemark-blue</styleUrl>
    <Point><coordinates>-111.581000,40.754000,0</coordinates></Point>
    <ExtendedData xmlns:mwm="https://omaps.app">
      <Data name="spot"><value>us-woodward-park-city</value></Data>
      <Data name="tags"><value>beginner expert bikepark</value></Data>
      <Data name="open_from"><value>06-01</value></Data>
      <Data name="closed_from"><value>11-01</value></Data>
      <mwm:icon>Transport</mwm:icon><mwm:visibility>1</mwm:visibility>
    </ExtendedData>
  </Placemark>
  <Placemark>
    <name>Bolton Valley Bike Park [check operator]</name>
    <description><![CDATA[<b>Bolton Valley Bike Park - Bolton Valley, VT</b><br/><br/><b>Trails</b><br/>28 miles of maintained downhill and gravity trails with purpose-built descending terrain. Check the current trail map for grades, closures and bike requirements.<br/><br/><b>Getting up / price</b><br/>1 chairlift. Day-ticket pricing varies by date; check the operator before travel.<br/><br/><b>Open season</b><br/>May - October (directory indication; weather and maintenance can shorten the season).<br/>Daily opening hours: 09:00-17:00<br/><small>Typical operating-day estimate; verify the operator calendar and hours.</small><br/><br/><b>Access</b><table class="access"><tr><th>From</th><th>Transport</th><th>Duration</th></tr><tr><td>Bolton Valley</td><td>Car</td><td>Local</td></tr></table><br/><i>Sources: <a href="https://www.boltonvalley.com/summer/mountain-biking/">operator information</a> and <a href="https://www.twowheeledwanderer.com/posts/mountain-bike-parks-united-states/">US downhill bike-park directory</a>. Prices, schedules, trail status and access can change; verify before travel.</i>]]></description>
    <styleUrl>#placemark-blue</styleUrl>
    <Point><coordinates>-72.841577,44.417593,0</coordinates></Point>
    <ExtendedData xmlns:mwm="https://omaps.app">
      <Data name="spot"><value>us-bolton-valley-bike-park</value></Data>
      <Data name="tags"><value>beginner expert bikepark</value></Data>
      <Data name="open_from"><value>05-01</value></Data>
      <Data name="closed_from"><value>11-01</value></Data>
      <mwm:icon>Transport</mwm:icon><mwm:visibility>1</mwm:visibility>
    </ExtendedData>
  </Placemark>
  <Placemark>
    <name>Burke Mountain Bike Park [check operator]</name>
    <description><![CDATA[<b>Burke Mountain Bike Park - East Burke, VT</b><br/><br/><b>Trails</b><br/>21 miles plus many more at Kingdom Trails of maintained downhill and gravity trails with purpose-built descending terrain. Check the current trail map for grades, closures and bike requirements.<br/><br/><b>Getting up / price</b><br/>1 chairlift. Day-ticket pricing varies by date; check the operator before travel.<br/><br/><b>Open season</b><br/>May - October (directory indication; weather and maintenance can shorten the season).<br/>Daily opening hours: 09:00-17:00<br/><small>Typical operating-day estimate; verify the operator calendar and hours.</small><br/><br/><b>Access</b><table class="access"><tr><th>From</th><th>Transport</th><th>Duration</th></tr><tr><td>East Burke</td><td>Car</td><td>Local</td></tr></table><br/><i>Sources: <a href="https://skiburke.com/mountain-biking/the-trails/burke-mountain-bike-park/">operator information</a> and <a href="https://www.twowheeledwanderer.com/posts/mountain-bike-parks-united-states/">US downhill bike-park directory</a>. Prices, schedules, trail status and access can change; verify before travel.</i>]]></description>
    <styleUrl>#placemark-blue</styleUrl>
    <Point><coordinates>-71.940562,44.589150,0</coordinates></Point>
    <ExtendedData xmlns:mwm="https://omaps.app">
      <Data name="spot"><value>us-burke-mountain-bike-park</value></Data>
      <Data name="tags"><value>beginner expert bikepark</value></Data>
      <Data name="open_from"><value>05-01</value></Data>
      <Data name="closed_from"><value>11-01</value></Data>
      <mwm:icon>Transport</mwm:icon><mwm:visibility>1</mwm:visibility>
    </ExtendedData>
  </Placemark>
  <Placemark>
    <name>Killington Bike Park [check operator]</name>
    <description><![CDATA[<b>Killington Bike Park - Killington, VT</b><br/><br/><b>Trails</b><br/>32 miles of maintained downhill and gravity trails with purpose-built descending terrain. Check the current trail map for grades, closures and bike requirements.<br/><br/><b>Getting up / price</b><br/>2 chairlifts, 1 gondola. Day-ticket pricing varies by date; check the operator before travel.<br/><br/><b>Open season</b><br/>May - October (directory indication; weather and maintenance can shorten the season).<br/>Daily opening hours: 09:00-17:00<br/><small>Typical operating-day estimate; verify the operator calendar and hours.</small><br/><br/><b>Access</b><table class="access"><tr><th>From</th><th>Transport</th><th>Duration</th></tr><tr><td>Killington</td><td>Car</td><td>Local</td></tr></table><br/><i>Sources: <a href="https://www.killington.com/things-to-do/activities/bike-park/">operator information</a> and <a href="https://www.twowheeledwanderer.com/posts/mountain-bike-parks-united-states/">US downhill bike-park directory</a>. Prices, schedules, trail status and access can change; verify before travel.</i>]]></description>
    <styleUrl>#placemark-blue</styleUrl>
    <Point><coordinates>-72.778445,43.674330,0</coordinates></Point>
    <ExtendedData xmlns:mwm="https://omaps.app">
      <Data name="spot"><value>us-killington-bike-park</value></Data>
      <Data name="tags"><value>beginner expert bikepark</value></Data>
      <Data name="open_from"><value>05-01</value></Data>
      <Data name="closed_from"><value>11-01</value></Data>
      <mwm:icon>Transport</mwm:icon><mwm:visibility>1</mwm:visibility>
    </ExtendedData>
  </Placemark>
  <Placemark>
    <name>Stratton Mountain Bike Park [check operator]</name>
    <description><![CDATA[<b>Stratton Mountain Bike Park - Stratton, VT</b><br/><br/><b>Trails</b><br/>10+ miles of maintained downhill and gravity trails with purpose-built descending terrain. Check the current trail map for grades, closures and bike requirements.<br/><br/><b>Getting up / price</b><br/>1 chairlift, 1 magic carpet. Day-ticket pricing varies by date; check the operator before travel.<br/><br/><b>Open season</b><br/>May - October (directory indication; weather and maintenance can shorten the season).<br/>Daily opening hours: 09:00-17:00<br/><small>Typical operating-day estimate; verify the operator calendar and hours.</small><br/><br/><b>Access</b><table class="access"><tr><th>From</th><th>Transport</th><th>Duration</th></tr><tr><td>Stratton</td><td>Car</td><td>Local</td></tr></table><br/><i>Sources: <a href="https://www.stratton.com/Plan-your-trip/Bike-Park">operator information</a> and <a href="https://www.twowheeledwanderer.com/posts/mountain-bike-parks-united-states/">US downhill bike-park directory</a>. Prices, schedules, trail status and access can change; verify before travel.</i>]]></description>
    <styleUrl>#placemark-blue</styleUrl>
    <Point><coordinates>-72.910933,43.042856,0</coordinates></Point>
    <ExtendedData xmlns:mwm="https://omaps.app">
      <Data name="spot"><value>us-stratton-mountain-bike-park</value></Data>
      <Data name="tags"><value>beginner expert bikepark</value></Data>
      <Data name="open_from"><value>05-01</value></Data>
      <Data name="closed_from"><value>11-01</value></Data>
      <mwm:icon>Transport</mwm:icon><mwm:visibility>1</mwm:visibility>
    </ExtendedData>
  </Placemark>
  <Placemark>
    <name>Mt. Snow Bike Park [check operator]</name>
    <description><![CDATA[<b>Mt. Snow Bike Park - West Dover, VT</b><br/><br/><b>Trails</b><br/>12 miles of maintained downhill and gravity trails with purpose-built descending terrain. Check the current trail map for grades, closures and bike requirements.<br/><br/><b>Getting up / price</b><br/>2 chairlifts. Day-ticket pricing varies by date; check the operator before travel.<br/><br/><b>Open season</b><br/>June - October (directory indication; weather and maintenance can shorten the season).<br/>Daily opening hours: 09:00-17:00<br/><small>Typical operating-day estimate; verify the operator calendar and hours.</small><br/><br/><b>Access</b><table class="access"><tr><th>From</th><th>Transport</th><th>Duration</th></tr><tr><td>West Dover</td><td>Car</td><td>Local</td></tr></table><br/><i>Sources: <a href="https://www.mountsnow.com/explore-the-resort/activities-and-events/summer-activities/mount-snow-bike-park.aspx">operator information</a> and <a href="https://www.twowheeledwanderer.com/posts/mountain-bike-parks-united-states/">US downhill bike-park directory</a>. Prices, schedules, trail status and access can change; verify before travel.</i>]]></description>
    <styleUrl>#placemark-blue</styleUrl>
    <Point><coordinates>-72.853136,42.939502,0</coordinates></Point>
    <ExtendedData xmlns:mwm="https://omaps.app">
      <Data name="spot"><value>us-mt-snow-bike-park</value></Data>
      <Data name="tags"><value>beginner expert bikepark</value></Data>
      <Data name="open_from"><value>06-01</value></Data>
      <Data name="closed_from"><value>11-01</value></Data>
      <mwm:icon>Transport</mwm:icon><mwm:visibility>1</mwm:visibility>
    </ExtendedData>
  </Placemark>
  <Placemark>
    <name>Bryce Bike Park [check operator]</name>
    <description><![CDATA[<b>Bryce Bike Park - Bayse, VA</b><br/><br/><b>Trails</b><br/>6 miles of maintained downhill and gravity trails with purpose-built descending terrain. Check the current trail map for grades, closures and bike requirements.<br/><br/><b>Getting up / price</b><br/>1 chairlift. Day-ticket pricing varies by date; check the operator before travel.<br/><br/><b>Open season</b><br/>May - October (directory indication; weather and maintenance can shorten the season).<br/>Daily opening hours: 09:00-17:00<br/><small>Typical operating-day estimate; verify the operator calendar and hours.</small><br/><br/><b>Access</b><table class="access"><tr><th>From</th><th>Transport</th><th>Duration</th></tr><tr><td>Bayse</td><td>Car</td><td>Local</td></tr></table><br/><i>Sources: <a href="https://bryceresort.com/bryce-bike-park/">operator information</a> and <a href="https://www.twowheeledwanderer.com/posts/mountain-bike-parks-united-states/">US downhill bike-park directory</a>. Prices, schedules, trail status and access can change; verify before travel.</i>]]></description>
    <styleUrl>#placemark-blue</styleUrl>
    <Point><coordinates>-78.766006,38.820245,0</coordinates></Point>
    <ExtendedData xmlns:mwm="https://omaps.app">
      <Data name="spot"><value>us-bryce-bike-park</value></Data>
      <Data name="tags"><value>beginner expert bikepark</value></Data>
      <Data name="open_from"><value>05-01</value></Data>
      <Data name="closed_from"><value>11-01</value></Data>
      <mwm:icon>Transport</mwm:icon><mwm:visibility>1</mwm:visibility>
    </ExtendedData>
  </Placemark>
  <Placemark>
    <name>Massanutten Bike Park [check operator]</name>
    <description><![CDATA[<b>Massanutten Bike Park - Harrisonburg, VA</b><br/><br/><b>Trails</b><br/>7 miles of maintained downhill and gravity trails with purpose-built descending terrain. Check the current trail map for grades, closures and bike requirements.<br/><br/><b>Getting up / price</b><br/>2 chairlifts. Day-ticket pricing varies by date; check the operator before travel.<br/><br/><b>Open season</b><br/>March - November (directory indication; weather and maintenance can shorten the season).<br/>Daily opening hours: 09:00-17:00<br/><small>Typical operating-day estimate; verify the operator calendar and hours.</small><br/><br/><b>Access</b><table class="access"><tr><th>From</th><th>Transport</th><th>Duration</th></tr><tr><td>Harrisonburg</td><td>Car</td><td>Local</td></tr></table><br/><i>Sources: <a href="https://www.massresort.com/play/mountain-biking/bike-park/">operator information</a> and <a href="https://www.twowheeledwanderer.com/posts/mountain-bike-parks-united-states/">US downhill bike-park directory</a>. Prices, schedules, trail status and access can change; verify before travel.</i>]]></description>
    <styleUrl>#placemark-blue</styleUrl>
    <Point><coordinates>-78.867730,38.453888,0</coordinates></Point>
    <ExtendedData xmlns:mwm="https://omaps.app">
      <Data name="spot"><value>us-massanutten-bike-park</value></Data>
      <Data name="tags"><value>beginner expert bikepark</value></Data>
      <Data name="open_from"><value>03-01</value></Data>
      <Data name="closed_from"><value>12-01</value></Data>
      <mwm:icon>Transport</mwm:icon><mwm:visibility>1</mwm:visibility>
    </ExtendedData>
  </Placemark>
  <Placemark>
    <name>Western Slope Bike Park [check operator]</name>
    <description><![CDATA[<b>Western Slope Bike Park - Harrisonburg, VA</b><br/><br/><b>Trails</b><br/>32 miles of maintained downhill and gravity trails with purpose-built descending terrain. Check the current trail map for grades, closures and bike requirements.<br/><br/><b>Getting up / price</b><br/>1 shuttle. Day-ticket pricing varies by date; check the operator before travel.<br/><br/><b>Open season</b><br/>March - November (directory indication; weather and maintenance can shorten the season).<br/>Daily opening hours: 09:00-17:00<br/><small>Typical operating-day estimate; verify the operator calendar and hours.</small><br/><br/><b>Access</b><table class="access"><tr><th>From</th><th>Transport</th><th>Duration</th></tr><tr><td>Harrisonburg</td><td>Car</td><td>Local</td></tr></table><br/><i>Sources: <a href="https://svbcoalition.org/western-slope-trails/">operator information</a> and <a href="https://www.twowheeledwanderer.com/posts/mountain-bike-parks-united-states/">US downhill bike-park directory</a>. Prices, schedules, trail status and access can change; verify before travel.</i>]]></description>
    <styleUrl>#placemark-blue</styleUrl>
    <Point><coordinates>-78.867730,38.453888,0</coordinates></Point>
    <ExtendedData xmlns:mwm="https://omaps.app">
      <Data name="spot"><value>us-western-slope-bike-park</value></Data>
      <Data name="tags"><value>beginner expert bikepark</value></Data>
      <Data name="open_from"><value>03-01</value></Data>
      <Data name="closed_from"><value>12-01</value></Data>
      <mwm:icon>Transport</mwm:icon><mwm:visibility>1</mwm:visibility>
    </ExtendedData>
  </Placemark>
  <Placemark>
    <name>Steven's Pass Bike Park [check operator]</name>
    <description><![CDATA[<b>Steven's Pass Bike Park - Leavenworth, WA</b><br/><br/><b>Trails</b><br/>23 miles of maintained downhill and gravity trails with purpose-built descending terrain. Check the current trail map for grades, closures and bike requirements.<br/><br/><b>Getting up / price</b><br/>1 chairlift. Day-ticket pricing varies by date; check the operator before travel.<br/><br/><b>Open season</b><br/>June - September (directory indication; weather and maintenance can shorten the season).<br/>Daily opening hours: 09:00-17:00<br/><small>Typical operating-day estimate; verify the operator calendar and hours.</small><br/><br/><b>Access</b><table class="access"><tr><th>From</th><th>Transport</th><th>Duration</th></tr><tr><td>Leavenworth</td><td>Car</td><td>Local</td></tr></table><br/><i>Sources: <a href="https://www.stevenspass.com/explore-the-resort/activities-and-events/mountain-biking.aspx">operator information</a> and <a href="https://www.twowheeledwanderer.com/posts/mountain-bike-parks-united-states/">US downhill bike-park directory</a>. Prices, schedules, trail status and access can change; verify before travel.</i>]]></description>
    <styleUrl>#placemark-blue</styleUrl>
    <Point><coordinates>-121.089000,47.744000,0</coordinates></Point>
    <ExtendedData xmlns:mwm="https://omaps.app">
      <Data name="spot"><value>us-stevens-pass-bike-park</value></Data>
      <Data name="tags"><value>beginner expert bikepark</value></Data>
      <Data name="open_from"><value>06-01</value></Data>
      <Data name="closed_from"><value>10-01</value></Data>
      <mwm:icon>Transport</mwm:icon><mwm:visibility>1</mwm:visibility>
    </ExtendedData>
  </Placemark>
  <Placemark>
    <name>The Summit Bike Park @ Snoqualmie [check operator]</name>
    <description><![CDATA[<b>The Summit Bike Park @ Snoqualmie - North Bend, WA</b><br/><br/><b>Trails</b><br/>8 miles of maintained downhill and gravity trails with purpose-built descending terrain. Check the current trail map for grades, closures and bike requirements.<br/><br/><b>Getting up / price</b><br/>1 chairlift. Day-ticket pricing varies by date; check the operator before travel.<br/><br/><b>Open season</b><br/>June - September (directory indication; weather and maintenance can shorten the season).<br/>Daily opening hours: 09:00-17:00<br/><small>Typical operating-day estimate; verify the operator calendar and hours.</small><br/><br/><b>Access</b><table class="access"><tr><th>From</th><th>Transport</th><th>Duration</th></tr><tr><td>North Bend</td><td>Car</td><td>Local</td></tr></table><br/><i>Sources: <a href="https://www.summitatsnoqualmie.com/activities/biking">operator information</a> and <a href="https://www.twowheeledwanderer.com/posts/mountain-bike-parks-united-states/">US downhill bike-park directory</a>. Prices, schedules, trail status and access can change; verify before travel.</i>]]></description>
    <styleUrl>#placemark-blue</styleUrl>
    <Point><coordinates>-121.416000,47.424000,0</coordinates></Point>
    <ExtendedData xmlns:mwm="https://omaps.app">
      <Data name="spot"><value>us-the-summit-bike-park-snoqualmie</value></Data>
      <Data name="tags"><value>beginner expert bikepark</value></Data>
      <Data name="open_from"><value>06-01</value></Data>
      <Data name="closed_from"><value>10-01</value></Data>
      <mwm:icon>Transport</mwm:icon><mwm:visibility>1</mwm:visibility>
    </ExtendedData>
  </Placemark>
  <Placemark>
    <name>Snowshoe Bike Park [check operator]</name>
    <description><![CDATA[<b>Snowshoe Bike Park - Snowshoe, WV</b><br/><br/><b>Trails</b><br/>24 miles of maintained downhill and gravity trails with purpose-built descending terrain. Check the current trail map for grades, closures and bike requirements.<br/><br/><b>Getting up / price</b><br/>2 chairlifts. Day-ticket pricing varies by date; check the operator before travel.<br/><br/><b>Open season</b><br/>May - October (directory indication; weather and maintenance can shorten the season).<br/>Daily opening hours: 09:00-17:00<br/><small>Typical operating-day estimate; verify the operator calendar and hours.</small><br/><br/><b>Access</b><table class="access"><tr><th>From</th><th>Transport</th><th>Duration</th></tr><tr><td>Snowshoe</td><td>Car</td><td>Local</td></tr></table><br/><i>Sources: <a href="https://www.snowshoemtn.com/things-to-do/activities/snowshoe-bike-park">operator information</a> and <a href="https://www.twowheeledwanderer.com/posts/mountain-bike-parks-united-states/">US downhill bike-park directory</a>. Prices, schedules, trail status and access can change; verify before travel.</i>]]></description>
    <styleUrl>#placemark-blue</styleUrl>
    <Point><coordinates>-79.996442,38.412824,0</coordinates></Point>
    <ExtendedData xmlns:mwm="https://omaps.app">
      <Data name="spot"><value>us-snowshoe-bike-park</value></Data>
      <Data name="tags"><value>beginner expert bikepark</value></Data>
      <Data name="open_from"><value>05-01</value></Data>
      <Data name="closed_from"><value>11-01</value></Data>
      <mwm:icon>Transport</mwm:icon><mwm:visibility>1</mwm:visibility>
    </ExtendedData>
  </Placemark>
  <Placemark>
    <name>Grand Targhee Bike Park [check operator]</name>
    <description><![CDATA[<b>Grand Targhee Bike Park - Alta, WY</b><br/><br/><b>Trails</b><br/>70+ miles including cross-country singletrack of maintained downhill and gravity trails with purpose-built descending terrain. Check the current trail map for grades, closures and bike requirements.<br/><br/><b>Getting up / price</b><br/>2 chairlifts. Day-ticket pricing varies by date; check the operator before travel.<br/><br/><b>Open season</b><br/>June - September (directory indication; weather and maintenance can shorten the season).<br/>Daily opening hours: 09:00-17:00<br/><small>Typical operating-day estimate; verify the operator calendar and hours.</small><br/><br/><b>Access</b><table class="access"><tr><th>From</th><th>Transport</th><th>Duration</th></tr><tr><td>Alta</td><td>Car</td><td>Local</td></tr></table><br/><i>Sources: <a href="https://www.grandtarghee.com/activities-events/activity-finder/bike-park">operator information</a> and <a href="https://www.twowheeledwanderer.com/posts/mountain-bike-parks-united-states/">US downhill bike-park directory</a>. Prices, schedules, trail status and access can change; verify before travel.</i>]]></description>
    <styleUrl>#placemark-blue</styleUrl>
    <Point><coordinates>-110.949622,43.748309,0</coordinates></Point>
    <ExtendedData xmlns:mwm="https://omaps.app">
      <Data name="spot"><value>us-grand-targhee-bike-park</value></Data>
      <Data name="tags"><value>beginner expert bikepark</value></Data>
      <Data name="open_from"><value>06-01</value></Data>
      <Data name="closed_from"><value>10-01</value></Data>
      <mwm:icon>Transport</mwm:icon><mwm:visibility>1</mwm:visibility>
    </ExtendedData>
  </Placemark>
  <Placemark>
    <name>Jackson Hole Bike Park [check operator]</name>
    <description><![CDATA[<b>Jackson Hole Bike Park - Jackson Hole, WY</b><br/><br/><b>Trails</b><br/>47 miles including cross-country trails of maintained downhill and gravity trails with purpose-built descending terrain. Check the current trail map for grades, closures and bike requirements.<br/><br/><b>Getting up / price</b><br/>1 gondola &amp; 1 chairlift. Day-ticket pricing varies by date; check the operator before travel.<br/><br/><b>Open season</b><br/>June - September (directory indication; weather and maintenance can shorten the season).<br/>Daily opening hours: 09:00-17:00<br/><small>Typical operating-day estimate; verify the operator calendar and hours.</small><br/><br/><b>Access</b><table class="access"><tr><th>From</th><th>Transport</th><th>Duration</th></tr><tr><td>Jackson Hole</td><td>Car</td><td>Local</td></tr></table><br/><i>Sources: <a href="https://www.jacksonhole.com/bike-park.html">operator information</a> and <a href="https://www.twowheeledwanderer.com/posts/mountain-bike-parks-united-states/">US downhill bike-park directory</a>. Prices, schedules, trail status and access can change; verify before travel.</i>]]></description>
    <styleUrl>#placemark-blue</styleUrl>
    <Point><coordinates>-110.807142,43.469816,0</coordinates></Point>
    <ExtendedData xmlns:mwm="https://omaps.app">
      <Data name="spot"><value>us-jackson-hole-bike-park</value></Data>
      <Data name="tags"><value>beginner expert bikepark</value></Data>
      <Data name="open_from"><value>06-01</value></Data>
      <Data name="closed_from"><value>10-01</value></Data>
      <mwm:icon>Transport</mwm:icon><mwm:visibility>1</mwm:visibility>
    </ExtendedData>
  </Placemark>
  <Placemark>
    <name>Virgin Freeride / Red Bull Rampage Zone [no lift]</name>
    <description><![CDATA[<b>Virgin Freeride / Red Bull Rampage Zone - Virgin, UT</b><br/><br/><b>Trails</b><br/>Raw desert freeride terrain around the historic Red Bull Rampage venues: exposed ridgelines, steep chutes, drops and large hand-built features. Event lines cross fragile terrain and are not a public bike park; respect land status, closures and active event zones.<br/><br/><b>Getting up / price</b><br/>No lift; pedal access.<br/><br/><b>Open season</b><br/>Typical regional riding window; weather, snow, heat, fire restrictions and land-management closures override it.<br/><br/><b>Access</b><table class="access"><tr><th>From</th><th>Transport</th><th>Duration</th></tr><tr><td>Virgin</td><td>Car</td><td>Local</td></tr></table><br/><i>Source: <a href="https://www.redbull.com/us-en/events/red-bull-rampage/">land manager or destination information</a>. Trail status and access can change; verify before travel.</i>]]></description>
    <styleUrl>#placemark-brown</styleUrl>
    <Point><coordinates>-113.202000,37.208000,0</coordinates></Point>
    <ExtendedData xmlns:mwm="https://omaps.app">
      <Data name="spot"><value>us-virgin-freeride-red-bull-rampage-zone</value></Data><Data name="tags"><value>expert natural</value></Data>
      <Data name="open_from"><value>09-15</value></Data><Data name="closed_from"><value>05-16</value></Data>
      <mwm:icon>Mountain</mwm:icon><mwm:visibility>1</mwm:visibility>
    </ExtendedData>
  </Placemark>
  <Placemark>
    <name>Moab - The Whole Enchilada [commercial shuttle]</name>
    <description><![CDATA[<b>Moab - The Whole Enchilada - Moab, UT</b><br/><br/><b>Trails</b><br/>A landmark high-alpine-to-desert enduro descent linking Burro Pass, Hazard County, Kokopelli, UPS, LPS and Porcupine Rim. Snow and extreme heat make timing essential.<br/><br/><b>Getting up / price</b><br/>commercial shuttle; book and verify the current operator and price.<br/><br/><b>Open season</b><br/>Typical regional riding window; weather, snow, heat, fire restrictions and land-management closures override it.<br/><br/><b>Access</b><table class="access"><tr><th>From</th><th>Transport</th><th>Duration</th></tr><tr><td>Moab</td><td>Car</td><td>Local</td></tr></table><br/><i>Source: <a href="https://www.discovermoab.com/mountainbiking/">land manager or destination information</a>. Trail status and access can change; verify before travel.</i>]]></description>
    <styleUrl>#placemark-green</styleUrl>
    <Point><coordinates>-109.493000,38.573000,0</coordinates></Point>
    <ExtendedData xmlns:mwm="https://omaps.app">
      <Data name="spot"><value>us-moab---the-whole-enchilada</value></Data><Data name="tags"><value>expert natural</value></Data>
      <Data name="open_from"><value>05-01</value></Data><Data name="closed_from"><value>11-16</value></Data>
      <mwm:icon>Mountain</mwm:icon><mwm:visibility>1</mwm:visibility>
    </ExtendedData>
  </Placemark>
  <Placemark>
    <name>Sedona Trail Network [no lift]</name>
    <description><![CDATA[<b>Sedona Trail Network - Sedona, AZ</b><br/><br/><b>Trails</b><br/>World-class red-rock technical riding with ledges, slickrock, exposure and flow across networks including Hiline, Hangover, Broken Arrow and West Sedona.<br/><br/><b>Getting up / price</b><br/>No lift; pedal access.<br/><br/><b>Open season</b><br/>Typical regional riding window; weather, snow, heat, fire restrictions and land-management closures override it.<br/><br/><b>Access</b><table class="access"><tr><th>From</th><th>Transport</th><th>Duration</th></tr><tr><td>Sedona</td><td>Car</td><td>Local</td></tr></table><br/><i>Source: <a href="https://www.fs.usda.gov/recarea/coconino/recarea/?recid=54892">land manager or destination information</a>. Trail status and access can change; verify before travel.</i>]]></description>
    <styleUrl>#placemark-brown</styleUrl>
    <Point><coordinates>-111.761000,34.866000,0</coordinates></Point>
    <ExtendedData xmlns:mwm="https://omaps.app">
      <Data name="spot"><value>us-sedona-trail-network</value></Data><Data name="tags"><value>beginner expert natural</value></Data>
      <Data name="open_from"><value>01-01</value></Data><Data name="closed_from"><value>01-01</value></Data>
      <mwm:icon>Mountain</mwm:icon><mwm:visibility>1</mwm:visibility>
    </ExtendedData>
  </Placemark>
  <Placemark>
    <name>Pisgah National Forest [no lift]</name>
    <description><![CDATA[<b>Pisgah National Forest - Brevard, NC</b><br/><br/><b>Trails</b><br/>Long, raw Appalachian descents with roots, rock, creek crossings and major climbing around Pisgah Ranger District classics such as Black Mountain and Avery Creek.<br/><br/><b>Getting up / price</b><br/>No lift; pedal access.<br/><br/><b>Open season</b><br/>Typical regional riding window; weather, snow, heat, fire restrictions and land-management closures override it.<br/><br/><b>Access</b><table class="access"><tr><th>From</th><th>Transport</th><th>Duration</th></tr><tr><td>Brevard</td><td>Car</td><td>Local</td></tr></table><br/><i>Source: <a href="https://www.fs.usda.gov/r08/northcarolina/recreation/pisgah-national-forest">land manager or destination information</a>. Trail status and access can change; verify before travel.</i>]]></description>
    <styleUrl>#placemark-brown</styleUrl>
    <Point><coordinates>-82.728000,35.284000,0</coordinates></Point>
    <ExtendedData xmlns:mwm="https://omaps.app">
      <Data name="spot"><value>us-pisgah-national-forest</value></Data><Data name="tags"><value>expert natural</value></Data>
      <Data name="open_from"><value>03-01</value></Data><Data name="closed_from"><value>12-16</value></Data>
      <mwm:icon>Mountain</mwm:icon><mwm:visibility>1</mwm:visibility>
    </ExtendedData>
  </Placemark>
  <Placemark>
    <name>DuPont State Recreational Forest [no lift]</name>
    <description><![CDATA[<b>DuPont State Recreational Forest - Brevard, NC</b><br/><br/><b>Trails</b><br/>A dense signed network mixing fast forest singletrack, granite slabs, waterfalls and approachable loops. Shared-use rules and wet-weather closures apply.<br/><br/><b>Getting up / price</b><br/>No lift; pedal access.<br/><br/><b>Open season</b><br/>Typical regional riding window; weather, snow, heat, fire restrictions and land-management closures override it.<br/><br/><b>Access</b><table class="access"><tr><th>From</th><th>Transport</th><th>Duration</th></tr><tr><td>Brevard</td><td>Car</td><td>Local</td></tr></table><br/><i>Source: <a href="https://www.dupontstaterecreationalforest.com/mountain-biking">land manager or destination information</a>. Trail status and access can change; verify before travel.</i>]]></description>
    <styleUrl>#placemark-brown</styleUrl>
    <Point><coordinates>-82.621000,35.200000,0</coordinates></Point>
    <ExtendedData xmlns:mwm="https://omaps.app">
      <Data name="spot"><value>us-dupont-state-recreational-forest</value></Data><Data name="tags"><value>beginner expert natural</value></Data>
      <Data name="open_from"><value>01-01</value></Data><Data name="closed_from"><value>01-01</value></Data>
      <mwm:icon>Mountain</mwm:icon><mwm:visibility>1</mwm:visibility>
    </ExtendedData>
  </Placemark>
  <Placemark>
    <name>Galbraith Mountain [no lift]</name>
    <description><![CDATA[<b>Galbraith Mountain - Bellingham, WA</b><br/><br/><b>Trails</b><br/>A nationally known community-built network with more than 60 miles of climbing trails, flow lines, jumps and steep technical descents.<br/><br/><b>Getting up / price</b><br/>No lift; pedal access.<br/><br/><b>Open season</b><br/>Typical regional riding window; weather, snow, heat, fire restrictions and land-management closures override it.<br/><br/><b>Access</b><table class="access"><tr><th>From</th><th>Transport</th><th>Duration</th></tr><tr><td>Bellingham</td><td>Car</td><td>Local</td></tr></table><br/><i>Source: <a href="https://www.wmbcmtb.org/galbraith">land manager or destination information</a>. Trail status and access can change; verify before travel.</i>]]></description>
    <styleUrl>#placemark-brown</styleUrl>
    <Point><coordinates>-122.426000,48.702000,0</coordinates></Point>
    <ExtendedData xmlns:mwm="https://omaps.app">
      <Data name="spot"><value>us-galbraith-mountain</value></Data><Data name="tags"><value>beginner expert natural</value></Data>
      <Data name="open_from"><value>01-01</value></Data><Data name="closed_from"><value>01-01</value></Data>
      <mwm:icon>Mountain</mwm:icon><mwm:visibility>1</mwm:visibility>
    </ExtendedData>
  </Placemark>
  <Placemark>
    <name>Downieville Downhill [commercial shuttle]</name>
    <description><![CDATA[<b>Downieville Downhill - Downieville, CA</b><br/><br/><b>Trails</b><br/>A classic Sierra shuttle descent from Packer Saddle, combining Sunrise, Butcher Ranch and lower river trails into a long, rough and fast backcountry run.<br/><br/><b>Getting up / price</b><br/>commercial shuttle; book and verify the current operator and price.<br/><br/><b>Open season</b><br/>Typical regional riding window; weather, snow, heat, fire restrictions and land-management closures override it.<br/><br/><b>Access</b><table class="access"><tr><th>From</th><th>Transport</th><th>Duration</th></tr><tr><td>Downieville</td><td>Car</td><td>Local</td></tr></table><br/><i>Source: <a href="https://downievilleclassic.com/trails/">land manager or destination information</a>. Trail status and access can change; verify before travel.</i>]]></description>
    <styleUrl>#placemark-green</styleUrl>
    <Point><coordinates>-120.828000,39.560000,0</coordinates></Point>
    <ExtendedData xmlns:mwm="https://omaps.app">
      <Data name="spot"><value>us-downieville-downhill</value></Data><Data name="tags"><value>expert natural</value></Data>
      <Data name="open_from"><value>06-01</value></Data><Data name="closed_from"><value>11-01</value></Data>
      <mwm:icon>Mountain</mwm:icon><mwm:visibility>1</mwm:visibility>
    </ExtendedData>
  </Placemark>
  <Placemark>
    <name>Oakridge Alpine Trail Network [commercial shuttle]</name>
    <description><![CDATA[<b>Oakridge Alpine Trail Network - Oakridge, OR</b><br/><br/><b>Trails</b><br/>Deep-forest Cascade riding with long shuttle or pedal-accessed descents, loam, roots and substantial backcountry mileage around Alpine, Lawler and Dead Mountain.<br/><br/><b>Getting up / price</b><br/>commercial shuttle; book and verify the current operator and price.<br/><br/><b>Open season</b><br/>Typical regional riding window; weather, snow, heat, fire restrictions and land-management closures override it.<br/><br/><b>Access</b><table class="access"><tr><th>From</th><th>Transport</th><th>Duration</th></tr><tr><td>Oakridge</td><td>Car</td><td>Local</td></tr></table><br/><i>Source: <a href="https://www.mtbproject.com/directory/8011238/oakridge">land manager or destination information</a>. Trail status and access can change; verify before travel.</i>]]></description>
    <styleUrl>#placemark-green</styleUrl>
    <Point><coordinates>-122.460000,43.746000,0</coordinates></Point>
    <ExtendedData xmlns:mwm="https://omaps.app">
      <Data name="spot"><value>us-oakridge-alpine-trail-network</value></Data><Data name="tags"><value>expert natural</value></Data>
      <Data name="open_from"><value>05-01</value></Data><Data name="closed_from"><value>11-16</value></Data>
      <mwm:icon>Mountain</mwm:icon><mwm:visibility>1</mwm:visibility>
    </ExtendedData>
  </Placemark>
  <Placemark>
    <name>Copper Harbor Trails [commercial shuttle]</name>
    <description><![CDATA[<b>Copper Harbor Trails - Copper Harbor, MI</b><br/><br/><b>Trails</b><br/>Lake Superior ridge riding with rock slabs, roots, wooden features, flow trails and shuttle-served descents across an IMBA-designated trail system.<br/><br/><b>Getting up / price</b><br/>commercial shuttle; book and verify the current operator and price.<br/><br/><b>Open season</b><br/>Typical regional riding window; weather, snow, heat, fire restrictions and land-management closures override it.<br/><br/><b>Access</b><table class="access"><tr><th>From</th><th>Transport</th><th>Duration</th></tr><tr><td>Copper Harbor</td><td>Car</td><td>Local</td></tr></table><br/><i>Source: <a href="https://copperharbortrails.org/">land manager or destination information</a>. Trail status and access can change; verify before travel.</i>]]></description>
    <styleUrl>#placemark-green</styleUrl>
    <Point><coordinates>-87.890000,47.468000,0</coordinates></Point>
    <ExtendedData xmlns:mwm="https://omaps.app">
      <Data name="spot"><value>us-copper-harbor-trails</value></Data><Data name="tags"><value>beginner expert natural</value></Data>
      <Data name="open_from"><value>05-15</value></Data><Data name="closed_from"><value>11-01</value></Data>
      <mwm:icon>Mountain</mwm:icon><mwm:visibility>1</mwm:visibility>
    </ExtendedData>
  </Placemark>
  <Placemark>
    <name>Kingdom Trails [no lift]</name>
    <description><![CDATA[<b>Kingdom Trails - East Burke, VT</b><br/><br/><b>Trails</b><br/>A large member-supported network of wooded singletrack and flow trails around East Burke. Access depends on private-land permissions and current trail status.<br/><br/><b>Getting up / price</b><br/>No lift; pedal access.<br/><br/><b>Open season</b><br/>Typical regional riding window; weather, snow, heat, fire restrictions and land-management closures override it.<br/><br/><b>Access</b><table class="access"><tr><th>From</th><th>Transport</th><th>Duration</th></tr><tr><td>East Burke</td><td>Car</td><td>Local</td></tr></table><br/><i>Source: <a href="https://www.kingdomtrails.org/">land manager or destination information</a>. Trail status and access can change; verify before travel.</i>]]></description>
    <styleUrl>#placemark-brown</styleUrl>
    <Point><coordinates>-71.940000,44.589000,0</coordinates></Point>
    <ExtendedData xmlns:mwm="https://omaps.app">
      <Data name="spot"><value>us-kingdom-trails</value></Data><Data name="tags"><value>beginner expert natural</value></Data>
      <Data name="open_from"><value>05-01</value></Data><Data name="closed_from"><value>11-16</value></Data>
      <mwm:icon>Mountain</mwm:icon><mwm:visibility>1</mwm:visibility>
    </ExtendedData>
  </Placemark>
  <Placemark>
    <name>Tiger Mountain MTB [no lift]</name>
    <description><![CDATA[<b>Tiger Mountain MTB - Issaquah, WA</b><br/><br/><b>Trails</b><br/>Steep, wet-weather Pacific Northwest enduro riding with purpose-built descents such as Predator and East Tiger Summit trails. Shared access and seasonal work can affect routes.<br/><br/><b>Getting up / price</b><br/>No lift; pedal access.<br/><br/><b>Open season</b><br/>Typical regional riding window; weather, snow, heat, fire restrictions and land-management closures override it.<br/><br/><b>Access</b><table class="access"><tr><th>From</th><th>Transport</th><th>Duration</th></tr><tr><td>Issaquah</td><td>Car</td><td>Local</td></tr></table><br/><i>Source: <a href="https://www.evergreenmtb.org/trails/tiger-mountain">land manager or destination information</a>. Trail status and access can change; verify before travel.</i>]]></description>
    <styleUrl>#placemark-brown</styleUrl>
    <Point><coordinates>-121.995000,47.499000,0</coordinates></Point>
    <ExtendedData xmlns:mwm="https://omaps.app">
      <Data name="spot"><value>us-tiger-mountain-mtb</value></Data><Data name="tags"><value>expert natural</value></Data>
      <Data name="open_from"><value>04-01</value></Data><Data name="closed_from"><value>12-16</value></Data>
      <mwm:icon>Mountain</mwm:icon><mwm:visibility>1</mwm:visibility>
    </ExtendedData>
  </Placemark>
  <Placemark>
    <name>Soquel Demonstration State Forest [no lift]</name>
    <description><![CDATA[<b>Soquel Demonstration State Forest - Santa Cruz, CA</b><br/><br/><b>Trails</b><br/>Redwood-forest climbing and technical descending on official roads and trails, with steep grades, roots and jumps. Respect forest closures and only ride designated legal routes.<br/><br/><b>Getting up / price</b><br/>No lift; pedal access.<br/><br/><b>Open season</b><br/>Typical regional riding window; weather, snow, heat, fire restrictions and land-management closures override it.<br/><br/><b>Access</b><table class="access"><tr><th>From</th><th>Transport</th><th>Duration</th></tr><tr><td>Santa Cruz</td><td>Car</td><td>Local</td></tr></table><br/><i>Source: <a href="https://www.fire.ca.gov/what-we-do/natural-resource-management/demonstration-state-forests/soquel-demonstration-state-forest">land manager or destination information</a>. Trail status and access can change; verify before travel.</i>]]></description>
    <styleUrl>#placemark-brown</styleUrl>
    <Point><coordinates>-121.842000,37.083000,0</coordinates></Point>
    <ExtendedData xmlns:mwm="https://omaps.app">
      <Data name="spot"><value>us-soquel-demonstration-state-forest</value></Data><Data name="tags"><value>expert natural</value></Data>
      <Data name="open_from"><value>01-01</value></Data><Data name="closed_from"><value>01-01</value></Data>
      <mwm:icon>Mountain</mwm:icon><mwm:visibility>1</mwm:visibility>
    </ExtendedData>
  </Placemark>
  <Placemark>
    <name>Lunch Loops [no lift]</name>
    <description><![CDATA[<b>Lunch Loops - Grand Junction, CO</b><br/><br/><b>Trails</b><br/>Technical high-desert singletrack close to town, known for rock ledges, drops, steep lines and demanding classics such as Free Lunch and The Ribbon.<br/><br/><b>Getting up / price</b><br/>No lift; pedal access.<br/><br/><b>Open season</b><br/>Typical regional riding window; weather, snow, heat, fire restrictions and land-management closures override it.<br/><br/><b>Access</b><table class="access"><tr><th>From</th><th>Transport</th><th>Duration</th></tr><tr><td>Grand Junction</td><td>Car</td><td>Local</td></tr></table><br/><i>Source: <a href="https://www.blm.gov/visit/lunch-loops-trail-system">land manager or destination information</a>. Trail status and access can change; verify before travel.</i>]]></description>
    <styleUrl>#placemark-brown</styleUrl>
    <Point><coordinates>-108.619000,39.038000,0</coordinates></Point>
    <ExtendedData xmlns:mwm="https://omaps.app">
      <Data name="spot"><value>us-lunch-loops</value></Data><Data name="tags"><value>expert natural</value></Data>
      <Data name="open_from"><value>03-01</value></Data><Data name="closed_from"><value>12-01</value></Data>
      <mwm:icon>Mountain</mwm:icon><mwm:visibility>1</mwm:visibility>
    </ExtendedData>
  </Placemark>
  <Placemark>
    <name>Monarch Crest Trail [commercial shuttle]</name>
    <description><![CDATA[<b>Monarch Crest Trail - Salida, CO</b><br/><br/><b>Trails</b><br/>High-altitude backcountry riding above treeline followed by long forest descents. Weather exposure, altitude and remote terrain demand preparation.<br/><br/><b>Getting up / price</b><br/>commercial shuttle; book and verify the current operator and price.<br/><br/><b>Open season</b><br/>Typical regional riding window; weather, snow, heat, fire restrictions and land-management closures override it.<br/><br/><b>Access</b><table class="access"><tr><th>From</th><th>Transport</th><th>Duration</th></tr><tr><td>Salida</td><td>Car</td><td>Local</td></tr></table><br/><i>Source: <a href="https://www.fs.usda.gov/recarea/psicc/recarea/?recid=12613">land manager or destination information</a>. Trail status and access can change; verify before travel.</i>]]></description>
    <styleUrl>#placemark-green</styleUrl>
    <Point><coordinates>-106.325000,38.497000,0</coordinates></Point>
    <ExtendedData xmlns:mwm="https://omaps.app">
      <Data name="spot"><value>us-monarch-crest-trail</value></Data><Data name="tags"><value>expert natural</value></Data>
      <Data name="open_from"><value>07-01</value></Data><Data name="closed_from"><value>10-16</value></Data>
      <mwm:icon>Mountain</mwm:icon><mwm:visibility>1</mwm:visibility>
    </ExtendedData>
  </Placemark>
  <Placemark>
    <name>Bentonville and Bella Vista Trails [no lift]</name>
    <description><![CDATA[<b>Bentonville and Bella Vista Trails - Bentonville, AR</b><br/><br/><b>Trails</b><br/>A major urban and forest trail destination with extensive purpose-built singletrack, jump lines, technical rock features and all-level progression across multiple connected networks.<br/><br/><b>Getting up / price</b><br/>No lift; pedal access.<br/><br/><b>Open season</b><br/>Typical regional riding window; weather, snow, heat, fire restrictions and land-management closures override it.<br/><br/><b>Access</b><table class="access"><tr><th>From</th><th>Transport</th><th>Duration</th></tr><tr><td>Bentonville</td><td>Car</td><td>Local</td></tr></table><br/><i>Source: <a href="https://www.oztrails.com/">land manager or destination information</a>. Trail status and access can change; verify before travel.</i>]]></description>
    <styleUrl>#placemark-brown</styleUrl>
    <Point><coordinates>-94.209000,36.372000,0</coordinates></Point>
    <ExtendedData xmlns:mwm="https://omaps.app">
      <Data name="spot"><value>us-bentonville-and-bella-vista-trails</value></Data><Data name="tags"><value>beginner expert natural</value></Data>
      <Data name="open_from"><value>01-01</value></Data><Data name="closed_from"><value>01-01</value></Data>
      <mwm:icon>Mountain</mwm:icon><mwm:visibility>1</mwm:visibility>
    </ExtendedData>
  </Placemark>
</Document>
</kml>
